# AST to TTIR mapping - _ttgir_remaining
# Generated: 2026-06-02 12:39:50.499789

## 详细日志
[visit_enter] AST=Module line=0 MLIR_ops=['set_loc', 'set_loc']
[visit_enter] AST=FunctionDef line=1 MLIR_ops=['set_loc']
[visit_enter] AST=arguments line=0 MLIR_ops=['set_loc', 'set_loc', 'set_loc', 'set_loc', 'set_loc', 'set_loc', 'set_loc', 'set_loc']
[visit_enter] AST=arg line=1 MLIR_ops=[]
[visit_enter] AST=arg line=1 MLIR_ops=[]
[visit_enter] AST=arg line=1 MLIR_ops=[]
[visit_enter] AST=arg line=1 MLIR_ops=[]
[visit_enter] AST=list line=0 MLIR_ops=['set_loc', 'set_loc', 'set_loc', 'set_loc', 'set_loc', 'set_loc', 'set_loc', 'set_loc', 'set_loc', 'set_loc', 'set_loc', 'set_loc', 'set_loc', 'set_loc']
[visit_enter] AST=Assign line=2 MLIR_ops=['set_loc', 'set_loc', 'set_loc', 'set_loc']
[visit_enter] AST=Call line=2 MLIR_ops=['set_loc', 'set_loc', 'set_loc', 'set_loc', 'get.program.id']
[visit_enter] AST=Attribute line=2 MLIR_ops=['set_loc', 'set_loc']
[visit_enter] AST=Name line=2 MLIR_ops=[]
[visit_enter] AST=Constant line=2 MLIR_ops=[]
[visit_enter] AST=Name line=2 MLIR_ops=[]
[visit_enter] AST=Assign line=2 MLIR_ops=['set_loc', 'set_loc', 'set_loc', 'set_loc']
[visit_enter] AST=BinOp line=2 MLIR_ops=['set_loc', 'set_loc', 'set_loc', 'set_loc', 'splat', 'int.cast', 'int.cast', 'add', 'splat', 'icmpSLE', 'splat', 'icmpSGE', 'and', 'add']
[visit_enter] AST=BinOp line=2 MLIR_ops=['set_loc', 'set_loc', 'set_loc', 'set_loc', 'int.cast', 'int.cast', 'mul', 'icmpSLE', 'icmpSGE', 'and', 'mul']
[visit_enter] AST=Name line=2 MLIR_ops=[]
[visit_enter] AST=Constant line=2 MLIR_ops=[]
[visit_enter] AST=Call line=2 MLIR_ops=['set_loc', 'set_loc', 'set_loc', 'set_loc', 'set_loc', 'set_loc', 'make.range']
[visit_enter] AST=Attribute line=2 MLIR_ops=['set_loc', 'set_loc']
[visit_enter] AST=Name line=2 MLIR_ops=[]
[visit_enter] AST=Constant line=2 MLIR_ops=[]
[visit_enter] AST=Constant line=2 MLIR_ops=[]
[visit_enter] AST=Name line=2 MLIR_ops=[]
[visit_enter] AST=Assign line=3 MLIR_ops=['set_loc', 'set_loc', 'set_loc', 'set_loc']
[visit_enter] AST=Call line=3 MLIR_ops=['set_loc', 'set_loc', 'set_loc', 'set_loc', 'load']
[visit_enter] AST=Attribute line=3 MLIR_ops=['set_loc', 'set_loc']
[visit_enter] AST=Name line=3 MLIR_ops=[]
[visit_enter] AST=BinOp line=3 MLIR_ops=['set_loc', 'set_loc', 'set_loc', 'set_loc', 'splat', 'addptr']
[visit_enter] AST=Name line=3 MLIR_ops=[]
[visit_enter] AST=Name line=3 MLIR_ops=[]
[visit_enter] AST=Name line=3 MLIR_ops=[]
[visit_enter] AST=Assign line=3 MLIR_ops=['set_loc', 'set_loc', 'set_loc', 'set_loc']
[visit_enter] AST=Call line=3 MLIR_ops=['set_loc', 'set_loc', 'set_loc', 'set_loc', 'load']
[visit_enter] AST=Attribute line=3 MLIR_ops=['set_loc', 'set_loc']
[visit_enter] AST=Name line=3 MLIR_ops=[]
[visit_enter] AST=BinOp line=3 MLIR_ops=['set_loc', 'set_loc', 'set_loc', 'set_loc', 'splat', 'addptr']
[visit_enter] AST=Name line=3 MLIR_ops=[]
[visit_enter] AST=Name line=3 MLIR_ops=[]
[visit_enter] AST=Name line=3 MLIR_ops=[]
[visit_enter] AST=Assign line=3 MLIR_ops=['set_loc', 'set_loc', 'set_loc', 'set_loc']
[visit_enter] AST=Call line=3 MLIR_ops=['set_loc', 'set_loc', 'set_loc', 'set_loc', 'load']
[visit_enter] AST=Attribute line=3 MLIR_ops=['set_loc', 'set_loc']
[visit_enter] AST=Name line=3 MLIR_ops=[]
[visit_enter] AST=BinOp line=3 MLIR_ops=['set_loc', 'set_loc', 'set_loc', 'set_loc', 'splat', 'addptr']
[visit_enter] AST=Name line=3 MLIR_ops=[]
[visit_enter] AST=Name line=3 MLIR_ops=[]
[visit_enter] AST=Name line=3 MLIR_ops=[]
[visit_enter] AST=Assign line=4 MLIR_ops=['set_loc', 'set_loc', 'set_loc', 'set_loc']
[visit_enter] AST=BinOp line=4 MLIR_ops=['set_loc', 'set_loc', 'set_loc', 'set_loc', 'fadd']
[visit_enter] AST=BinOp line=4 MLIR_ops=['set_loc', 'set_loc', 'set_loc', 'set_loc', 'fmul']
[visit_enter] AST=Name line=4 MLIR_ops=[]
[visit_enter] AST=Name line=4 MLIR_ops=[]
[visit_enter] AST=Name line=4 MLIR_ops=[]
[visit_enter] AST=Name line=4 MLIR_ops=[]
[visit_enter] AST=Expr line=5 MLIR_ops=['set_loc', 'set_loc']
[visit_enter] AST=Call line=5 MLIR_ops=['set_loc', 'set_loc', 'set_loc', 'set_loc', 'set_loc', 'set_loc', 'store']
[visit_enter] AST=Attribute line=5 MLIR_ops=['set_loc', 'set_loc']
[visit_enter] AST=Name line=5 MLIR_ops=[]
[visit_enter] AST=BinOp line=5 MLIR_ops=['set_loc', 'set_loc', 'set_loc', 'set_loc', 'splat', 'addptr']
[visit_enter] AST=Name line=5 MLIR_ops=[]
[visit_enter] AST=Name line=5 MLIR_ops=[]
[visit_enter] AST=Name line=5 MLIR_ops=[]
[visit_enter] AST=Module line=0 MLIR_ops=['set_loc']
[visit_enter] AST=FunctionDef line=1 MLIR_ops=['set_loc']
[visit_enter] AST=arguments line=0 MLIR_ops=['set_loc', 'set_loc', 'set_loc', 'set_loc']
[visit_enter] AST=arg line=1 MLIR_ops=[]
[visit_enter] AST=arg line=1 MLIR_ops=[]
[visit_enter] AST=list line=0 MLIR_ops=['set_loc', 'set_loc', 'set_loc', 'set_loc', 'set_loc', 'set_loc', 'set_loc', 'set_loc', 'set_loc']
[visit_enter] AST=Assign line=2 MLIR_ops=['set_loc', 'set_loc', 'set_loc', 'set_loc']
[visit_enter] AST=Call line=2 MLIR_ops=['set_loc', 'set_loc', 'set_loc', 'set_loc', 'get.program.id']
[visit_enter] AST=Attribute line=2 MLIR_ops=['set_loc', 'set_loc']
[visit_enter] AST=Name line=2 MLIR_ops=[]
[visit_enter] AST=Constant line=2 MLIR_ops=[]
[visit_enter] AST=Name line=2 MLIR_ops=[]
[visit_enter] AST=Assign line=2 MLIR_ops=['set_loc', 'set_loc', 'set_loc', 'set_loc']
[visit_enter] AST=BinOp line=2 MLIR_ops=['set_loc', 'set_loc', 'set_loc', 'set_loc', 'splat', 'int.cast', 'int.cast', 'add', 'splat', 'icmpSLE', 'splat', 'icmpSGE', 'and', 'add']
[visit_enter] AST=BinOp line=2 MLIR_ops=['set_loc', 'set_loc', 'set_loc', 'set_loc', 'int.cast', 'int.cast', 'mul', 'icmpSLE', 'icmpSGE', 'and', 'mul']
[visit_enter] AST=Name line=2 MLIR_ops=[]
[visit_enter] AST=Constant line=2 MLIR_ops=[]
[visit_enter] AST=Call line=2 MLIR_ops=['set_loc', 'set_loc', 'set_loc', 'set_loc', 'set_loc', 'set_loc', 'make.range']
[visit_enter] AST=Attribute line=2 MLIR_ops=['set_loc', 'set_loc']
[visit_enter] AST=Name line=2 MLIR_ops=[]
[visit_enter] AST=Constant line=2 MLIR_ops=[]
[visit_enter] AST=Constant line=2 MLIR_ops=[]
[visit_enter] AST=Name line=2 MLIR_ops=[]
[visit_enter] AST=Assign line=3 MLIR_ops=['set_loc', 'set_loc', 'set_loc', 'set_loc']
[visit_enter] AST=Call line=3 MLIR_ops=['set_loc', 'set_loc', 'set_loc', 'set_loc', 'load']
[visit_enter] AST=Attribute line=3 MLIR_ops=['set_loc', 'set_loc']
[visit_enter] AST=Name line=3 MLIR_ops=[]
[visit_enter] AST=BinOp line=3 MLIR_ops=['set_loc', 'set_loc', 'set_loc', 'set_loc', 'splat', 'addptr']
[visit_enter] AST=Name line=3 MLIR_ops=[]
[visit_enter] AST=Name line=3 MLIR_ops=[]
[visit_enter] AST=Name line=3 MLIR_ops=[]
[visit_enter] AST=Assign line=4 MLIR_ops=['set_loc', 'set_loc', 'set_loc', 'set_loc']
[visit_enter] AST=BinOp line=4 MLIR_ops=['set_loc', 'set_loc', 'set_loc', 'set_loc', 'splat', 'fmul']
[visit_enter] AST=Subscript line=4 MLIR_ops=[]
[visit_enter] AST=Subscript line=4 MLIR_ops=['set_loc', 'set_loc', 'set_loc', 'set_loc', 'expand.dims']
[visit_enter] AST=Name line=4 MLIR_ops=[]
[visit_enter] AST=Tuple line=4 MLIR_ops=['set_loc', 'set_loc', 'set_loc', 'set_loc']
[visit_enter] AST=Slice line=4 MLIR_ops=[]
[visit_enter] AST=Constant line=4 MLIR_ops=[]
[visit_enter] AST=Constant line=4 MLIR_ops=[]
[visit_enter] AST=Name line=4 MLIR_ops=[]
[visit_enter] AST=Expr line=5 MLIR_ops=['set_loc']
[visit_enter] AST=Call line=5 MLIR_ops=['set_loc', 'set_loc', 'set_loc', 'set_loc', 'set_loc', 'set_loc', 'expand.dims', 'broadcast', 'broadcast']
[visit_enter] AST=Attribute line=5 MLIR_ops=['set_loc', 'set_loc']
[visit_enter] AST=Name line=5 MLIR_ops=[]
[visit_enter] AST=BinOp line=5 MLIR_ops=['set_loc', 'set_loc', 'set_loc', 'set_loc', 'splat', 'addptr']
[visit_enter] AST=BinOp line=5 MLIR_ops=['set_loc', 'set_loc', 'set_loc', 'set_loc', 'addptr']
[visit_enter] AST=Name line=5 MLIR_ops=[]
[visit_enter] AST=BinOp line=5 MLIR_ops=['set_loc', 'set_loc', 'set_loc', 'set_loc', 'int.cast', 'int.cast', 'mul', 'icmpSLE', 'icmpSGE', 'and', 'mul']
[visit_enter] AST=Name line=5 MLIR_ops=[]
[visit_enter] AST=Constant line=5 MLIR_ops=[]
[visit_enter] AST=Call line=5 MLIR_ops=['set_loc', 'set_loc', 'set_loc', 'set_loc', 'set_loc', 'set_loc', 'make.range']
[visit_enter] AST=Attribute line=5 MLIR_ops=['set_loc', 'set_loc']
[visit_enter] AST=Name line=5 MLIR_ops=[]
[visit_enter] AST=Constant line=5 MLIR_ops=[]
[visit_enter] AST=Constant line=5 MLIR_ops=[]
[visit_enter] AST=Name line=5 MLIR_ops=[]
[visit_enter] AST=Module line=0 MLIR_ops=['set_loc', 'set_loc']
[visit_enter] AST=FunctionDef line=1 MLIR_ops=['set_loc']
[visit_enter] AST=arguments line=0 MLIR_ops=['set_loc', 'set_loc', 'set_loc', 'set_loc']
[visit_enter] AST=arg line=1 MLIR_ops=[]
[visit_enter] AST=arg line=1 MLIR_ops=[]
[visit_enter] AST=list line=0 MLIR_ops=['set_loc', 'set_loc', 'set_loc', 'set_loc', 'set_loc', 'set_loc', 'set_loc', 'set_loc', 'set_loc', 'set_loc']
[visit_enter] AST=Assign line=2 MLIR_ops=['set_loc', 'set_loc', 'set_loc', 'set_loc']
[visit_enter] AST=Call line=2 MLIR_ops=['set_loc', 'set_loc', 'set_loc', 'set_loc', 'get.program.id']
[visit_enter] AST=Attribute line=2 MLIR_ops=['set_loc', 'set_loc']
[visit_enter] AST=Name line=2 MLIR_ops=[]
[visit_enter] AST=Constant line=2 MLIR_ops=[]
[visit_enter] AST=Name line=2 MLIR_ops=[]
[visit_enter] AST=Assign line=2 MLIR_ops=['set_loc', 'set_loc', 'set_loc', 'set_loc']
[visit_enter] AST=BinOp line=2 MLIR_ops=['set_loc', 'set_loc', 'set_loc', 'set_loc', 'splat', 'int.cast', 'int.cast', 'add', 'splat', 'icmpSLE', 'splat', 'icmpSGE', 'and', 'add']
[visit_enter] AST=BinOp line=2 MLIR_ops=['set_loc', 'set_loc', 'set_loc', 'set_loc', 'int.cast', 'int.cast', 'mul', 'icmpSLE', 'icmpSGE', 'and', 'mul']
[visit_enter] AST=Name line=2 MLIR_ops=[]
[visit_enter] AST=Constant line=2 MLIR_ops=[]
[visit_enter] AST=Call line=2 MLIR_ops=['set_loc', 'set_loc', 'set_loc', 'set_loc', 'set_loc', 'set_loc', 'make.range']
[visit_enter] AST=Attribute line=2 MLIR_ops=['set_loc', 'set_loc']
[visit_enter] AST=Name line=2 MLIR_ops=[]
[visit_enter] AST=Constant line=2 MLIR_ops=[]
[visit_enter] AST=Constant line=2 MLIR_ops=[]
[visit_enter] AST=Name line=2 MLIR_ops=[]
[visit_enter] AST=Assign line=3 MLIR_ops=['set_loc', 'set_loc', 'set_loc', 'set_loc']
[visit_enter] AST=Call line=3 MLIR_ops=['set_loc', 'set_loc', 'set_loc', 'set_loc', 'load']
[visit_enter] AST=Attribute line=3 MLIR_ops=['set_loc', 'set_loc']
[visit_enter] AST=Name line=3 MLIR_ops=[]
[visit_enter] AST=BinOp line=3 MLIR_ops=['set_loc', 'set_loc', 'set_loc', 'set_loc', 'splat', 'addptr']
[visit_enter] AST=Name line=3 MLIR_ops=[]
[visit_enter] AST=Name line=3 MLIR_ops=[]
[visit_enter] AST=Name line=3 MLIR_ops=[]
[visit_enter] AST=Assign line=4 MLIR_ops=['set_loc', 'set_loc', 'set_loc', 'set_loc']
[visit_enter] AST=Call line=4 MLIR_ops=['set_loc', 'set_loc', 'set_loc', 'set_loc', 'set_loc', 'set_loc']
[visit_enter] AST=Attribute line=4 MLIR_ops=['set_loc', 'set_loc']
[visit_enter] AST=Name line=4 MLIR_ops=[]
[visit_enter] AST=keyword line=4 MLIR_ops=['set_loc', 'set_loc']
[visit_enter] AST=Constant line=4 MLIR_ops=[]
[visit_enter] AST=Name line=4 MLIR_ops=[]
[visit_enter] AST=Module line=0 MLIR_ops=[]
[visit_enter] AST=FunctionDef line=1 MLIR_ops=[]
[visit_enter] AST=arguments line=0 MLIR_ops=[]
[visit_enter] AST=arg line=1 MLIR_ops=[]
[visit_enter] AST=arg line=1 MLIR_ops=[]
[visit_enter] AST=arg line=1 MLIR_ops=[]
[visit_enter] AST=arg line=1 MLIR_ops=[]
[visit_enter] AST=Attribute line=1 MLIR_ops=[]
[visit_enter] AST=Name line=1 MLIR_ops=[]
[visit_enter] AST=AnnAssign line=0 MLIR_ops=[]
[visit_enter] AST=Attribute line=1 MLIR_ops=[]
[visit_enter] AST=Name line=1 MLIR_ops=[]
[visit_enter] AST=Name line=0 MLIR_ops=[]
[visit_enter] AST=Constant line=1 MLIR_ops=[]
[visit_enter] AST=Assign line=0 MLIR_ops=[]
[visit_enter] AST=Constant line=1 MLIR_ops=[]
[visit_enter] AST=Name line=0 MLIR_ops=[]
[visit_enter] AST=Assign line=0 MLIR_ops=[]
[visit_enter] AST=Constant line=1 MLIR_ops=[]
[visit_enter] AST=Name line=0 MLIR_ops=[]
[visit_enter] AST=list line=0 MLIR_ops=[]
[visit_enter] AST=Assign line=4 MLIR_ops=[]
[visit_enter] AST=Call line=4 MLIR_ops=[]
[visit_enter] AST=Attribute line=4 MLIR_ops=[]
[visit_enter] AST=Name line=4 MLIR_ops=[]
[visit_enter] AST=Name line=4 MLIR_ops=[]
[visit_enter] AST=Name line=4 MLIR_ops=[]
[visit_enter] AST=AnnAssign line=5 MLIR_ops=[]
[visit_enter] AST=Attribute line=5 MLIR_ops=[]
[visit_enter] AST=Name line=5 MLIR_ops=[]
[visit_enter] AST=Name line=5 MLIR_ops=[]
[visit_enter] AST=Call line=5 MLIR_ops=[]
[visit_enter] AST=Name line=5 MLIR_ops=[]
[visit_enter] AST=Attribute line=5 MLIR_ops=[]
[visit_enter] AST=Name line=5 MLIR_ops=[]
[visit_enter] AST=Name line=5 MLIR_ops=[]
[visit_enter] AST=If line=7 MLIR_ops=[]
[visit_enter] AST=Compare line=7 MLIR_ops=[]
[visit_enter] AST=Name line=7 MLIR_ops=[]
[visit_enter] AST=Constant line=7 MLIR_ops=[]
[visit_enter] AST=list line=0 MLIR_ops=[]
[visit_enter] AST=Return line=10 MLIR_ops=[]
[visit_enter] AST=Call line=10 MLIR_ops=[]
[visit_enter] AST=Attribute line=10 MLIR_ops=[]
[visit_enter] AST=Name line=10 MLIR_ops=[]
[visit_enter] AST=Name line=10 MLIR_ops=[]
[visit_enter] AST=Name line=10 MLIR_ops=[]
[visit_enter] AST=Name line=10 MLIR_ops=[]
[visit_enter] AST=Name line=10 MLIR_ops=[]
[visit_enter] AST=Module line=0 MLIR_ops=[]
[visit_enter] AST=FunctionDef line=1 MLIR_ops=[]
[visit_enter] AST=arguments line=0 MLIR_ops=[]
[visit_enter] AST=arg line=1 MLIR_ops=[]
[visit_enter] AST=arg line=1 MLIR_ops=[]
[visit_enter] AST=list line=0 MLIR_ops=[]
[visit_enter] AST=Return line=2 MLIR_ops=[]
[visit_enter] AST=BinOp line=2 MLIR_ops=[]
[visit_enter] AST=Name line=2 MLIR_ops=[]
[visit_enter] AST=Name line=2 MLIR_ops=[]
[visit_enter] AST=Name line=4 MLIR_ops=[]
[visit_enter] AST=Expr line=5 MLIR_ops=['set_loc', 'set_loc']
[visit_enter] AST=Call line=5 MLIR_ops=['set_loc', 'set_loc', 'set_loc', 'set_loc', 'set_loc', 'set_loc', 'store']
[visit_enter] AST=Attribute line=5 MLIR_ops=['set_loc', 'set_loc']
[visit_enter] AST=Name line=5 MLIR_ops=[]
[visit_enter] AST=BinOp line=5 MLIR_ops=['set_loc', 'set_loc', 'set_loc', 'set_loc', 'splat', 'addptr']
[visit_enter] AST=Name line=5 MLIR_ops=[]
[visit_enter] AST=Name line=5 MLIR_ops=[]
[visit_enter] AST=Name line=5 MLIR_ops=[]
[visit_enter] AST=Module line=0 MLIR_ops=['set_loc', 'set_loc']
[visit_enter] AST=FunctionDef line=1 MLIR_ops=['set_loc']
[visit_enter] AST=arguments line=0 MLIR_ops=['set_loc', 'set_loc', 'set_loc', 'set_loc']
[visit_enter] AST=arg line=1 MLIR_ops=[]
[visit_enter] AST=arg line=1 MLIR_ops=[]
[visit_enter] AST=list line=0 MLIR_ops=['set_loc', 'set_loc', 'set_loc', 'set_loc', 'set_loc', 'set_loc', 'set_loc', 'set_loc', 'set_loc', 'set_loc', 'set_loc', 'set_loc', 'set_loc', 'set_loc', 'set_loc', 'set_loc', 'set_loc', 'set_loc']
[visit_enter] AST=Assign line=2 MLIR_ops=['set_loc', 'set_loc', 'set_loc', 'set_loc']
[visit_enter] AST=Call line=2 MLIR_ops=['set_loc', 'set_loc', 'set_loc', 'set_loc', 'get.program.id']
[visit_enter] AST=Attribute line=2 MLIR_ops=['set_loc', 'set_loc']
[visit_enter] AST=Name line=2 MLIR_ops=[]
[visit_enter] AST=Constant line=2 MLIR_ops=[]
[visit_enter] AST=Name line=2 MLIR_ops=[]
[visit_enter] AST=Assign line=2 MLIR_ops=['set_loc', 'set_loc', 'set_loc', 'set_loc']
[visit_enter] AST=BinOp line=2 MLIR_ops=['set_loc', 'set_loc', 'set_loc', 'set_loc', 'splat', 'int.cast', 'int.cast', 'add', 'splat', 'icmpSLE', 'splat', 'icmpSGE', 'and', 'add']
[visit_enter] AST=BinOp line=2 MLIR_ops=['set_loc', 'set_loc', 'set_loc', 'set_loc', 'int.cast', 'int.cast', 'mul', 'icmpSLE', 'icmpSGE', 'and', 'mul']
[visit_enter] AST=Name line=2 MLIR_ops=[]
[visit_enter] AST=Constant line=2 MLIR_ops=[]
[visit_enter] AST=Call line=2 MLIR_ops=['set_loc', 'set_loc', 'set_loc', 'set_loc', 'set_loc', 'set_loc', 'make.range']
[visit_enter] AST=Attribute line=2 MLIR_ops=['set_loc', 'set_loc']
[visit_enter] AST=Name line=2 MLIR_ops=[]
[visit_enter] AST=Constant line=2 MLIR_ops=[]
[visit_enter] AST=Constant line=2 MLIR_ops=[]
[visit_enter] AST=Name line=2 MLIR_ops=[]
[visit_enter] AST=Assign line=3 MLIR_ops=['set_loc', 'set_loc', 'set_loc', 'set_loc']
[visit_enter] AST=Call line=3 MLIR_ops=['set_loc', 'set_loc', 'set_loc', 'set_loc', 'fp.to.si']
[visit_enter] AST=Attribute line=3 MLIR_ops=['set_loc', 'set_loc']
[visit_enter] AST=Call line=3 MLIR_ops=['set_loc', 'set_loc', 'set_loc', 'set_loc', 'load']
[visit_enter] AST=Attribute line=3 MLIR_ops=['set_loc', 'set_loc']
[visit_enter] AST=Name line=3 MLIR_ops=[]
[visit_enter] AST=BinOp line=3 MLIR_ops=['set_loc', 'set_loc', 'set_loc', 'set_loc', 'splat', 'addptr']
[visit_enter] AST=Name line=3 MLIR_ops=[]
[visit_enter] AST=Name line=3 MLIR_ops=[]
[visit_enter] AST=Attribute line=3 MLIR_ops=['set_loc', 'set_loc']
[visit_enter] AST=Name line=3 MLIR_ops=[]
[visit_enter] AST=Name line=3 MLIR_ops=[]
[visit_enter] AST=Assign line=4 MLIR_ops=['set_loc', 'set_loc', 'set_loc', 'set_loc']
[visit_enter] AST=BinOp line=4 MLIR_ops=['set_loc', 'set_loc', 'set_loc', 'set_loc', 'splat', 'or']
[visit_enter] AST=Name line=4 MLIR_ops=[]
[visit_enter] AST=Constant line=4 MLIR_ops=[]
[visit_enter] AST=Name line=4 MLIR_ops=[]
[visit_enter] AST=Assign line=4 MLIR_ops=['set_loc', 'set_loc', 'set_loc', 'set_loc']
[visit_enter] AST=BinOp line=4 MLIR_ops=['set_loc', 'set_loc', 'set_loc', 'set_loc', 'splat', 'xor']
[visit_enter] AST=Name line=4 MLIR_ops=[]
[visit_enter] AST=Constant line=4 MLIR_ops=[]
[visit_enter] AST=Name line=4 MLIR_ops=[]
[visit_enter] AST=Assign line=4 MLIR_ops=['set_loc', 'set_loc', 'set_loc', 'set_loc']
[visit_enter] AST=BinOp line=4 MLIR_ops=['set_loc', 'set_loc', 'set_loc', 'set_loc', 'splat', 'shl']
[visit_enter] AST=Name line=4 MLIR_ops=[]
[visit_enter] AST=Constant line=4 MLIR_ops=[]
[visit_enter] AST=Name line=4 MLIR_ops=[]
[visit_enter] AST=Assign line=4 MLIR_ops=['set_loc', 'set_loc', 'set_loc', 'set_loc']
[visit_enter] AST=BinOp line=4 MLIR_ops=['set_loc', 'set_loc', 'set_loc', 'set_loc', 'splat', 'ashr']
[visit_enter] AST=Name line=4 MLIR_ops=[]
[visit_enter] AST=Constant line=4 MLIR_ops=[]
[visit_enter] AST=Name line=4 MLIR_ops=[]
[visit_enter] AST=Assign line=4 MLIR_ops=['set_loc', 'set_loc', 'set_loc', 'set_loc']
[visit_enter] AST=UnaryOp line=4 MLIR_ops=['set_loc', 'set_loc', 'splat', 'xor']
[visit_enter] AST=Name line=4 MLIR_ops=[]
[visit_enter] AST=Name line=4 MLIR_ops=[]
[visit_enter] AST=Expr line=5 MLIR_ops=['set_loc', 'set_loc']
[visit_enter] AST=Call line=5 MLIR_ops=['set_loc', 'set_loc', 'set_loc', 'set_loc', 'set_loc', 'set_loc', 'si.to.fp', 'store']
[visit_enter] AST=Attribute line=5 MLIR_ops=['set_loc', 'set_loc']
[visit_enter] AST=Name line=5 MLIR_ops=[]
[visit_enter] AST=BinOp line=5 MLIR_ops=['set_loc', 'set_loc', 'set_loc', 'set_loc', 'splat', 'addptr']
[visit_enter] AST=Name line=5 MLIR_ops=[]
[visit_enter] AST=Name line=5 MLIR_ops=[]
[visit_enter] AST=Name line=5 MLIR_ops=[]
[visit_enter] AST=Module line=0 MLIR_ops=['set_loc', 'set_loc']
[visit_enter] AST=FunctionDef line=1 MLIR_ops=['set_loc']
[visit_enter] AST=arguments line=0 MLIR_ops=['set_loc', 'set_loc', 'set_loc', 'set_loc']
[visit_enter] AST=arg line=1 MLIR_ops=[]
[visit_enter] AST=arg line=1 MLIR_ops=[]
[visit_enter] AST=list line=0 MLIR_ops=['set_loc', 'set_loc', 'set_loc', 'set_loc', 'set_loc', 'set_loc', 'set_loc', 'set_loc', 'set_loc', 'set_loc', 'set_loc', 'set_loc', 'set_loc', 'set_loc']
[visit_enter] AST=Assign line=2 MLIR_ops=['set_loc', 'set_loc', 'set_loc', 'set_loc']
[visit_enter] AST=Call line=2 MLIR_ops=['set_loc', 'set_loc', 'set_loc', 'set_loc', 'get.program.id']
[visit_enter] AST=Attribute line=2 MLIR_ops=['set_loc', 'set_loc']
[visit_enter] AST=Name line=2 MLIR_ops=[]
[visit_enter] AST=Constant line=2 MLIR_ops=[]
[visit_enter] AST=Name line=2 MLIR_ops=[]
[visit_enter] AST=Assign line=2 MLIR_ops=['set_loc', 'set_loc', 'set_loc', 'set_loc']
[visit_enter] AST=BinOp line=2 MLIR_ops=['set_loc', 'set_loc', 'set_loc', 'set_loc', 'splat', 'int.cast', 'int.cast', 'add', 'splat', 'icmpSLE', 'splat', 'icmpSGE', 'and', 'add']
[visit_enter] AST=BinOp line=2 MLIR_ops=['set_loc', 'set_loc', 'set_loc', 'set_loc', 'int.cast', 'int.cast', 'mul', 'icmpSLE', 'icmpSGE', 'and', 'mul']
[visit_enter] AST=Name line=2 MLIR_ops=[]
[visit_enter] AST=Constant line=2 MLIR_ops=[]
[visit_enter] AST=Call line=2 MLIR_ops=['set_loc', 'set_loc', 'set_loc', 'set_loc', 'set_loc', 'set_loc', 'make.range']
[visit_enter] AST=Attribute line=2 MLIR_ops=['set_loc', 'set_loc']
[visit_enter] AST=Name line=2 MLIR_ops=[]
[visit_enter] AST=Constant line=2 MLIR_ops=[]
[visit_enter] AST=Constant line=2 MLIR_ops=[]
[visit_enter] AST=Name line=2 MLIR_ops=[]
[visit_enter] AST=Assign line=3 MLIR_ops=['set_loc', 'set_loc', 'set_loc', 'set_loc']
[visit_enter] AST=Call line=3 MLIR_ops=['set_loc', 'set_loc', 'set_loc', 'set_loc', 'load']
[visit_enter] AST=Attribute line=3 MLIR_ops=['set_loc', 'set_loc']
[visit_enter] AST=Name line=3 MLIR_ops=[]
[visit_enter] AST=BinOp line=3 MLIR_ops=['set_loc', 'set_loc', 'set_loc', 'set_loc', 'splat', 'addptr']
[visit_enter] AST=Name line=3 MLIR_ops=[]
[visit_enter] AST=Name line=3 MLIR_ops=[]
[visit_enter] AST=Name line=3 MLIR_ops=[]
[visit_enter] AST=Assign line=4 MLIR_ops=['set_loc', 'set_loc', 'set_loc', 'set_loc']
[visit_enter] AST=Call line=4 MLIR_ops=['set_loc', 'set_loc', 'set_loc', 'set_loc', 'set_loc', 'set_loc']
[visit_enter] AST=Attribute line=4 MLIR_ops=['set_loc', 'set_loc']
[visit_enter] AST=Name line=4 MLIR_ops=[]
[visit_enter] AST=keyword line=4 MLIR_ops=['set_loc', 'set_loc']
[visit_enter] AST=Constant line=4 MLIR_ops=[]
[visit_enter] AST=Name line=4 MLIR_ops=[]
[visit_enter] AST=Module line=0 MLIR_ops=[]
[visit_enter] AST=FunctionDef line=1 MLIR_ops=[]
[visit_enter] AST=arguments line=0 MLIR_ops=[]
[visit_enter] AST=arg line=1 MLIR_ops=[]
[visit_enter] AST=arg line=1 MLIR_ops=[]
[visit_enter] AST=arg line=1 MLIR_ops=[]
[visit_enter] AST=arg line=1 MLIR_ops=[]
[visit_enter] AST=arg line=1 MLIR_ops=[]
[visit_enter] AST=Assign line=0 MLIR_ops=[]
[visit_enter] AST=Constant line=1 MLIR_ops=[]
[visit_enter] AST=Name line=0 MLIR_ops=[]
[visit_enter] AST=Assign line=0 MLIR_ops=[]
[visit_enter] AST=Constant line=1 MLIR_ops=[]
[visit_enter] AST=Name line=0 MLIR_ops=[]
[visit_enter] AST=Assign line=0 MLIR_ops=[]
[visit_enter] AST=Constant line=1 MLIR_ops=[]
[visit_enter] AST=Name line=0 MLIR_ops=[]
[visit_enter] AST=Assign line=0 MLIR_ops=[]
[visit_enter] AST=Constant line=1 MLIR_ops=[]
[visit_enter] AST=Name line=0 MLIR_ops=[]
[visit_enter] AST=list line=0 MLIR_ops=[]
[visit_enter] AST=Assign line=2 MLIR_ops=[]
[visit_enter] AST=Call line=2 MLIR_ops=[]
[visit_enter] AST=Attribute line=2 MLIR_ops=[]
[visit_enter] AST=Name line=2 MLIR_ops=[]
[visit_enter] AST=Name line=2 MLIR_ops=[]
[visit_enter] AST=Name line=2 MLIR_ops=[]
[visit_enter] AST=If line=3 MLIR_ops=[]
[visit_enter] AST=Name line=3 MLIR_ops=[]
[visit_enter] AST=list line=0 MLIR_ops=[]
[visit_enter] AST=If line=9 MLIR_ops=[]
[visit_enter] AST=Compare line=9 MLIR_ops=[]
[visit_enter] AST=Call line=9 MLIR_ops=[]
[visit_enter] AST=Attribute line=9 MLIR_ops=[]
[visit_enter] AST=Name line=9 MLIR_ops=[]
[visit_enter] AST=Attribute line=9 MLIR_ops=[]
[visit_enter] AST=Attribute line=9 MLIR_ops=[]
[visit_enter] AST=Name line=9 MLIR_ops=[]
[visit_enter] AST=Constant line=9 MLIR_ops=[]
[visit_enter] AST=list line=0 MLIR_ops=[]
[visit_enter] AST=Return line=15 MLIR_ops=[]
[visit_enter] AST=Call line=15 MLIR_ops=[]
[visit_enter] AST=Attribute line=15 MLIR_ops=[]
[visit_enter] AST=Name line=15 MLIR_ops=[]
[visit_enter] AST=keyword line=15 MLIR_ops=[]
[visit_enter] AST=Name line=15 MLIR_ops=[]
[visit_enter] AST=Name line=15 MLIR_ops=[]
[visit_enter] AST=Name line=15 MLIR_ops=[]
[visit_enter] AST=Name line=15 MLIR_ops=[]
[visit_enter] AST=Module line=0 MLIR_ops=[]
[visit_enter] AST=FunctionDef line=1 MLIR_ops=[]
[visit_enter] AST=arguments line=0 MLIR_ops=[]
[visit_enter] AST=arg line=1 MLIR_ops=[]
[visit_enter] AST=arg line=1 MLIR_ops=[]
[visit_enter] AST=list line=0 MLIR_ops=[]
[visit_enter] AST=Return line=2 MLIR_ops=[]
[visit_enter] AST=Call line=2 MLIR_ops=[]
[visit_enter] AST=Attribute line=2 MLIR_ops=[]
[visit_enter] AST=Name line=2 MLIR_ops=[]
[visit_enter] AST=Name line=2 MLIR_ops=[]
[visit_enter] AST=Name line=2 MLIR_ops=[]
[visit_enter] AST=Name line=4 MLIR_ops=[]
[visit_enter] AST=Assign line=4 MLIR_ops=['set_loc', 'set_loc', 'set_loc', 'set_loc']
[visit_enter] AST=Call line=4 MLIR_ops=['set_loc', 'set_loc', 'set_loc', 'set_loc', 'set_loc', 'set_loc']
[visit_enter] AST=Attribute line=4 MLIR_ops=['set_loc', 'set_loc']
[visit_enter] AST=Name line=4 MLIR_ops=[]
[visit_enter] AST=keyword line=4 MLIR_ops=['set_loc', 'set_loc']
[visit_enter] AST=Constant line=4 MLIR_ops=[]
[visit_enter] AST=Name line=4 MLIR_ops=[]
[visit_enter] AST=Module line=0 MLIR_ops=[]
[visit_enter] AST=FunctionDef line=1 MLIR_ops=[]
[visit_enter] AST=arguments line=0 MLIR_ops=[]
[visit_enter] AST=arg line=1 MLIR_ops=[]
[visit_enter] AST=arg line=1 MLIR_ops=[]
[visit_enter] AST=arg line=1 MLIR_ops=[]
[visit_enter] AST=arg line=1 MLIR_ops=[]
[visit_enter] AST=arg line=1 MLIR_ops=[]
[visit_enter] AST=Assign line=0 MLIR_ops=[]
[visit_enter] AST=Constant line=1 MLIR_ops=[]
[visit_enter] AST=Name line=0 MLIR_ops=[]
[visit_enter] AST=Assign line=0 MLIR_ops=[]
[visit_enter] AST=Constant line=1 MLIR_ops=[]
[visit_enter] AST=Name line=0 MLIR_ops=[]
[visit_enter] AST=Assign line=0 MLIR_ops=[]
[visit_enter] AST=Constant line=1 MLIR_ops=[]
[visit_enter] AST=Name line=0 MLIR_ops=[]
[visit_enter] AST=Assign line=0 MLIR_ops=[]
[visit_enter] AST=Constant line=1 MLIR_ops=[]
[visit_enter] AST=Name line=0 MLIR_ops=[]
[visit_enter] AST=list line=0 MLIR_ops=[]
[visit_enter] AST=Assign line=2 MLIR_ops=[]
[visit_enter] AST=Call line=2 MLIR_ops=[]
[visit_enter] AST=Attribute line=2 MLIR_ops=[]
[visit_enter] AST=Name line=2 MLIR_ops=[]
[visit_enter] AST=Name line=2 MLIR_ops=[]
[visit_enter] AST=Name line=2 MLIR_ops=[]
[visit_enter] AST=If line=3 MLIR_ops=[]
[visit_enter] AST=Name line=3 MLIR_ops=[]
[visit_enter] AST=list line=0 MLIR_ops=[]
[visit_enter] AST=If line=9 MLIR_ops=[]
[visit_enter] AST=Compare line=9 MLIR_ops=[]
[visit_enter] AST=Call line=9 MLIR_ops=[]
[visit_enter] AST=Attribute line=9 MLIR_ops=[]
[visit_enter] AST=Name line=9 MLIR_ops=[]
[visit_enter] AST=Attribute line=9 MLIR_ops=[]
[visit_enter] AST=Attribute line=9 MLIR_ops=[]
[visit_enter] AST=Name line=9 MLIR_ops=[]
[visit_enter] AST=Call line=9 MLIR_ops=[]
[visit_enter] AST=Attribute line=9 MLIR_ops=[]
[visit_enter] AST=Name line=9 MLIR_ops=[]
[visit_enter] AST=Constant line=9 MLIR_ops=[]
[visit_enter] AST=list line=0 MLIR_ops=[]
[visit_enter] AST=Return line=15 MLIR_ops=[]
[visit_enter] AST=Call line=15 MLIR_ops=[]
[visit_enter] AST=Attribute line=15 MLIR_ops=[]
[visit_enter] AST=Name line=15 MLIR_ops=[]
[visit_enter] AST=keyword line=15 MLIR_ops=[]
[visit_enter] AST=Name line=15 MLIR_ops=[]
[visit_enter] AST=Name line=15 MLIR_ops=[]
[visit_enter] AST=Name line=15 MLIR_ops=[]
[visit_enter] AST=Name line=15 MLIR_ops=[]
[visit_enter] AST=Module line=0 MLIR_ops=[]
[visit_enter] AST=FunctionDef line=1 MLIR_ops=[]
[visit_enter] AST=arguments line=0 MLIR_ops=[]
[visit_enter] AST=arg line=1 MLIR_ops=[]
[visit_enter] AST=arg line=1 MLIR_ops=[]
[visit_enter] AST=list line=0 MLIR_ops=[]
[visit_enter] AST=Return line=2 MLIR_ops=[]
[visit_enter] AST=Call line=2 MLIR_ops=[]
[visit_enter] AST=Attribute line=2 MLIR_ops=[]
[visit_enter] AST=Name line=2 MLIR_ops=[]
[visit_enter] AST=Name line=2 MLIR_ops=[]
[visit_enter] AST=Name line=2 MLIR_ops=[]
[visit_enter] AST=Name line=4 MLIR_ops=[]
[visit_enter] AST=Expr line=5 MLIR_ops=['set_loc', 'set_loc']
[visit_enter] AST=Call line=5 MLIR_ops=['set_loc', 'set_loc', 'set_loc', 'set_loc', 'set_loc', 'set_loc', 'store']
[visit_enter] AST=Attribute line=5 MLIR_ops=['set_loc', 'set_loc']
[visit_enter] AST=Name line=5 MLIR_ops=[]
[visit_enter] AST=BinOp line=5 MLIR_ops=['set_loc', 'set_loc', 'set_loc', 'set_loc', 'addptr']
[visit_enter] AST=Name line=5 MLIR_ops=[]
[visit_enter] AST=BinOp line=5 MLIR_ops=['set_loc', 'set_loc', 'set_loc', 'set_loc', 'int.cast', 'int.cast', 'mul', 'icmpSLE', 'icmpSGE', 'and', 'mul']
[visit_enter] AST=Name line=5 MLIR_ops=[]
[visit_enter] AST=Constant line=5 MLIR_ops=[]
[visit_enter] AST=Name line=5 MLIR_ops=[]
[visit_enter] AST=Expr line=5 MLIR_ops=['set_loc', 'set_loc']
[visit_enter] AST=Call line=5 MLIR_ops=['set_loc', 'set_loc', 'set_loc', 'set_loc', 'set_loc', 'set_loc', 'store']
[visit_enter] AST=Attribute line=5 MLIR_ops=['set_loc', 'set_loc']
[visit_enter] AST=Name line=5 MLIR_ops=[]
[visit_enter] AST=BinOp line=5 MLIR_ops=['set_loc', 'set_loc', 'set_loc', 'set_loc', 'addptr']
[visit_enter] AST=BinOp line=5 MLIR_ops=['set_loc', 'set_loc', 'set_loc', 'set_loc', 'addptr']
[visit_enter] AST=Name line=5 MLIR_ops=[]
[visit_enter] AST=BinOp line=5 MLIR_ops=['set_loc', 'set_loc', 'set_loc', 'set_loc', 'int.cast', 'int.cast', 'mul', 'icmpSLE', 'icmpSGE', 'and', 'mul']
[visit_enter] AST=Name line=5 MLIR_ops=[]
[visit_enter] AST=Constant line=5 MLIR_ops=[]
[visit_enter] AST=Constant line=5 MLIR_ops=[]
[visit_enter] AST=Name line=5 MLIR_ops=[]
[visit_enter] AST=Module line=0 MLIR_ops=['set_loc', 'set_loc']
[visit_enter] AST=FunctionDef line=1 MLIR_ops=['set_loc']
[visit_enter] AST=arguments line=0 MLIR_ops=['set_loc', 'set_loc', 'set_loc', 'set_loc']
[visit_enter] AST=arg line=1 MLIR_ops=[]
[visit_enter] AST=arg line=1 MLIR_ops=[]
[visit_enter] AST=list line=0 MLIR_ops=['set_loc', 'set_loc', 'set_loc', 'set_loc', 'set_loc', 'set_loc', 'set_loc', 'set_loc', 'set_loc', 'set_loc']
[visit_enter] AST=Assign line=2 MLIR_ops=['set_loc', 'set_loc', 'set_loc', 'set_loc']
[visit_enter] AST=Call line=2 MLIR_ops=['set_loc', 'set_loc', 'set_loc', 'set_loc', 'get.program.id']
[visit_enter] AST=Attribute line=2 MLIR_ops=['set_loc', 'set_loc']
[visit_enter] AST=Name line=2 MLIR_ops=[]
[visit_enter] AST=Constant line=2 MLIR_ops=[]
[visit_enter] AST=Name line=2 MLIR_ops=[]
[visit_enter] AST=Assign line=2 MLIR_ops=['set_loc', 'set_loc', 'set_loc', 'set_loc']
[visit_enter] AST=BinOp line=2 MLIR_ops=['set_loc', 'set_loc', 'set_loc', 'set_loc', 'splat', 'int.cast', 'int.cast', 'add', 'splat', 'icmpSLE', 'splat', 'icmpSGE', 'and', 'add']
[visit_enter] AST=BinOp line=2 MLIR_ops=['set_loc', 'set_loc', 'set_loc', 'set_loc', 'int.cast', 'int.cast', 'mul', 'icmpSLE', 'icmpSGE', 'and', 'mul']
[visit_enter] AST=Name line=2 MLIR_ops=[]
[visit_enter] AST=Constant line=2 MLIR_ops=[]
[visit_enter] AST=Call line=2 MLIR_ops=['set_loc', 'set_loc', 'set_loc', 'set_loc', 'set_loc', 'set_loc', 'make.range']
[visit_enter] AST=Attribute line=2 MLIR_ops=['set_loc', 'set_loc']
[visit_enter] AST=Name line=2 MLIR_ops=[]
[visit_enter] AST=Constant line=2 MLIR_ops=[]
[visit_enter] AST=Constant line=2 MLIR_ops=[]
[visit_enter] AST=Name line=2 MLIR_ops=[]
[visit_enter] AST=Assign line=3 MLIR_ops=['set_loc', 'set_loc', 'set_loc', 'set_loc']
[visit_enter] AST=Call line=3 MLIR_ops=['set_loc', 'set_loc', 'set_loc', 'set_loc', 'load']
[visit_enter] AST=Attribute line=3 MLIR_ops=['set_loc', 'set_loc']
[visit_enter] AST=Name line=3 MLIR_ops=[]
[visit_enter] AST=BinOp line=3 MLIR_ops=['set_loc', 'set_loc', 'set_loc', 'set_loc', 'splat', 'addptr']
[visit_enter] AST=Name line=3 MLIR_ops=[]
[visit_enter] AST=Name line=3 MLIR_ops=[]
[visit_enter] AST=Name line=3 MLIR_ops=[]
[visit_enter] AST=Assign line=3 MLIR_ops=['set_loc', 'set_loc', 'set_loc', 'set_loc']
[visit_enter] AST=Call line=3 MLIR_ops=['set_loc', 'set_loc', 'set_loc', 'set_loc', 'set_loc', 'set_loc']
[visit_enter] AST=Attribute line=3 MLIR_ops=['set_loc', 'set_loc']
[visit_enter] AST=Name line=3 MLIR_ops=[]
[visit_enter] AST=keyword line=3 MLIR_ops=['set_loc', 'set_loc']
[visit_enter] AST=Constant line=3 MLIR_ops=[]
[visit_enter] AST=Name line=3 MLIR_ops=[]
[visit_enter] AST=Module line=0 MLIR_ops=[]
[visit_enter] AST=FunctionDef line=1 MLIR_ops=[]
[visit_enter] AST=arguments line=0 MLIR_ops=[]
[visit_enter] AST=arg line=1 MLIR_ops=[]
[visit_enter] AST=arg line=1 MLIR_ops=[]
[visit_enter] AST=Attribute line=1 MLIR_ops=[]
[visit_enter] AST=Name line=1 MLIR_ops=[]
[visit_enter] AST=arg line=1 MLIR_ops=[]
[visit_enter] AST=Attribute line=1 MLIR_ops=[]
[visit_enter] AST=Name line=1 MLIR_ops=[]
[visit_enter] AST=AnnAssign line=0 MLIR_ops=[]
[visit_enter] AST=Attribute line=1 MLIR_ops=[]
[visit_enter] AST=Name line=1 MLIR_ops=[]
[visit_enter] AST=Name line=0 MLIR_ops=[]
[visit_enter] AST=Attribute line=1 MLIR_ops=[]
[visit_enter] AST=Name line=1 MLIR_ops=[]
[visit_enter] AST=AnnAssign line=0 MLIR_ops=[]
[visit_enter] AST=Attribute line=1 MLIR_ops=[]
[visit_enter] AST=Name line=1 MLIR_ops=[]
[visit_enter] AST=Name line=0 MLIR_ops=[]
[visit_enter] AST=Constant line=1 MLIR_ops=[]
[visit_enter] AST=list line=0 MLIR_ops=[]
[visit_enter] AST=Return line=2 MLIR_ops=[]
[visit_enter] AST=Call line=2 MLIR_ops=[]
[visit_enter] AST=Name line=2 MLIR_ops=[]
[visit_enter] AST=keyword line=2 MLIR_ops=[]
[visit_enter] AST=Name line=2 MLIR_ops=[]
[visit_enter] AST=keyword line=2 MLIR_ops=[]
[visit_enter] AST=Name line=2 MLIR_ops=[]
[visit_enter] AST=Name line=2 MLIR_ops=[]
[visit_enter] AST=Module line=0 MLIR_ops=[]
[visit_enter] AST=FunctionDef line=1 MLIR_ops=[]
[visit_enter] AST=arguments line=0 MLIR_ops=[]
[visit_enter] AST=arg line=1 MLIR_ops=[]
[visit_enter] AST=arg line=1 MLIR_ops=[]
[visit_enter] AST=Attribute line=1 MLIR_ops=[]
[visit_enter] AST=Name line=1 MLIR_ops=[]
[visit_enter] AST=arg line=1 MLIR_ops=[]
[visit_enter] AST=Attribute line=1 MLIR_ops=[]
[visit_enter] AST=Name line=1 MLIR_ops=[]
[visit_enter] AST=arg line=1 MLIR_ops=[]
[visit_enter] AST=Attribute line=1 MLIR_ops=[]
[visit_enter] AST=Name line=1 MLIR_ops=[]
[visit_enter] AST=AnnAssign line=0 MLIR_ops=[]
[visit_enter] AST=Attribute line=1 MLIR_ops=[]
[visit_enter] AST=Name line=1 MLIR_ops=[]
[visit_enter] AST=Name line=0 MLIR_ops=[]
[visit_enter] AST=Attribute line=1 MLIR_ops=[]
[visit_enter] AST=Name line=1 MLIR_ops=[]
[visit_enter] AST=AnnAssign line=0 MLIR_ops=[]
[visit_enter] AST=Attribute line=1 MLIR_ops=[]
[visit_enter] AST=Name line=1 MLIR_ops=[]
[visit_enter] AST=Name line=0 MLIR_ops=[]
[visit_enter] AST=Constant line=1 MLIR_ops=[]
[visit_enter] AST=AnnAssign line=0 MLIR_ops=[]
[visit_enter] AST=Attribute line=1 MLIR_ops=[]
[visit_enter] AST=Name line=1 MLIR_ops=[]
[visit_enter] AST=Name line=0 MLIR_ops=[]
[visit_enter] AST=Constant line=1 MLIR_ops=[]
[visit_enter] AST=list line=0 MLIR_ops=[]
[visit_enter] AST=Expr line=2 MLIR_ops=[]
[visit_enter] AST=Constant line=2 MLIR_ops=[]
[visit_enter] AST=AnnAssign line=15 MLIR_ops=[]
[visit_enter] AST=Attribute line=15 MLIR_ops=[]
[visit_enter] AST=Name line=15 MLIR_ops=[]
[visit_enter] AST=Name line=15 MLIR_ops=[]
[visit_enter] AST=IfExp line=15 MLIR_ops=[]
[visit_enter] AST=Compare line=15 MLIR_ops=[]
[visit_enter] AST=Name line=15 MLIR_ops=[]
[visit_enter] AST=Constant line=15 MLIR_ops=[]
[visit_enter] AST=Name line=15 MLIR_ops=[]
[visit_enter] AST=Expr line=16 MLIR_ops=[]
[visit_enter] AST=Call line=16 MLIR_ops=[]
[visit_enter] AST=Attribute line=16 MLIR_ops=[]
[visit_enter] AST=Name line=16 MLIR_ops=[]
[visit_enter] AST=Compare line=16 MLIR_ops=[]
[visit_enter] AST=Name line=16 MLIR_ops=[]
[visit_enter] AST=BinOp line=16 MLIR_ops=[]
[visit_enter] AST=Call line=16 MLIR_ops=[]
[visit_enter] AST=Name line=16 MLIR_ops=[]
[visit_enter] AST=Attribute line=16 MLIR_ops=[]
[visit_enter] AST=Name line=16 MLIR_ops=[]
[visit_enter] AST=Constant line=16 MLIR_ops=[]
[visit_enter] AST=AnnAssign line=18 MLIR_ops=[]
[visit_enter] AST=Attribute line=18 MLIR_ops=[]
[visit_enter] AST=Name line=18 MLIR_ops=[]
[visit_enter] AST=Name line=18 MLIR_ops=[]
[visit_enter] AST=Call line=18 MLIR_ops=[]
[visit_enter] AST=Name line=18 MLIR_ops=[]
[visit_enter] AST=Subscript line=18 MLIR_ops=[]
[visit_enter] AST=Subscript line=18 MLIR_ops=[]
[visit_enter] AST=Attribute line=18 MLIR_ops=[]
[visit_enter] AST=Name line=18 MLIR_ops=[]
[visit_enter] AST=Name line=18 MLIR_ops=[]
[visit_enter] AST=AnnAssign line=19 MLIR_ops=[]
[visit_enter] AST=Attribute line=19 MLIR_ops=[]
[visit_enter] AST=Name line=19 MLIR_ops=[]
[visit_enter] AST=Name line=19 MLIR_ops=[]
[visit_enter] AST=IfExp line=19 MLIR_ops=[]
[visit_enter] AST=Compare line=19 MLIR_ops=[]
[visit_enter] AST=Name line=19 MLIR_ops=[]
[visit_enter] AST=Constant line=19 MLIR_ops=[]
[visit_enter] AST=Name line=19 MLIR_ops=[]
[visit_enter] AST=AnnAssign line=21 MLIR_ops=[]
[visit_enter] AST=Attribute line=21 MLIR_ops=[]
[visit_enter] AST=Name line=21 MLIR_ops=[]
[visit_enter] AST=Name line=21 MLIR_ops=[]
[visit_enter] AST=Call line=21 MLIR_ops=[]
[visit_enter] AST=Name line=21 MLIR_ops=[]
[visit_enter] AST=Attribute line=21 MLIR_ops=[]
[visit_enter] AST=Name line=21 MLIR_ops=[]
[visit_enter] AST=Assign line=24 MLIR_ops=[]
[visit_enter] AST=Call line=24 MLIR_ops=[]
[visit_enter] AST=Attribute line=24 MLIR_ops=[]
[visit_enter] AST=Name line=24 MLIR_ops=[]
[visit_enter] AST=Name line=24 MLIR_ops=[]
[visit_enter] AST=IfExp line=24 MLIR_ops=[]
[visit_enter] AST=Name line=24 MLIR_ops=[]
[visit_enter] AST=BinOp line=24 MLIR_ops=[]
[visit_enter] AST=List line=24 MLIR_ops=[]
[visit_enter] AST=Load line=0 MLIR_ops=[]
[visit_enter] AST=Constant line=24 MLIR_ops=[]
[visit_enter] AST=Name line=24 MLIR_ops=[]
[visit_enter] AST=Name line=24 MLIR_ops=[]
[visit_enter] AST=For line=27 MLIR_ops=[]
[visit_enter] AST=Attribute line=27 MLIR_ops=[]
[visit_enter] AST=Name line=27 MLIR_ops=[]
[visit_enter] AST=Constant line=27 MLIR_ops=[]
[visit_enter] AST=BinOp line=27 MLIR_ops=[]
[visit_enter] AST=Name line=27 MLIR_ops=[]
[visit_enter] AST=Constant line=27 MLIR_ops=[]
[visit_enter] AST=list line=0 MLIR_ops=[]
[visit_enter] AST=Assign line=28 MLIR_ops=[]
[visit_enter] AST=Call line=28 MLIR_ops=[]
[visit_enter] AST=Name line=28 MLIR_ops=[]
[visit_enter] AST=Name line=28 MLIR_ops=[]
[visit_enter] AST=Name line=28 MLIR_ops=[]
[visit_enter] AST=IfExp line=28 MLIR_ops=[]
[visit_enter] AST=Compare line=28 MLIR_ops=[]
[visit_enter] AST=Name line=28 MLIR_ops=[]
[visit_enter] AST=Name line=28 MLIR_ops=[]
[visit_enter] AST=Constant line=28 MLIR_ops=[]
[visit_enter] AST=Module line=0 MLIR_ops=[]
[visit_enter] AST=FunctionDef line=1 MLIR_ops=[]
[visit_enter] AST=arguments line=0 MLIR_ops=[]
[visit_enter] AST=arg line=1 MLIR_ops=[]
[visit_enter] AST=arg line=1 MLIR_ops=[]
[visit_enter] AST=Attribute line=1 MLIR_ops=[]
[visit_enter] AST=Name line=1 MLIR_ops=[]
[visit_enter] AST=arg line=1 MLIR_ops=[]
[visit_enter] AST=Attribute line=1 MLIR_ops=[]
[visit_enter] AST=Name line=1 MLIR_ops=[]
[visit_enter] AST=list line=0 MLIR_ops=[]
[visit_enter] AST=Expr line=2 MLIR_ops=[]
[visit_enter] AST=Constant line=2 MLIR_ops=[]
[visit_enter] AST=If line=12 MLIR_ops=[]
[visit_enter] AST=Compare line=12 MLIR_ops=[]
[visit_enter] AST=Name line=12 MLIR_ops=[]
[visit_enter] AST=Constant line=12 MLIR_ops=[]
[visit_enter] AST=list line=0 MLIR_ops=[]
[visit_enter] AST=Assign line=13 MLIR_ops=[]
[visit_enter] AST=Call line=13 MLIR_ops=[]
[visit_enter] AST=Name line=13 MLIR_ops=[]
[visit_enter] AST=Call line=13 MLIR_ops=[]
[visit_enter] AST=Name line=13 MLIR_ops=[]
[visit_enter] AST=Attribute line=13 MLIR_ops=[]
[visit_enter] AST=Name line=13 MLIR_ops=[]
[visit_enter] AST=Name line=13 MLIR_ops=[]
[visit_enter] AST=Module line=0 MLIR_ops=[]
[visit_enter] AST=FunctionDef line=1 MLIR_ops=[]
[visit_enter] AST=arguments line=0 MLIR_ops=[]
[visit_enter] AST=arg line=1 MLIR_ops=[]
[visit_enter] AST=Attribute line=1 MLIR_ops=[]
[visit_enter] AST=Name line=1 MLIR_ops=[]
[visit_enter] AST=arg line=1 MLIR_ops=[]
[visit_enter] AST=Attribute line=1 MLIR_ops=[]
[visit_enter] AST=Name line=1 MLIR_ops=[]
[visit_enter] AST=list line=0 MLIR_ops=[]
[visit_enter] AST=Assign line=2 MLIR_ops=[]
[visit_enter] AST=Call line=2 MLIR_ops=[]
[visit_enter] AST=Attribute line=2 MLIR_ops=[]
[visit_enter] AST=Name line=2 MLIR_ops=[]
[visit_enter] AST=Constant line=2 MLIR_ops=[]
[visit_enter] AST=Constant line=2 MLIR_ops=[]
[visit_enter] AST=Name line=2 MLIR_ops=[]
[visit_enter] AST=Assign line=3 MLIR_ops=[]
[visit_enter] AST=Call line=3 MLIR_ops=[]
[visit_enter] AST=Attribute line=3 MLIR_ops=[]
[visit_enter] AST=Name line=3 MLIR_ops=[]
[visit_enter] AST=Name line=3 MLIR_ops=[]
[visit_enter] AST=BinOp line=3 MLIR_ops=[]
[visit_enter] AST=BinOp line=3 MLIR_ops=[]
[visit_enter] AST=BinOp line=3 MLIR_ops=[]
[visit_enter] AST=List line=3 MLIR_ops=[]
[visit_enter] AST=Load line=0 MLIR_ops=[]
[visit_enter] AST=Constant line=3 MLIR_ops=[]
[visit_enter] AST=BinOp line=3 MLIR_ops=[]
[visit_enter] AST=BinOp line=3 MLIR_ops=[]
[visit_enter] AST=Name line=3 MLIR_ops=[]
[visit_enter] AST=Name line=3 MLIR_ops=[]
[visit_enter] AST=Constant line=3 MLIR_ops=[]
[visit_enter] AST=List line=3 MLIR_ops=[]
[visit_enter] AST=Load line=0 MLIR_ops=[]
[visit_enter] AST=Constant line=3 MLIR_ops=[]
[visit_enter] AST=BinOp line=3 MLIR_ops=[]
[visit_enter] AST=List line=3 MLIR_ops=[]
[visit_enter] AST=Load line=0 MLIR_ops=[]
[visit_enter] AST=Constant line=3 MLIR_ops=[]
[visit_enter] AST=Name line=3 MLIR_ops=[]
[visit_enter] AST=Name line=3 MLIR_ops=[]
[visit_enter] AST=Return line=4 MLIR_ops=[]
[visit_enter] AST=Name line=4 MLIR_ops=[]
[visit_enter] AST=Name line=13 MLIR_ops=[]
[visit_enter] AST=For line=17 MLIR_ops=[]
[visit_enter] AST=Attribute line=17 MLIR_ops=[]
[visit_enter] AST=Name line=17 MLIR_ops=[]
[visit_enter] AST=Name line=17 MLIR_ops=[]
[visit_enter] AST=list line=0 MLIR_ops=[]
[visit_enter] AST=Assign line=18 MLIR_ops=[]
[visit_enter] AST=Call line=18 MLIR_ops=[]
[visit_enter] AST=Name line=18 MLIR_ops=[]
[visit_enter] AST=Name line=18 MLIR_ops=[]
[visit_enter] AST=Name line=18 MLIR_ops=[]
[visit_enter] AST=BinOp line=18 MLIR_ops=[]
[visit_enter] AST=BinOp line=18 MLIR_ops=[]
[visit_enter] AST=Name line=18 MLIR_ops=[]
[visit_enter] AST=Constant line=18 MLIR_ops=[]
[visit_enter] AST=Name line=18 MLIR_ops=[]
[visit_enter] AST=Module line=0 MLIR_ops=[]
[visit_enter] AST=FunctionDef line=1 MLIR_ops=[]
[visit_enter] AST=arguments line=0 MLIR_ops=[]
[visit_enter] AST=arg line=1 MLIR_ops=[]
[visit_enter] AST=arg line=1 MLIR_ops=[]
[visit_enter] AST=arg line=1 MLIR_ops=[]
[visit_enter] AST=Attribute line=1 MLIR_ops=[]
[visit_enter] AST=Name line=1 MLIR_ops=[]
[visit_enter] AST=list line=0 MLIR_ops=[]
[visit_enter] AST=AnnAssign line=3 MLIR_ops=[]
[visit_enter] AST=Attribute line=3 MLIR_ops=[]
[visit_enter] AST=Name line=3 MLIR_ops=[]
[visit_enter] AST=Name line=3 MLIR_ops=[]
[visit_enter] AST=Call line=3 MLIR_ops=[]
[visit_enter] AST=Name line=3 MLIR_ops=[]
[visit_enter] AST=Attribute line=3 MLIR_ops=[]
[visit_enter] AST=Name line=3 MLIR_ops=[]
[visit_enter] AST=Assign line=6 MLIR_ops=[]
[visit_enter] AST=Call line=6 MLIR_ops=[]
[visit_enter] AST=Name line=6 MLIR_ops=[]
[visit_enter] AST=keyword line=6 MLIR_ops=[]
[visit_enter] AST=Attribute line=6 MLIR_ops=[]
[visit_enter] AST=Attribute line=6 MLIR_ops=[]
[visit_enter] AST=Name line=6 MLIR_ops=[]
[visit_enter] AST=keyword line=6 MLIR_ops=[]
[visit_enter] AST=Constant line=6 MLIR_ops=[]
[visit_enter] AST=Name line=6 MLIR_ops=[]
[visit_enter] AST=Assign line=7 MLIR_ops=[]
[visit_enter] AST=Call line=7 MLIR_ops=[]
[visit_enter] AST=Attribute line=7 MLIR_ops=[]
[visit_enter] AST=Name line=7 MLIR_ops=[]
[visit_enter] AST=keyword line=7 MLIR_ops=[]
[visit_enter] AST=Constant line=7 MLIR_ops=[]
[visit_enter] AST=Name line=7 MLIR_ops=[]
[visit_enter] AST=Name line=7 MLIR_ops=[]
[visit_enter] AST=Assign line=8 MLIR_ops=[]
[visit_enter] AST=BinOp line=8 MLIR_ops=[]
[visit_enter] AST=Name line=8 MLIR_ops=[]
[visit_enter] AST=Call line=8 MLIR_ops=[]
[visit_enter] AST=Name line=8 MLIR_ops=[]
[visit_enter] AST=Name line=8 MLIR_ops=[]
[visit_enter] AST=BinOp line=8 MLIR_ops=[]
[visit_enter] AST=BinOp line=8 MLIR_ops=[]
[visit_enter] AST=Name line=8 MLIR_ops=[]
[visit_enter] AST=Constant line=8 MLIR_ops=[]
[visit_enter] AST=Name line=8 MLIR_ops=[]
[visit_enter] AST=Constant line=8 MLIR_ops=[]
[visit_enter] AST=Module line=0 MLIR_ops=[]
[visit_enter] AST=FunctionDef line=1 MLIR_ops=[]
[visit_enter] AST=arguments line=0 MLIR_ops=[]
[visit_enter] AST=arg line=1 MLIR_ops=[]
[visit_enter] AST=arg line=1 MLIR_ops=[]
[visit_enter] AST=arg line=1 MLIR_ops=[]
[visit_enter] AST=Assign line=0 MLIR_ops=[]
[visit_enter] AST=Constant line=1 MLIR_ops=[]
[visit_enter] AST=Name line=0 MLIR_ops=[]
[visit_enter] AST=Assign line=0 MLIR_ops=[]
[visit_enter] AST=Constant line=1 MLIR_ops=[]
[visit_enter] AST=Name line=0 MLIR_ops=[]
[visit_enter] AST=list line=0 MLIR_ops=[]
[visit_enter] AST=Expr line=2 MLIR_ops=[]
[visit_enter] AST=Call line=2 MLIR_ops=[]
[visit_enter] AST=Attribute line=2 MLIR_ops=[]
[visit_enter] AST=Name line=2 MLIR_ops=[]
[visit_enter] AST=Call line=2 MLIR_ops=[]
[visit_enter] AST=Attribute line=2 MLIR_ops=[]
[visit_enter] AST=Attribute line=2 MLIR_ops=[]
[visit_enter] AST=Attribute line=2 MLIR_ops=[]
[visit_enter] AST=Name line=2 MLIR_ops=[]
[visit_enter] AST=Return line=3 MLIR_ops=[]
[visit_enter] AST=Call line=3 MLIR_ops=[]
[visit_enter] AST=Attribute line=3 MLIR_ops=[]
[visit_enter] AST=Name line=3 MLIR_ops=[]
[visit_enter] AST=keyword line=3 MLIR_ops=[]
[visit_enter] AST=Name line=3 MLIR_ops=[]
[visit_enter] AST=Name line=3 MLIR_ops=[]
[visit_enter] AST=Name line=3 MLIR_ops=[]
[visit_enter] AST=Name line=3 MLIR_ops=[]
[visit_enter] AST=Module line=0 MLIR_ops=[]
[visit_enter] AST=FunctionDef line=1 MLIR_ops=[]
[visit_enter] AST=arguments line=0 MLIR_ops=[]
[visit_enter] AST=arg line=1 MLIR_ops=[]
[visit_enter] AST=arg line=1 MLIR_ops=[]
[visit_enter] AST=list line=0 MLIR_ops=[]
[visit_enter] AST=Return line=2 MLIR_ops=[]
[visit_enter] AST=BinOp line=2 MLIR_ops=[]
[visit_enter] AST=Name line=2 MLIR_ops=[]
[visit_enter] AST=Name line=2 MLIR_ops=[]
[visit_enter] AST=Name line=8 MLIR_ops=[]
[visit_enter] AST=Assign line=9 MLIR_ops=[]
[visit_enter] AST=Call line=9 MLIR_ops=[]
[visit_enter] AST=Attribute line=9 MLIR_ops=[]
[visit_enter] AST=Name line=9 MLIR_ops=[]
[visit_enter] AST=keyword line=9 MLIR_ops=[]
[visit_enter] AST=Constant line=9 MLIR_ops=[]
[visit_enter] AST=Attribute line=9 MLIR_ops=[]
[visit_enter] AST=Name line=9 MLIR_ops=[]
[visit_enter] AST=Name line=9 MLIR_ops=[]
[visit_enter] AST=Assign line=12 MLIR_ops=[]
[visit_enter] AST=Call line=12 MLIR_ops=[]
[visit_enter] AST=Name line=12 MLIR_ops=[]
[visit_enter] AST=Name line=12 MLIR_ops=[]
[visit_enter] AST=Name line=12 MLIR_ops=[]
[visit_enter] AST=Module line=0 MLIR_ops=[]
[visit_enter] AST=FunctionDef line=1 MLIR_ops=[]
[visit_enter] AST=arguments line=0 MLIR_ops=[]
[visit_enter] AST=arg line=1 MLIR_ops=[]
[visit_enter] AST=Attribute line=1 MLIR_ops=[]
[visit_enter] AST=Name line=1 MLIR_ops=[]
[visit_enter] AST=arg line=1 MLIR_ops=[]
[visit_enter] AST=Attribute line=1 MLIR_ops=[]
[visit_enter] AST=Name line=1 MLIR_ops=[]
[visit_enter] AST=list line=0 MLIR_ops=[]
[visit_enter] AST=Assign line=2 MLIR_ops=[]
[visit_enter] AST=Call line=2 MLIR_ops=[]
[visit_enter] AST=Attribute line=2 MLIR_ops=[]
[visit_enter] AST=Name line=2 MLIR_ops=[]
[visit_enter] AST=Constant line=2 MLIR_ops=[]
[visit_enter] AST=Constant line=2 MLIR_ops=[]
[visit_enter] AST=Name line=2 MLIR_ops=[]
[visit_enter] AST=Assign line=3 MLIR_ops=[]
[visit_enter] AST=Call line=3 MLIR_ops=[]
[visit_enter] AST=Attribute line=3 MLIR_ops=[]
[visit_enter] AST=Name line=3 MLIR_ops=[]
[visit_enter] AST=Name line=3 MLIR_ops=[]
[visit_enter] AST=BinOp line=3 MLIR_ops=[]
[visit_enter] AST=BinOp line=3 MLIR_ops=[]
[visit_enter] AST=BinOp line=3 MLIR_ops=[]
[visit_enter] AST=List line=3 MLIR_ops=[]
[visit_enter] AST=Load line=0 MLIR_ops=[]
[visit_enter] AST=Constant line=3 MLIR_ops=[]
[visit_enter] AST=BinOp line=3 MLIR_ops=[]
[visit_enter] AST=BinOp line=3 MLIR_ops=[]
[visit_enter] AST=Name line=3 MLIR_ops=[]
[visit_enter] AST=Name line=3 MLIR_ops=[]
[visit_enter] AST=Constant line=3 MLIR_ops=[]
[visit_enter] AST=List line=3 MLIR_ops=[]
[visit_enter] AST=Load line=0 MLIR_ops=[]
[visit_enter] AST=Constant line=3 MLIR_ops=[]
[visit_enter] AST=BinOp line=3 MLIR_ops=[]
[visit_enter] AST=List line=3 MLIR_ops=[]
[visit_enter] AST=Load line=0 MLIR_ops=[]
[visit_enter] AST=Constant line=3 MLIR_ops=[]
[visit_enter] AST=Name line=3 MLIR_ops=[]
[visit_enter] AST=Name line=3 MLIR_ops=[]
[visit_enter] AST=Return line=4 MLIR_ops=[]
[visit_enter] AST=Name line=4 MLIR_ops=[]
[visit_enter] AST=Name line=12 MLIR_ops=[]
[visit_enter] AST=Assign line=15 MLIR_ops=[]
[visit_enter] AST=Call line=15 MLIR_ops=[]
[visit_enter] AST=Attribute line=15 MLIR_ops=[]
[visit_enter] AST=Name line=15 MLIR_ops=[]
[visit_enter] AST=Compare line=15 MLIR_ops=[]
[visit_enter] AST=Compare line=15 MLIR_ops=[]
[visit_enter] AST=Name line=15 MLIR_ops=[]
[visit_enter] AST=Name line=15 MLIR_ops=[]
[visit_enter] AST=BinOp line=15 MLIR_ops=[]
[visit_enter] AST=Name line=15 MLIR_ops=[]
[visit_enter] AST=Name line=15 MLIR_ops=[]
[visit_enter] AST=Name line=15 MLIR_ops=[]
[visit_enter] AST=Name line=15 MLIR_ops=[]
[visit_enter] AST=Name line=15 MLIR_ops=[]
[visit_enter] AST=Return line=16 MLIR_ops=[]
[visit_enter] AST=Name line=16 MLIR_ops=[]
[visit_enter] AST=Name line=18 MLIR_ops=[]
[visit_enter] AST=Return line=19 MLIR_ops=[]
[visit_enter] AST=Name line=19 MLIR_ops=[]
[visit_enter] AST=Name line=28 MLIR_ops=[]
[visit_enter] AST=list line=0 MLIR_ops=[]
[visit_enter] AST=Assign line=28 MLIR_ops=[]
[visit_enter] AST=Call line=28 MLIR_ops=[]
[visit_enter] AST=Name line=28 MLIR_ops=[]
[visit_enter] AST=Name line=28 MLIR_ops=[]
[visit_enter] AST=Name line=28 MLIR_ops=[]
[visit_enter] AST=IfExp line=28 MLIR_ops=[]
[visit_enter] AST=Compare line=28 MLIR_ops=[]
[visit_enter] AST=Name line=28 MLIR_ops=[]
[visit_enter] AST=Name line=28 MLIR_ops=[]
[visit_enter] AST=Constant line=28 MLIR_ops=[]
[visit_enter] AST=Module line=0 MLIR_ops=[]
[visit_enter] AST=FunctionDef line=1 MLIR_ops=[]
[visit_enter] AST=arguments line=0 MLIR_ops=[]
[visit_enter] AST=arg line=1 MLIR_ops=[]
[visit_enter] AST=arg line=1 MLIR_ops=[]
[visit_enter] AST=Attribute line=1 MLIR_ops=[]
[visit_enter] AST=Name line=1 MLIR_ops=[]
[visit_enter] AST=arg line=1 MLIR_ops=[]
[visit_enter] AST=Attribute line=1 MLIR_ops=[]
[visit_enter] AST=Name line=1 MLIR_ops=[]
[visit_enter] AST=list line=0 MLIR_ops=[]
[visit_enter] AST=Expr line=2 MLIR_ops=[]
[visit_enter] AST=Constant line=2 MLIR_ops=[]
[visit_enter] AST=If line=12 MLIR_ops=[]
[visit_enter] AST=Compare line=12 MLIR_ops=[]
[visit_enter] AST=Name line=12 MLIR_ops=[]
[visit_enter] AST=Constant line=12 MLIR_ops=[]
[visit_enter] AST=list line=0 MLIR_ops=[]
[visit_enter] AST=Assign line=13 MLIR_ops=[]
[visit_enter] AST=Call line=13 MLIR_ops=[]
[visit_enter] AST=Name line=13 MLIR_ops=[]
[visit_enter] AST=Call line=13 MLIR_ops=[]
[visit_enter] AST=Name line=13 MLIR_ops=[]
[visit_enter] AST=Attribute line=13 MLIR_ops=[]
[visit_enter] AST=Name line=13 MLIR_ops=[]
[visit_enter] AST=Name line=13 MLIR_ops=[]
[visit_enter] AST=Module line=0 MLIR_ops=[]
[visit_enter] AST=FunctionDef line=1 MLIR_ops=[]
[visit_enter] AST=arguments line=0 MLIR_ops=[]
[visit_enter] AST=arg line=1 MLIR_ops=[]
[visit_enter] AST=Attribute line=1 MLIR_ops=[]
[visit_enter] AST=Name line=1 MLIR_ops=[]
[visit_enter] AST=arg line=1 MLIR_ops=[]
[visit_enter] AST=Attribute line=1 MLIR_ops=[]
[visit_enter] AST=Name line=1 MLIR_ops=[]
[visit_enter] AST=list line=0 MLIR_ops=[]
[visit_enter] AST=Assign line=2 MLIR_ops=[]
[visit_enter] AST=Call line=2 MLIR_ops=[]
[visit_enter] AST=Attribute line=2 MLIR_ops=[]
[visit_enter] AST=Name line=2 MLIR_ops=[]
[visit_enter] AST=Constant line=2 MLIR_ops=[]
[visit_enter] AST=Constant line=2 MLIR_ops=[]
[visit_enter] AST=Name line=2 MLIR_ops=[]
[visit_enter] AST=Assign line=3 MLIR_ops=[]
[visit_enter] AST=Call line=3 MLIR_ops=[]
[visit_enter] AST=Attribute line=3 MLIR_ops=[]
[visit_enter] AST=Name line=3 MLIR_ops=[]
[visit_enter] AST=Name line=3 MLIR_ops=[]
[visit_enter] AST=BinOp line=3 MLIR_ops=[]
[visit_enter] AST=BinOp line=3 MLIR_ops=[]
[visit_enter] AST=BinOp line=3 MLIR_ops=[]
[visit_enter] AST=List line=3 MLIR_ops=[]
[visit_enter] AST=Load line=0 MLIR_ops=[]
[visit_enter] AST=Constant line=3 MLIR_ops=[]
[visit_enter] AST=BinOp line=3 MLIR_ops=[]
[visit_enter] AST=BinOp line=3 MLIR_ops=[]
[visit_enter] AST=Name line=3 MLIR_ops=[]
[visit_enter] AST=Name line=3 MLIR_ops=[]
[visit_enter] AST=Constant line=3 MLIR_ops=[]
[visit_enter] AST=List line=3 MLIR_ops=[]
[visit_enter] AST=Load line=0 MLIR_ops=[]
[visit_enter] AST=Constant line=3 MLIR_ops=[]
[visit_enter] AST=BinOp line=3 MLIR_ops=[]
[visit_enter] AST=List line=3 MLIR_ops=[]
[visit_enter] AST=Load line=0 MLIR_ops=[]
[visit_enter] AST=Constant line=3 MLIR_ops=[]
[visit_enter] AST=Name line=3 MLIR_ops=[]
[visit_enter] AST=Name line=3 MLIR_ops=[]
[visit_enter] AST=Return line=4 MLIR_ops=[]
[visit_enter] AST=Name line=4 MLIR_ops=[]
[visit_enter] AST=Name line=13 MLIR_ops=[]
[visit_enter] AST=For line=17 MLIR_ops=[]
[visit_enter] AST=Attribute line=17 MLIR_ops=[]
[visit_enter] AST=Name line=17 MLIR_ops=[]
[visit_enter] AST=Name line=17 MLIR_ops=[]
[visit_enter] AST=list line=0 MLIR_ops=[]
[visit_enter] AST=Assign line=18 MLIR_ops=[]
[visit_enter] AST=Call line=18 MLIR_ops=[]
[visit_enter] AST=Name line=18 MLIR_ops=[]
[visit_enter] AST=Name line=18 MLIR_ops=[]
[visit_enter] AST=Name line=18 MLIR_ops=[]
[visit_enter] AST=BinOp line=18 MLIR_ops=[]
[visit_enter] AST=BinOp line=18 MLIR_ops=[]
[visit_enter] AST=Name line=18 MLIR_ops=[]
[visit_enter] AST=Constant line=18 MLIR_ops=[]
[visit_enter] AST=Name line=18 MLIR_ops=[]
[visit_enter] AST=Module line=0 MLIR_ops=[]
[visit_enter] AST=FunctionDef line=1 MLIR_ops=[]
[visit_enter] AST=arguments line=0 MLIR_ops=[]
[visit_enter] AST=arg line=1 MLIR_ops=[]
[visit_enter] AST=arg line=1 MLIR_ops=[]
[visit_enter] AST=arg line=1 MLIR_ops=[]
[visit_enter] AST=Attribute line=1 MLIR_ops=[]
[visit_enter] AST=Name line=1 MLIR_ops=[]
[visit_enter] AST=list line=0 MLIR_ops=[]
[visit_enter] AST=AnnAssign line=3 MLIR_ops=[]
[visit_enter] AST=Attribute line=3 MLIR_ops=[]
[visit_enter] AST=Name line=3 MLIR_ops=[]
[visit_enter] AST=Name line=3 MLIR_ops=[]
[visit_enter] AST=Call line=3 MLIR_ops=[]
[visit_enter] AST=Name line=3 MLIR_ops=[]
[visit_enter] AST=Attribute line=3 MLIR_ops=[]
[visit_enter] AST=Name line=3 MLIR_ops=[]
[visit_enter] AST=Assign line=6 MLIR_ops=[]
[visit_enter] AST=Call line=6 MLIR_ops=[]
[visit_enter] AST=Name line=6 MLIR_ops=[]
[visit_enter] AST=keyword line=6 MLIR_ops=[]
[visit_enter] AST=Attribute line=6 MLIR_ops=[]
[visit_enter] AST=Attribute line=6 MLIR_ops=[]
[visit_enter] AST=Name line=6 MLIR_ops=[]
[visit_enter] AST=keyword line=6 MLIR_ops=[]
[visit_enter] AST=Constant line=6 MLIR_ops=[]
[visit_enter] AST=Name line=6 MLIR_ops=[]
[visit_enter] AST=Assign line=7 MLIR_ops=[]
[visit_enter] AST=Call line=7 MLIR_ops=[]
[visit_enter] AST=Attribute line=7 MLIR_ops=[]
[visit_enter] AST=Name line=7 MLIR_ops=[]
[visit_enter] AST=keyword line=7 MLIR_ops=[]
[visit_enter] AST=Constant line=7 MLIR_ops=[]
[visit_enter] AST=Name line=7 MLIR_ops=[]
[visit_enter] AST=Name line=7 MLIR_ops=[]
[visit_enter] AST=Assign line=8 MLIR_ops=[]
[visit_enter] AST=BinOp line=8 MLIR_ops=[]
[visit_enter] AST=Name line=8 MLIR_ops=[]
[visit_enter] AST=Call line=8 MLIR_ops=[]
[visit_enter] AST=Name line=8 MLIR_ops=[]
[visit_enter] AST=Name line=8 MLIR_ops=[]
[visit_enter] AST=BinOp line=8 MLIR_ops=[]
[visit_enter] AST=BinOp line=8 MLIR_ops=[]
[visit_enter] AST=Name line=8 MLIR_ops=[]
[visit_enter] AST=Constant line=8 MLIR_ops=[]
[visit_enter] AST=Name line=8 MLIR_ops=[]
[visit_enter] AST=Constant line=8 MLIR_ops=[]
[visit_enter] AST=Module line=0 MLIR_ops=[]
[visit_enter] AST=FunctionDef line=1 MLIR_ops=[]
[visit_enter] AST=arguments line=0 MLIR_ops=[]
[visit_enter] AST=arg line=1 MLIR_ops=[]
[visit_enter] AST=arg line=1 MLIR_ops=[]
[visit_enter] AST=arg line=1 MLIR_ops=[]
[visit_enter] AST=Assign line=0 MLIR_ops=[]
[visit_enter] AST=Constant line=1 MLIR_ops=[]
[visit_enter] AST=Name line=0 MLIR_ops=[]
[visit_enter] AST=Assign line=0 MLIR_ops=[]
[visit_enter] AST=Constant line=1 MLIR_ops=[]
[visit_enter] AST=Name line=0 MLIR_ops=[]
[visit_enter] AST=list line=0 MLIR_ops=[]
[visit_enter] AST=Expr line=2 MLIR_ops=[]
[visit_enter] AST=Call line=2 MLIR_ops=[]
[visit_enter] AST=Attribute line=2 MLIR_ops=[]
[visit_enter] AST=Name line=2 MLIR_ops=[]
[visit_enter] AST=Call line=2 MLIR_ops=[]
[visit_enter] AST=Attribute line=2 MLIR_ops=[]
[visit_enter] AST=Attribute line=2 MLIR_ops=[]
[visit_enter] AST=Attribute line=2 MLIR_ops=[]
[visit_enter] AST=Name line=2 MLIR_ops=[]
[visit_enter] AST=Return line=3 MLIR_ops=[]
[visit_enter] AST=Call line=3 MLIR_ops=[]
[visit_enter] AST=Attribute line=3 MLIR_ops=[]
[visit_enter] AST=Name line=3 MLIR_ops=[]
[visit_enter] AST=keyword line=3 MLIR_ops=[]
[visit_enter] AST=Name line=3 MLIR_ops=[]
[visit_enter] AST=Name line=3 MLIR_ops=[]
[visit_enter] AST=Name line=3 MLIR_ops=[]
[visit_enter] AST=Name line=3 MLIR_ops=[]
[visit_enter] AST=Name line=8 MLIR_ops=[]
[visit_enter] AST=Assign line=9 MLIR_ops=[]
[visit_enter] AST=Call line=9 MLIR_ops=[]
[visit_enter] AST=Attribute line=9 MLIR_ops=[]
[visit_enter] AST=Name line=9 MLIR_ops=[]
[visit_enter] AST=keyword line=9 MLIR_ops=[]
[visit_enter] AST=Constant line=9 MLIR_ops=[]
[visit_enter] AST=Attribute line=9 MLIR_ops=[]
[visit_enter] AST=Name line=9 MLIR_ops=[]
[visit_enter] AST=Name line=9 MLIR_ops=[]
[visit_enter] AST=Assign line=12 MLIR_ops=[]
[visit_enter] AST=Call line=12 MLIR_ops=[]
[visit_enter] AST=Name line=12 MLIR_ops=[]
[visit_enter] AST=Name line=12 MLIR_ops=[]
[visit_enter] AST=Name line=12 MLIR_ops=[]
[visit_enter] AST=Name line=12 MLIR_ops=[]
[visit_enter] AST=Assign line=15 MLIR_ops=[]
[visit_enter] AST=Call line=15 MLIR_ops=[]
[visit_enter] AST=Attribute line=15 MLIR_ops=[]
[visit_enter] AST=Name line=15 MLIR_ops=[]
[visit_enter] AST=Compare line=15 MLIR_ops=[]
[visit_enter] AST=Compare line=15 MLIR_ops=[]
[visit_enter] AST=Name line=15 MLIR_ops=[]
[visit_enter] AST=Name line=15 MLIR_ops=[]
[visit_enter] AST=BinOp line=15 MLIR_ops=[]
[visit_enter] AST=Name line=15 MLIR_ops=[]
[visit_enter] AST=Name line=15 MLIR_ops=[]
[visit_enter] AST=Name line=15 MLIR_ops=[]
[visit_enter] AST=Name line=15 MLIR_ops=[]
[visit_enter] AST=Name line=15 MLIR_ops=[]
[visit_enter] AST=Return line=16 MLIR_ops=[]
[visit_enter] AST=Name line=16 MLIR_ops=[]
[visit_enter] AST=Name line=18 MLIR_ops=[]
[visit_enter] AST=list line=0 MLIR_ops=[]
[visit_enter] AST=Assign line=18 MLIR_ops=[]
[visit_enter] AST=Call line=18 MLIR_ops=[]
[visit_enter] AST=Name line=18 MLIR_ops=[]
[visit_enter] AST=Name line=18 MLIR_ops=[]
[visit_enter] AST=Name line=18 MLIR_ops=[]
[visit_enter] AST=BinOp line=18 MLIR_ops=[]
[visit_enter] AST=BinOp line=18 MLIR_ops=[]
[visit_enter] AST=Name line=18 MLIR_ops=[]
[visit_enter] AST=Constant line=18 MLIR_ops=[]
[visit_enter] AST=Name line=18 MLIR_ops=[]
[visit_enter] AST=Module line=0 MLIR_ops=[]
[visit_enter] AST=FunctionDef line=1 MLIR_ops=[]
[visit_enter] AST=arguments line=0 MLIR_ops=[]
[visit_enter] AST=arg line=1 MLIR_ops=[]
[visit_enter] AST=arg line=1 MLIR_ops=[]
[visit_enter] AST=arg line=1 MLIR_ops=[]
[visit_enter] AST=Attribute line=1 MLIR_ops=[]
[visit_enter] AST=Name line=1 MLIR_ops=[]
[visit_enter] AST=list line=0 MLIR_ops=[]
[visit_enter] AST=AnnAssign line=3 MLIR_ops=[]
[visit_enter] AST=Attribute line=3 MLIR_ops=[]
[visit_enter] AST=Name line=3 MLIR_ops=[]
[visit_enter] AST=Name line=3 MLIR_ops=[]
[visit_enter] AST=Call line=3 MLIR_ops=[]
[visit_enter] AST=Name line=3 MLIR_ops=[]
[visit_enter] AST=Attribute line=3 MLIR_ops=[]
[visit_enter] AST=Name line=3 MLIR_ops=[]
[visit_enter] AST=Assign line=6 MLIR_ops=[]
[visit_enter] AST=Call line=6 MLIR_ops=[]
[visit_enter] AST=Name line=6 MLIR_ops=[]
[visit_enter] AST=keyword line=6 MLIR_ops=[]
[visit_enter] AST=Attribute line=6 MLIR_ops=[]
[visit_enter] AST=Attribute line=6 MLIR_ops=[]
[visit_enter] AST=Name line=6 MLIR_ops=[]
[visit_enter] AST=keyword line=6 MLIR_ops=[]
[visit_enter] AST=Constant line=6 MLIR_ops=[]
[visit_enter] AST=Name line=6 MLIR_ops=[]
[visit_enter] AST=Assign line=7 MLIR_ops=[]
[visit_enter] AST=Call line=7 MLIR_ops=[]
[visit_enter] AST=Attribute line=7 MLIR_ops=[]
[visit_enter] AST=Name line=7 MLIR_ops=[]
[visit_enter] AST=keyword line=7 MLIR_ops=[]
[visit_enter] AST=Constant line=7 MLIR_ops=[]
[visit_enter] AST=Name line=7 MLIR_ops=[]
[visit_enter] AST=Name line=7 MLIR_ops=[]
[visit_enter] AST=Assign line=8 MLIR_ops=[]
[visit_enter] AST=BinOp line=8 MLIR_ops=[]
[visit_enter] AST=Name line=8 MLIR_ops=[]
[visit_enter] AST=Call line=8 MLIR_ops=[]
[visit_enter] AST=Name line=8 MLIR_ops=[]
[visit_enter] AST=Name line=8 MLIR_ops=[]
[visit_enter] AST=BinOp line=8 MLIR_ops=[]
[visit_enter] AST=BinOp line=8 MLIR_ops=[]
[visit_enter] AST=Name line=8 MLIR_ops=[]
[visit_enter] AST=Constant line=8 MLIR_ops=[]
[visit_enter] AST=Name line=8 MLIR_ops=[]
[visit_enter] AST=Constant line=8 MLIR_ops=[]
[visit_enter] AST=Name line=8 MLIR_ops=[]
[visit_enter] AST=Assign line=9 MLIR_ops=[]
[visit_enter] AST=Call line=9 MLIR_ops=[]
[visit_enter] AST=Attribute line=9 MLIR_ops=[]
[visit_enter] AST=Name line=9 MLIR_ops=[]
[visit_enter] AST=keyword line=9 MLIR_ops=[]
[visit_enter] AST=Constant line=9 MLIR_ops=[]
[visit_enter] AST=Attribute line=9 MLIR_ops=[]
[visit_enter] AST=Name line=9 MLIR_ops=[]
[visit_enter] AST=Name line=9 MLIR_ops=[]
[visit_enter] AST=Assign line=12 MLIR_ops=[]
[visit_enter] AST=Call line=12 MLIR_ops=[]
[visit_enter] AST=Name line=12 MLIR_ops=[]
[visit_enter] AST=Name line=12 MLIR_ops=[]
[visit_enter] AST=Name line=12 MLIR_ops=[]
[visit_enter] AST=Name line=12 MLIR_ops=[]
[visit_enter] AST=Assign line=15 MLIR_ops=[]
[visit_enter] AST=Call line=15 MLIR_ops=[]
[visit_enter] AST=Attribute line=15 MLIR_ops=[]
[visit_enter] AST=Name line=15 MLIR_ops=[]
[visit_enter] AST=Compare line=15 MLIR_ops=[]
[visit_enter] AST=Compare line=15 MLIR_ops=[]
[visit_enter] AST=Name line=15 MLIR_ops=[]
[visit_enter] AST=Name line=15 MLIR_ops=[]
[visit_enter] AST=BinOp line=15 MLIR_ops=[]
[visit_enter] AST=Name line=15 MLIR_ops=[]
[visit_enter] AST=Name line=15 MLIR_ops=[]
[visit_enter] AST=Name line=15 MLIR_ops=[]
[visit_enter] AST=Name line=15 MLIR_ops=[]
[visit_enter] AST=Name line=15 MLIR_ops=[]
[visit_enter] AST=Return line=16 MLIR_ops=[]
[visit_enter] AST=Name line=16 MLIR_ops=[]
[visit_enter] AST=Name line=18 MLIR_ops=[]
[visit_enter] AST=Return line=19 MLIR_ops=[]
[visit_enter] AST=Name line=19 MLIR_ops=[]
[visit_enter] AST=Name line=28 MLIR_ops=[]
[visit_enter] AST=list line=0 MLIR_ops=[]
[visit_enter] AST=Assign line=28 MLIR_ops=[]
[visit_enter] AST=Call line=28 MLIR_ops=[]
[visit_enter] AST=Name line=28 MLIR_ops=[]
[visit_enter] AST=Name line=28 MLIR_ops=[]
[visit_enter] AST=Name line=28 MLIR_ops=[]
[visit_enter] AST=IfExp line=28 MLIR_ops=[]
[visit_enter] AST=Compare line=28 MLIR_ops=[]
[visit_enter] AST=Name line=28 MLIR_ops=[]
[visit_enter] AST=Name line=28 MLIR_ops=[]
[visit_enter] AST=Constant line=28 MLIR_ops=[]
[visit_enter] AST=Module line=0 MLIR_ops=[]
[visit_enter] AST=FunctionDef line=1 MLIR_ops=[]
[visit_enter] AST=arguments line=0 MLIR_ops=[]
[visit_enter] AST=arg line=1 MLIR_ops=[]
[visit_enter] AST=arg line=1 MLIR_ops=[]
[visit_enter] AST=Attribute line=1 MLIR_ops=[]
[visit_enter] AST=Name line=1 MLIR_ops=[]
[visit_enter] AST=arg line=1 MLIR_ops=[]
[visit_enter] AST=Attribute line=1 MLIR_ops=[]
[visit_enter] AST=Name line=1 MLIR_ops=[]
[visit_enter] AST=list line=0 MLIR_ops=[]
[visit_enter] AST=Expr line=2 MLIR_ops=[]
[visit_enter] AST=Constant line=2 MLIR_ops=[]
[visit_enter] AST=If line=12 MLIR_ops=[]
[visit_enter] AST=Compare line=12 MLIR_ops=[]
[visit_enter] AST=Name line=12 MLIR_ops=[]
[visit_enter] AST=Constant line=12 MLIR_ops=[]
[visit_enter] AST=list line=0 MLIR_ops=[]
[visit_enter] AST=Assign line=13 MLIR_ops=[]
[visit_enter] AST=Call line=13 MLIR_ops=[]
[visit_enter] AST=Name line=13 MLIR_ops=[]
[visit_enter] AST=Call line=13 MLIR_ops=[]
[visit_enter] AST=Name line=13 MLIR_ops=[]
[visit_enter] AST=Attribute line=13 MLIR_ops=[]
[visit_enter] AST=Name line=13 MLIR_ops=[]
[visit_enter] AST=Name line=13 MLIR_ops=[]
[visit_enter] AST=Module line=0 MLIR_ops=[]
[visit_enter] AST=FunctionDef line=1 MLIR_ops=[]
[visit_enter] AST=arguments line=0 MLIR_ops=[]
[visit_enter] AST=arg line=1 MLIR_ops=[]
[visit_enter] AST=Attribute line=1 MLIR_ops=[]
[visit_enter] AST=Name line=1 MLIR_ops=[]
[visit_enter] AST=arg line=1 MLIR_ops=[]
[visit_enter] AST=Attribute line=1 MLIR_ops=[]
[visit_enter] AST=Name line=1 MLIR_ops=[]
[visit_enter] AST=list line=0 MLIR_ops=[]
[visit_enter] AST=Assign line=2 MLIR_ops=[]
[visit_enter] AST=Call line=2 MLIR_ops=[]
[visit_enter] AST=Attribute line=2 MLIR_ops=[]
[visit_enter] AST=Name line=2 MLIR_ops=[]
[visit_enter] AST=Constant line=2 MLIR_ops=[]
[visit_enter] AST=Constant line=2 MLIR_ops=[]
[visit_enter] AST=Name line=2 MLIR_ops=[]
[visit_enter] AST=Assign line=3 MLIR_ops=[]
[visit_enter] AST=Call line=3 MLIR_ops=[]
[visit_enter] AST=Attribute line=3 MLIR_ops=[]
[visit_enter] AST=Name line=3 MLIR_ops=[]
[visit_enter] AST=Name line=3 MLIR_ops=[]
[visit_enter] AST=BinOp line=3 MLIR_ops=[]
[visit_enter] AST=BinOp line=3 MLIR_ops=[]
[visit_enter] AST=BinOp line=3 MLIR_ops=[]
[visit_enter] AST=List line=3 MLIR_ops=[]
[visit_enter] AST=Load line=0 MLIR_ops=[]
[visit_enter] AST=Constant line=3 MLIR_ops=[]
[visit_enter] AST=BinOp line=3 MLIR_ops=[]
[visit_enter] AST=BinOp line=3 MLIR_ops=[]
[visit_enter] AST=Name line=3 MLIR_ops=[]
[visit_enter] AST=Name line=3 MLIR_ops=[]
[visit_enter] AST=Constant line=3 MLIR_ops=[]
[visit_enter] AST=List line=3 MLIR_ops=[]
[visit_enter] AST=Load line=0 MLIR_ops=[]
[visit_enter] AST=Constant line=3 MLIR_ops=[]
[visit_enter] AST=BinOp line=3 MLIR_ops=[]
[visit_enter] AST=List line=3 MLIR_ops=[]
[visit_enter] AST=Load line=0 MLIR_ops=[]
[visit_enter] AST=Constant line=3 MLIR_ops=[]
[visit_enter] AST=Name line=3 MLIR_ops=[]
[visit_enter] AST=Name line=3 MLIR_ops=[]
[visit_enter] AST=Return line=4 MLIR_ops=[]
[visit_enter] AST=Name line=4 MLIR_ops=[]
[visit_enter] AST=Name line=13 MLIR_ops=[]
[visit_enter] AST=For line=17 MLIR_ops=[]
[visit_enter] AST=Attribute line=17 MLIR_ops=[]
[visit_enter] AST=Name line=17 MLIR_ops=[]
[visit_enter] AST=Name line=17 MLIR_ops=[]
[visit_enter] AST=list line=0 MLIR_ops=[]
[visit_enter] AST=Assign line=18 MLIR_ops=[]
[visit_enter] AST=Call line=18 MLIR_ops=[]
[visit_enter] AST=Name line=18 MLIR_ops=[]
[visit_enter] AST=Name line=18 MLIR_ops=[]
[visit_enter] AST=Name line=18 MLIR_ops=[]
[visit_enter] AST=BinOp line=18 MLIR_ops=[]
[visit_enter] AST=BinOp line=18 MLIR_ops=[]
[visit_enter] AST=Name line=18 MLIR_ops=[]
[visit_enter] AST=Constant line=18 MLIR_ops=[]
[visit_enter] AST=Name line=18 MLIR_ops=[]
[visit_enter] AST=Module line=0 MLIR_ops=[]
[visit_enter] AST=FunctionDef line=1 MLIR_ops=[]
[visit_enter] AST=arguments line=0 MLIR_ops=[]
[visit_enter] AST=arg line=1 MLIR_ops=[]
[visit_enter] AST=arg line=1 MLIR_ops=[]
[visit_enter] AST=arg line=1 MLIR_ops=[]
[visit_enter] AST=Attribute line=1 MLIR_ops=[]
[visit_enter] AST=Name line=1 MLIR_ops=[]
[visit_enter] AST=list line=0 MLIR_ops=[]
[visit_enter] AST=AnnAssign line=3 MLIR_ops=[]
[visit_enter] AST=Attribute line=3 MLIR_ops=[]
[visit_enter] AST=Name line=3 MLIR_ops=[]
[visit_enter] AST=Name line=3 MLIR_ops=[]
[visit_enter] AST=Call line=3 MLIR_ops=[]
[visit_enter] AST=Name line=3 MLIR_ops=[]
[visit_enter] AST=Attribute line=3 MLIR_ops=[]
[visit_enter] AST=Name line=3 MLIR_ops=[]
[visit_enter] AST=Assign line=6 MLIR_ops=[]
[visit_enter] AST=Call line=6 MLIR_ops=[]
[visit_enter] AST=Name line=6 MLIR_ops=[]
[visit_enter] AST=keyword line=6 MLIR_ops=[]
[visit_enter] AST=Attribute line=6 MLIR_ops=[]
[visit_enter] AST=Attribute line=6 MLIR_ops=[]
[visit_enter] AST=Name line=6 MLIR_ops=[]
[visit_enter] AST=keyword line=6 MLIR_ops=[]
[visit_enter] AST=Constant line=6 MLIR_ops=[]
[visit_enter] AST=Name line=6 MLIR_ops=[]
[visit_enter] AST=Assign line=7 MLIR_ops=[]
[visit_enter] AST=Call line=7 MLIR_ops=[]
[visit_enter] AST=Attribute line=7 MLIR_ops=[]
[visit_enter] AST=Name line=7 MLIR_ops=[]
[visit_enter] AST=keyword line=7 MLIR_ops=[]
[visit_enter] AST=Constant line=7 MLIR_ops=[]
[visit_enter] AST=Name line=7 MLIR_ops=[]
[visit_enter] AST=Name line=7 MLIR_ops=[]
[visit_enter] AST=Assign line=8 MLIR_ops=[]
[visit_enter] AST=BinOp line=8 MLIR_ops=[]
[visit_enter] AST=Name line=8 MLIR_ops=[]
[visit_enter] AST=Call line=8 MLIR_ops=[]
[visit_enter] AST=Name line=8 MLIR_ops=[]
[visit_enter] AST=Name line=8 MLIR_ops=[]
[visit_enter] AST=BinOp line=8 MLIR_ops=[]
[visit_enter] AST=BinOp line=8 MLIR_ops=[]
[visit_enter] AST=Name line=8 MLIR_ops=[]
[visit_enter] AST=Constant line=8 MLIR_ops=[]
[visit_enter] AST=Name line=8 MLIR_ops=[]
[visit_enter] AST=Constant line=8 MLIR_ops=[]
[visit_enter] AST=Module line=0 MLIR_ops=[]
[visit_enter] AST=FunctionDef line=1 MLIR_ops=[]
[visit_enter] AST=arguments line=0 MLIR_ops=[]
[visit_enter] AST=arg line=1 MLIR_ops=[]
[visit_enter] AST=arg line=1 MLIR_ops=[]
[visit_enter] AST=arg line=1 MLIR_ops=[]
[visit_enter] AST=Assign line=0 MLIR_ops=[]
[visit_enter] AST=Constant line=1 MLIR_ops=[]
[visit_enter] AST=Name line=0 MLIR_ops=[]
[visit_enter] AST=Assign line=0 MLIR_ops=[]
[visit_enter] AST=Constant line=1 MLIR_ops=[]
[visit_enter] AST=Name line=0 MLIR_ops=[]
[visit_enter] AST=list line=0 MLIR_ops=[]
[visit_enter] AST=Expr line=2 MLIR_ops=[]
[visit_enter] AST=Call line=2 MLIR_ops=[]
[visit_enter] AST=Attribute line=2 MLIR_ops=[]
[visit_enter] AST=Name line=2 MLIR_ops=[]
[visit_enter] AST=Call line=2 MLIR_ops=[]
[visit_enter] AST=Attribute line=2 MLIR_ops=[]
[visit_enter] AST=Attribute line=2 MLIR_ops=[]
[visit_enter] AST=Attribute line=2 MLIR_ops=[]
[visit_enter] AST=Name line=2 MLIR_ops=[]
[visit_enter] AST=Return line=3 MLIR_ops=[]
[visit_enter] AST=Call line=3 MLIR_ops=[]
[visit_enter] AST=Attribute line=3 MLIR_ops=[]
[visit_enter] AST=Name line=3 MLIR_ops=[]
[visit_enter] AST=keyword line=3 MLIR_ops=[]
[visit_enter] AST=Name line=3 MLIR_ops=[]
[visit_enter] AST=Name line=3 MLIR_ops=[]
[visit_enter] AST=Name line=3 MLIR_ops=[]
[visit_enter] AST=Name line=3 MLIR_ops=[]
[visit_enter] AST=Name line=8 MLIR_ops=[]
[visit_enter] AST=Assign line=9 MLIR_ops=[]
[visit_enter] AST=Call line=9 MLIR_ops=[]
[visit_enter] AST=Attribute line=9 MLIR_ops=[]
[visit_enter] AST=Name line=9 MLIR_ops=[]
[visit_enter] AST=keyword line=9 MLIR_ops=[]
[visit_enter] AST=Constant line=9 MLIR_ops=[]
[visit_enter] AST=Attribute line=9 MLIR_ops=[]
[visit_enter] AST=Name line=9 MLIR_ops=[]
[visit_enter] AST=Name line=9 MLIR_ops=[]
[visit_enter] AST=Assign line=12 MLIR_ops=[]
[visit_enter] AST=Call line=12 MLIR_ops=[]
[visit_enter] AST=Name line=12 MLIR_ops=[]
[visit_enter] AST=Name line=12 MLIR_ops=[]
[visit_enter] AST=Name line=12 MLIR_ops=[]
[visit_enter] AST=Name line=12 MLIR_ops=[]
[visit_enter] AST=Assign line=15 MLIR_ops=[]
[visit_enter] AST=Call line=15 MLIR_ops=[]
[visit_enter] AST=Attribute line=15 MLIR_ops=[]
[visit_enter] AST=Name line=15 MLIR_ops=[]
[visit_enter] AST=Compare line=15 MLIR_ops=[]
[visit_enter] AST=Compare line=15 MLIR_ops=[]
[visit_enter] AST=Name line=15 MLIR_ops=[]
[visit_enter] AST=Name line=15 MLIR_ops=[]
[visit_enter] AST=BinOp line=15 MLIR_ops=[]
[visit_enter] AST=Name line=15 MLIR_ops=[]
[visit_enter] AST=Name line=15 MLIR_ops=[]
[visit_enter] AST=Name line=15 MLIR_ops=[]
[visit_enter] AST=Name line=15 MLIR_ops=[]
[visit_enter] AST=Name line=15 MLIR_ops=[]
[visit_enter] AST=Return line=16 MLIR_ops=[]
[visit_enter] AST=Name line=16 MLIR_ops=[]
[visit_enter] AST=Name line=18 MLIR_ops=[]
[visit_enter] AST=list line=0 MLIR_ops=[]
[visit_enter] AST=Assign line=18 MLIR_ops=[]
[visit_enter] AST=Call line=18 MLIR_ops=[]
[visit_enter] AST=Name line=18 MLIR_ops=[]
[visit_enter] AST=Name line=18 MLIR_ops=[]
[visit_enter] AST=Name line=18 MLIR_ops=[]
[visit_enter] AST=BinOp line=18 MLIR_ops=[]
[visit_enter] AST=BinOp line=18 MLIR_ops=[]
[visit_enter] AST=Name line=18 MLIR_ops=[]
[visit_enter] AST=Constant line=18 MLIR_ops=[]
[visit_enter] AST=Name line=18 MLIR_ops=[]
[visit_enter] AST=Module line=0 MLIR_ops=[]
[visit_enter] AST=FunctionDef line=1 MLIR_ops=[]
[visit_enter] AST=arguments line=0 MLIR_ops=[]
[visit_enter] AST=arg line=1 MLIR_ops=[]
[visit_enter] AST=arg line=1 MLIR_ops=[]
[visit_enter] AST=arg line=1 MLIR_ops=[]
[visit_enter] AST=Attribute line=1 MLIR_ops=[]
[visit_enter] AST=Name line=1 MLIR_ops=[]
[visit_enter] AST=list line=0 MLIR_ops=[]
[visit_enter] AST=AnnAssign line=3 MLIR_ops=[]
[visit_enter] AST=Attribute line=3 MLIR_ops=[]
[visit_enter] AST=Name line=3 MLIR_ops=[]
[visit_enter] AST=Name line=3 MLIR_ops=[]
[visit_enter] AST=Call line=3 MLIR_ops=[]
[visit_enter] AST=Name line=3 MLIR_ops=[]
[visit_enter] AST=Attribute line=3 MLIR_ops=[]
[visit_enter] AST=Name line=3 MLIR_ops=[]
[visit_enter] AST=Assign line=6 MLIR_ops=[]
[visit_enter] AST=Call line=6 MLIR_ops=[]
[visit_enter] AST=Name line=6 MLIR_ops=[]
[visit_enter] AST=keyword line=6 MLIR_ops=[]
[visit_enter] AST=Attribute line=6 MLIR_ops=[]
[visit_enter] AST=Attribute line=6 MLIR_ops=[]
[visit_enter] AST=Name line=6 MLIR_ops=[]
[visit_enter] AST=keyword line=6 MLIR_ops=[]
[visit_enter] AST=Constant line=6 MLIR_ops=[]
[visit_enter] AST=Name line=6 MLIR_ops=[]
[visit_enter] AST=Assign line=7 MLIR_ops=[]
[visit_enter] AST=Call line=7 MLIR_ops=[]
[visit_enter] AST=Attribute line=7 MLIR_ops=[]
[visit_enter] AST=Name line=7 MLIR_ops=[]
[visit_enter] AST=keyword line=7 MLIR_ops=[]
[visit_enter] AST=Constant line=7 MLIR_ops=[]
[visit_enter] AST=Name line=7 MLIR_ops=[]
[visit_enter] AST=Name line=7 MLIR_ops=[]
[visit_enter] AST=Assign line=8 MLIR_ops=[]
[visit_enter] AST=BinOp line=8 MLIR_ops=[]
[visit_enter] AST=Name line=8 MLIR_ops=[]
[visit_enter] AST=Call line=8 MLIR_ops=[]
[visit_enter] AST=Name line=8 MLIR_ops=[]
[visit_enter] AST=Name line=8 MLIR_ops=[]
[visit_enter] AST=BinOp line=8 MLIR_ops=[]
[visit_enter] AST=BinOp line=8 MLIR_ops=[]
[visit_enter] AST=Name line=8 MLIR_ops=[]
[visit_enter] AST=Constant line=8 MLIR_ops=[]
[visit_enter] AST=Name line=8 MLIR_ops=[]
[visit_enter] AST=Constant line=8 MLIR_ops=[]
[visit_enter] AST=Name line=8 MLIR_ops=[]
[visit_enter] AST=Assign line=9 MLIR_ops=[]
[visit_enter] AST=Call line=9 MLIR_ops=[]
[visit_enter] AST=Attribute line=9 MLIR_ops=[]
[visit_enter] AST=Name line=9 MLIR_ops=[]
[visit_enter] AST=keyword line=9 MLIR_ops=[]
[visit_enter] AST=Constant line=9 MLIR_ops=[]
[visit_enter] AST=Attribute line=9 MLIR_ops=[]
[visit_enter] AST=Name line=9 MLIR_ops=[]
[visit_enter] AST=Name line=9 MLIR_ops=[]
[visit_enter] AST=Assign line=12 MLIR_ops=[]
[visit_enter] AST=Call line=12 MLIR_ops=[]
[visit_enter] AST=Name line=12 MLIR_ops=[]
[visit_enter] AST=Name line=12 MLIR_ops=[]
[visit_enter] AST=Name line=12 MLIR_ops=[]
[visit_enter] AST=Name line=12 MLIR_ops=[]
[visit_enter] AST=Assign line=15 MLIR_ops=[]
[visit_enter] AST=Call line=15 MLIR_ops=[]
[visit_enter] AST=Attribute line=15 MLIR_ops=[]
[visit_enter] AST=Name line=15 MLIR_ops=[]
[visit_enter] AST=Compare line=15 MLIR_ops=[]
[visit_enter] AST=Compare line=15 MLIR_ops=[]
[visit_enter] AST=Name line=15 MLIR_ops=[]
[visit_enter] AST=Name line=15 MLIR_ops=[]
[visit_enter] AST=BinOp line=15 MLIR_ops=[]
[visit_enter] AST=Name line=15 MLIR_ops=[]
[visit_enter] AST=Name line=15 MLIR_ops=[]
[visit_enter] AST=Name line=15 MLIR_ops=[]
[visit_enter] AST=Name line=15 MLIR_ops=[]
[visit_enter] AST=Name line=15 MLIR_ops=[]
[visit_enter] AST=Return line=16 MLIR_ops=[]
[visit_enter] AST=Name line=16 MLIR_ops=[]
[visit_enter] AST=Name line=18 MLIR_ops=[]
[visit_enter] AST=list line=0 MLIR_ops=[]
[visit_enter] AST=Assign line=18 MLIR_ops=[]
[visit_enter] AST=Call line=18 MLIR_ops=[]
[visit_enter] AST=Name line=18 MLIR_ops=[]
[visit_enter] AST=Name line=18 MLIR_ops=[]
[visit_enter] AST=Name line=18 MLIR_ops=[]
[visit_enter] AST=BinOp line=18 MLIR_ops=[]
[visit_enter] AST=BinOp line=18 MLIR_ops=[]
[visit_enter] AST=Name line=18 MLIR_ops=[]
[visit_enter] AST=Constant line=18 MLIR_ops=[]
[visit_enter] AST=Name line=18 MLIR_ops=[]
[visit_enter] AST=Module line=0 MLIR_ops=[]
[visit_enter] AST=FunctionDef line=1 MLIR_ops=[]
[visit_enter] AST=arguments line=0 MLIR_ops=[]
[visit_enter] AST=arg line=1 MLIR_ops=[]
[visit_enter] AST=arg line=1 MLIR_ops=[]
[visit_enter] AST=arg line=1 MLIR_ops=[]
[visit_enter] AST=Attribute line=1 MLIR_ops=[]
[visit_enter] AST=Name line=1 MLIR_ops=[]
[visit_enter] AST=list line=0 MLIR_ops=[]
[visit_enter] AST=AnnAssign line=3 MLIR_ops=[]
[visit_enter] AST=Attribute line=3 MLIR_ops=[]
[visit_enter] AST=Name line=3 MLIR_ops=[]
[visit_enter] AST=Name line=3 MLIR_ops=[]
[visit_enter] AST=Call line=3 MLIR_ops=[]
[visit_enter] AST=Name line=3 MLIR_ops=[]
[visit_enter] AST=Attribute line=3 MLIR_ops=[]
[visit_enter] AST=Name line=3 MLIR_ops=[]
[visit_enter] AST=Assign line=6 MLIR_ops=[]
[visit_enter] AST=Call line=6 MLIR_ops=[]
[visit_enter] AST=Name line=6 MLIR_ops=[]
[visit_enter] AST=keyword line=6 MLIR_ops=[]
[visit_enter] AST=Attribute line=6 MLIR_ops=[]
[visit_enter] AST=Attribute line=6 MLIR_ops=[]
[visit_enter] AST=Name line=6 MLIR_ops=[]
[visit_enter] AST=keyword line=6 MLIR_ops=[]
[visit_enter] AST=Constant line=6 MLIR_ops=[]
[visit_enter] AST=Name line=6 MLIR_ops=[]
[visit_enter] AST=Assign line=7 MLIR_ops=[]
[visit_enter] AST=Call line=7 MLIR_ops=[]
[visit_enter] AST=Attribute line=7 MLIR_ops=[]
[visit_enter] AST=Name line=7 MLIR_ops=[]
[visit_enter] AST=keyword line=7 MLIR_ops=[]
[visit_enter] AST=Constant line=7 MLIR_ops=[]
[visit_enter] AST=Name line=7 MLIR_ops=[]
[visit_enter] AST=Name line=7 MLIR_ops=[]
[visit_enter] AST=Assign line=8 MLIR_ops=[]
[visit_enter] AST=BinOp line=8 MLIR_ops=[]
[visit_enter] AST=Name line=8 MLIR_ops=[]
[visit_enter] AST=Call line=8 MLIR_ops=[]
[visit_enter] AST=Name line=8 MLIR_ops=[]
[visit_enter] AST=Name line=8 MLIR_ops=[]
[visit_enter] AST=BinOp line=8 MLIR_ops=[]
[visit_enter] AST=BinOp line=8 MLIR_ops=[]
[visit_enter] AST=Name line=8 MLIR_ops=[]
[visit_enter] AST=Constant line=8 MLIR_ops=[]
[visit_enter] AST=Name line=8 MLIR_ops=[]
[visit_enter] AST=Constant line=8 MLIR_ops=[]
[visit_enter] AST=Name line=8 MLIR_ops=[]
[visit_enter] AST=Assign line=9 MLIR_ops=[]
[visit_enter] AST=Call line=9 MLIR_ops=[]
[visit_enter] AST=Attribute line=9 MLIR_ops=[]
[visit_enter] AST=Name line=9 MLIR_ops=[]
[visit_enter] AST=keyword line=9 MLIR_ops=[]
[visit_enter] AST=Constant line=9 MLIR_ops=[]
[visit_enter] AST=Attribute line=9 MLIR_ops=[]
[visit_enter] AST=Name line=9 MLIR_ops=[]
[visit_enter] AST=Name line=9 MLIR_ops=[]
[visit_enter] AST=Assign line=12 MLIR_ops=[]
[visit_enter] AST=Call line=12 MLIR_ops=[]
[visit_enter] AST=Name line=12 MLIR_ops=[]
[visit_enter] AST=Name line=12 MLIR_ops=[]
[visit_enter] AST=Name line=12 MLIR_ops=[]
[visit_enter] AST=Name line=12 MLIR_ops=[]
[visit_enter] AST=Assign line=15 MLIR_ops=[]
[visit_enter] AST=Call line=15 MLIR_ops=[]
[visit_enter] AST=Attribute line=15 MLIR_ops=[]
[visit_enter] AST=Name line=15 MLIR_ops=[]
[visit_enter] AST=Compare line=15 MLIR_ops=[]
[visit_enter] AST=Compare line=15 MLIR_ops=[]
[visit_enter] AST=Name line=15 MLIR_ops=[]
[visit_enter] AST=Name line=15 MLIR_ops=[]
[visit_enter] AST=BinOp line=15 MLIR_ops=[]
[visit_enter] AST=Name line=15 MLIR_ops=[]
[visit_enter] AST=Name line=15 MLIR_ops=[]
[visit_enter] AST=Name line=15 MLIR_ops=[]
[visit_enter] AST=Name line=15 MLIR_ops=[]
[visit_enter] AST=Name line=15 MLIR_ops=[]
[visit_enter] AST=Return line=16 MLIR_ops=[]
[visit_enter] AST=Name line=16 MLIR_ops=[]
[visit_enter] AST=Name line=18 MLIR_ops=[]
[visit_enter] AST=Return line=19 MLIR_ops=[]
[visit_enter] AST=Name line=19 MLIR_ops=[]
[visit_enter] AST=Name line=28 MLIR_ops=[]
[visit_enter] AST=list line=0 MLIR_ops=[]
[visit_enter] AST=Assign line=28 MLIR_ops=[]
[visit_enter] AST=Call line=28 MLIR_ops=[]
[visit_enter] AST=Name line=28 MLIR_ops=[]
[visit_enter] AST=Name line=28 MLIR_ops=[]
[visit_enter] AST=Name line=28 MLIR_ops=[]
[visit_enter] AST=IfExp line=28 MLIR_ops=[]
[visit_enter] AST=Compare line=28 MLIR_ops=[]
[visit_enter] AST=Name line=28 MLIR_ops=[]
[visit_enter] AST=Name line=28 MLIR_ops=[]
[visit_enter] AST=Constant line=28 MLIR_ops=[]
[visit_enter] AST=Module line=0 MLIR_ops=[]
[visit_enter] AST=FunctionDef line=1 MLIR_ops=[]
[visit_enter] AST=arguments line=0 MLIR_ops=[]
[visit_enter] AST=arg line=1 MLIR_ops=[]
[visit_enter] AST=arg line=1 MLIR_ops=[]
[visit_enter] AST=Attribute line=1 MLIR_ops=[]
[visit_enter] AST=Name line=1 MLIR_ops=[]
[visit_enter] AST=arg line=1 MLIR_ops=[]
[visit_enter] AST=Attribute line=1 MLIR_ops=[]
[visit_enter] AST=Name line=1 MLIR_ops=[]
[visit_enter] AST=list line=0 MLIR_ops=[]
[visit_enter] AST=Expr line=2 MLIR_ops=[]
[visit_enter] AST=Constant line=2 MLIR_ops=[]
[visit_enter] AST=If line=12 MLIR_ops=[]
[visit_enter] AST=Compare line=12 MLIR_ops=[]
[visit_enter] AST=Name line=12 MLIR_ops=[]
[visit_enter] AST=Constant line=12 MLIR_ops=[]
[visit_enter] AST=list line=0 MLIR_ops=[]
[visit_enter] AST=Assign line=13 MLIR_ops=[]
[visit_enter] AST=Call line=13 MLIR_ops=[]
[visit_enter] AST=Name line=13 MLIR_ops=[]
[visit_enter] AST=Call line=13 MLIR_ops=[]
[visit_enter] AST=Name line=13 MLIR_ops=[]
[visit_enter] AST=Attribute line=13 MLIR_ops=[]
[visit_enter] AST=Name line=13 MLIR_ops=[]
[visit_enter] AST=Name line=13 MLIR_ops=[]
[visit_enter] AST=Module line=0 MLIR_ops=[]
[visit_enter] AST=FunctionDef line=1 MLIR_ops=[]
[visit_enter] AST=arguments line=0 MLIR_ops=[]
[visit_enter] AST=arg line=1 MLIR_ops=[]
[visit_enter] AST=Attribute line=1 MLIR_ops=[]
[visit_enter] AST=Name line=1 MLIR_ops=[]
[visit_enter] AST=arg line=1 MLIR_ops=[]
[visit_enter] AST=Attribute line=1 MLIR_ops=[]
[visit_enter] AST=Name line=1 MLIR_ops=[]
[visit_enter] AST=list line=0 MLIR_ops=[]
[visit_enter] AST=Assign line=2 MLIR_ops=[]
[visit_enter] AST=Call line=2 MLIR_ops=[]
[visit_enter] AST=Attribute line=2 MLIR_ops=[]
[visit_enter] AST=Name line=2 MLIR_ops=[]
[visit_enter] AST=Constant line=2 MLIR_ops=[]
[visit_enter] AST=Constant line=2 MLIR_ops=[]
[visit_enter] AST=Name line=2 MLIR_ops=[]
[visit_enter] AST=Assign line=3 MLIR_ops=[]
[visit_enter] AST=Call line=3 MLIR_ops=[]
[visit_enter] AST=Attribute line=3 MLIR_ops=[]
[visit_enter] AST=Name line=3 MLIR_ops=[]
[visit_enter] AST=Name line=3 MLIR_ops=[]
[visit_enter] AST=BinOp line=3 MLIR_ops=[]
[visit_enter] AST=BinOp line=3 MLIR_ops=[]
[visit_enter] AST=BinOp line=3 MLIR_ops=[]
[visit_enter] AST=List line=3 MLIR_ops=[]
[visit_enter] AST=Load line=0 MLIR_ops=[]
[visit_enter] AST=Constant line=3 MLIR_ops=[]
[visit_enter] AST=BinOp line=3 MLIR_ops=[]
[visit_enter] AST=BinOp line=3 MLIR_ops=[]
[visit_enter] AST=Name line=3 MLIR_ops=[]
[visit_enter] AST=Name line=3 MLIR_ops=[]
[visit_enter] AST=Constant line=3 MLIR_ops=[]
[visit_enter] AST=List line=3 MLIR_ops=[]
[visit_enter] AST=Load line=0 MLIR_ops=[]
[visit_enter] AST=Constant line=3 MLIR_ops=[]
[visit_enter] AST=BinOp line=3 MLIR_ops=[]
[visit_enter] AST=List line=3 MLIR_ops=[]
[visit_enter] AST=Load line=0 MLIR_ops=[]
[visit_enter] AST=Constant line=3 MLIR_ops=[]
[visit_enter] AST=Name line=3 MLIR_ops=[]
[visit_enter] AST=Name line=3 MLIR_ops=[]
[visit_enter] AST=Return line=4 MLIR_ops=[]
[visit_enter] AST=Name line=4 MLIR_ops=[]
[visit_enter] AST=Name line=13 MLIR_ops=[]
[visit_enter] AST=For line=17 MLIR_ops=[]
[visit_enter] AST=Attribute line=17 MLIR_ops=[]
[visit_enter] AST=Name line=17 MLIR_ops=[]
[visit_enter] AST=Name line=17 MLIR_ops=[]
[visit_enter] AST=list line=0 MLIR_ops=[]
[visit_enter] AST=Assign line=18 MLIR_ops=[]
[visit_enter] AST=Call line=18 MLIR_ops=[]
[visit_enter] AST=Name line=18 MLIR_ops=[]
[visit_enter] AST=Name line=18 MLIR_ops=[]
[visit_enter] AST=Name line=18 MLIR_ops=[]
[visit_enter] AST=BinOp line=18 MLIR_ops=[]
[visit_enter] AST=BinOp line=18 MLIR_ops=[]
[visit_enter] AST=Name line=18 MLIR_ops=[]
[visit_enter] AST=Constant line=18 MLIR_ops=[]
[visit_enter] AST=Name line=18 MLIR_ops=[]
[visit_enter] AST=Module line=0 MLIR_ops=[]
[visit_enter] AST=FunctionDef line=1 MLIR_ops=[]
[visit_enter] AST=arguments line=0 MLIR_ops=[]
[visit_enter] AST=arg line=1 MLIR_ops=[]
[visit_enter] AST=arg line=1 MLIR_ops=[]
[visit_enter] AST=arg line=1 MLIR_ops=[]
[visit_enter] AST=Attribute line=1 MLIR_ops=[]
[visit_enter] AST=Name line=1 MLIR_ops=[]
[visit_enter] AST=list line=0 MLIR_ops=[]
[visit_enter] AST=AnnAssign line=3 MLIR_ops=[]
[visit_enter] AST=Attribute line=3 MLIR_ops=[]
[visit_enter] AST=Name line=3 MLIR_ops=[]
[visit_enter] AST=Name line=3 MLIR_ops=[]
[visit_enter] AST=Call line=3 MLIR_ops=[]
[visit_enter] AST=Name line=3 MLIR_ops=[]
[visit_enter] AST=Attribute line=3 MLIR_ops=[]
[visit_enter] AST=Name line=3 MLIR_ops=[]
[visit_enter] AST=Assign line=6 MLIR_ops=[]
[visit_enter] AST=Call line=6 MLIR_ops=[]
[visit_enter] AST=Name line=6 MLIR_ops=[]
[visit_enter] AST=keyword line=6 MLIR_ops=[]
[visit_enter] AST=Attribute line=6 MLIR_ops=[]
[visit_enter] AST=Attribute line=6 MLIR_ops=[]
[visit_enter] AST=Name line=6 MLIR_ops=[]
[visit_enter] AST=keyword line=6 MLIR_ops=[]
[visit_enter] AST=Constant line=6 MLIR_ops=[]
[visit_enter] AST=Name line=6 MLIR_ops=[]
[visit_enter] AST=Assign line=7 MLIR_ops=[]
[visit_enter] AST=Call line=7 MLIR_ops=[]
[visit_enter] AST=Attribute line=7 MLIR_ops=[]
[visit_enter] AST=Name line=7 MLIR_ops=[]
[visit_enter] AST=keyword line=7 MLIR_ops=[]
[visit_enter] AST=Constant line=7 MLIR_ops=[]
[visit_enter] AST=Name line=7 MLIR_ops=[]
[visit_enter] AST=Name line=7 MLIR_ops=[]
[visit_enter] AST=Assign line=8 MLIR_ops=[]
[visit_enter] AST=BinOp line=8 MLIR_ops=[]
[visit_enter] AST=Name line=8 MLIR_ops=[]
[visit_enter] AST=Call line=8 MLIR_ops=[]
[visit_enter] AST=Name line=8 MLIR_ops=[]
[visit_enter] AST=Name line=8 MLIR_ops=[]
[visit_enter] AST=BinOp line=8 MLIR_ops=[]
[visit_enter] AST=BinOp line=8 MLIR_ops=[]
[visit_enter] AST=Name line=8 MLIR_ops=[]
[visit_enter] AST=Constant line=8 MLIR_ops=[]
[visit_enter] AST=Name line=8 MLIR_ops=[]
[visit_enter] AST=Constant line=8 MLIR_ops=[]
[visit_enter] AST=Module line=0 MLIR_ops=[]
[visit_enter] AST=FunctionDef line=1 MLIR_ops=[]
[visit_enter] AST=arguments line=0 MLIR_ops=[]
[visit_enter] AST=arg line=1 MLIR_ops=[]
[visit_enter] AST=arg line=1 MLIR_ops=[]
[visit_enter] AST=arg line=1 MLIR_ops=[]
[visit_enter] AST=Assign line=0 MLIR_ops=[]
[visit_enter] AST=Constant line=1 MLIR_ops=[]
[visit_enter] AST=Name line=0 MLIR_ops=[]
[visit_enter] AST=Assign line=0 MLIR_ops=[]
[visit_enter] AST=Constant line=1 MLIR_ops=[]
[visit_enter] AST=Name line=0 MLIR_ops=[]
[visit_enter] AST=list line=0 MLIR_ops=[]
[visit_enter] AST=Expr line=2 MLIR_ops=[]
[visit_enter] AST=Call line=2 MLIR_ops=[]
[visit_enter] AST=Attribute line=2 MLIR_ops=[]
[visit_enter] AST=Name line=2 MLIR_ops=[]
[visit_enter] AST=Call line=2 MLIR_ops=[]
[visit_enter] AST=Attribute line=2 MLIR_ops=[]
[visit_enter] AST=Attribute line=2 MLIR_ops=[]
[visit_enter] AST=Attribute line=2 MLIR_ops=[]
[visit_enter] AST=Name line=2 MLIR_ops=[]
[visit_enter] AST=Return line=3 MLIR_ops=[]
[visit_enter] AST=Call line=3 MLIR_ops=[]
[visit_enter] AST=Attribute line=3 MLIR_ops=[]
[visit_enter] AST=Name line=3 MLIR_ops=[]
[visit_enter] AST=keyword line=3 MLIR_ops=[]
[visit_enter] AST=Name line=3 MLIR_ops=[]
[visit_enter] AST=Name line=3 MLIR_ops=[]
[visit_enter] AST=Name line=3 MLIR_ops=[]
[visit_enter] AST=Name line=3 MLIR_ops=[]
[visit_enter] AST=Name line=8 MLIR_ops=[]
[visit_enter] AST=Assign line=9 MLIR_ops=[]
[visit_enter] AST=Call line=9 MLIR_ops=[]
[visit_enter] AST=Attribute line=9 MLIR_ops=[]
[visit_enter] AST=Name line=9 MLIR_ops=[]
[visit_enter] AST=keyword line=9 MLIR_ops=[]
[visit_enter] AST=Constant line=9 MLIR_ops=[]
[visit_enter] AST=Attribute line=9 MLIR_ops=[]
[visit_enter] AST=Name line=9 MLIR_ops=[]
[visit_enter] AST=Name line=9 MLIR_ops=[]
[visit_enter] AST=Assign line=12 MLIR_ops=[]
[visit_enter] AST=Call line=12 MLIR_ops=[]
[visit_enter] AST=Name line=12 MLIR_ops=[]
[visit_enter] AST=Name line=12 MLIR_ops=[]
[visit_enter] AST=Name line=12 MLIR_ops=[]
[visit_enter] AST=Name line=12 MLIR_ops=[]
[visit_enter] AST=Assign line=15 MLIR_ops=[]
[visit_enter] AST=Call line=15 MLIR_ops=[]
[visit_enter] AST=Attribute line=15 MLIR_ops=[]
[visit_enter] AST=Name line=15 MLIR_ops=[]
[visit_enter] AST=Compare line=15 MLIR_ops=[]
[visit_enter] AST=Compare line=15 MLIR_ops=[]
[visit_enter] AST=Name line=15 MLIR_ops=[]
[visit_enter] AST=Name line=15 MLIR_ops=[]
[visit_enter] AST=BinOp line=15 MLIR_ops=[]
[visit_enter] AST=Name line=15 MLIR_ops=[]
[visit_enter] AST=Name line=15 MLIR_ops=[]
[visit_enter] AST=Name line=15 MLIR_ops=[]
[visit_enter] AST=Name line=15 MLIR_ops=[]
[visit_enter] AST=Name line=15 MLIR_ops=[]
[visit_enter] AST=Return line=16 MLIR_ops=[]
[visit_enter] AST=Name line=16 MLIR_ops=[]
[visit_enter] AST=Name line=18 MLIR_ops=[]
[visit_enter] AST=list line=0 MLIR_ops=[]
[visit_enter] AST=Assign line=18 MLIR_ops=[]
[visit_enter] AST=Call line=18 MLIR_ops=[]
[visit_enter] AST=Name line=18 MLIR_ops=[]
[visit_enter] AST=Name line=18 MLIR_ops=[]
[visit_enter] AST=Name line=18 MLIR_ops=[]
[visit_enter] AST=BinOp line=18 MLIR_ops=[]
[visit_enter] AST=BinOp line=18 MLIR_ops=[]
[visit_enter] AST=Name line=18 MLIR_ops=[]
[visit_enter] AST=Constant line=18 MLIR_ops=[]
[visit_enter] AST=Name line=18 MLIR_ops=[]
[visit_enter] AST=Module line=0 MLIR_ops=[]
[visit_enter] AST=FunctionDef line=1 MLIR_ops=[]
[visit_enter] AST=arguments line=0 MLIR_ops=[]
[visit_enter] AST=arg line=1 MLIR_ops=[]
[visit_enter] AST=arg line=1 MLIR_ops=[]
[visit_enter] AST=arg line=1 MLIR_ops=[]
[visit_enter] AST=Attribute line=1 MLIR_ops=[]
[visit_enter] AST=Name line=1 MLIR_ops=[]
[visit_enter] AST=list line=0 MLIR_ops=[]
[visit_enter] AST=AnnAssign line=3 MLIR_ops=[]
[visit_enter] AST=Attribute line=3 MLIR_ops=[]
[visit_enter] AST=Name line=3 MLIR_ops=[]
[visit_enter] AST=Name line=3 MLIR_ops=[]
[visit_enter] AST=Call line=3 MLIR_ops=[]
[visit_enter] AST=Name line=3 MLIR_ops=[]
[visit_enter] AST=Attribute line=3 MLIR_ops=[]
[visit_enter] AST=Name line=3 MLIR_ops=[]
[visit_enter] AST=Assign line=6 MLIR_ops=[]
[visit_enter] AST=Call line=6 MLIR_ops=[]
[visit_enter] AST=Name line=6 MLIR_ops=[]
[visit_enter] AST=keyword line=6 MLIR_ops=[]
[visit_enter] AST=Attribute line=6 MLIR_ops=[]
[visit_enter] AST=Attribute line=6 MLIR_ops=[]
[visit_enter] AST=Name line=6 MLIR_ops=[]
[visit_enter] AST=keyword line=6 MLIR_ops=[]
[visit_enter] AST=Constant line=6 MLIR_ops=[]
[visit_enter] AST=Name line=6 MLIR_ops=[]
[visit_enter] AST=Assign line=7 MLIR_ops=[]
[visit_enter] AST=Call line=7 MLIR_ops=[]
[visit_enter] AST=Attribute line=7 MLIR_ops=[]
[visit_enter] AST=Name line=7 MLIR_ops=[]
[visit_enter] AST=keyword line=7 MLIR_ops=[]
[visit_enter] AST=Constant line=7 MLIR_ops=[]
[visit_enter] AST=Name line=7 MLIR_ops=[]
[visit_enter] AST=Name line=7 MLIR_ops=[]
[visit_enter] AST=Assign line=8 MLIR_ops=[]
[visit_enter] AST=BinOp line=8 MLIR_ops=[]
[visit_enter] AST=Name line=8 MLIR_ops=[]
[visit_enter] AST=Call line=8 MLIR_ops=[]
[visit_enter] AST=Name line=8 MLIR_ops=[]
[visit_enter] AST=Name line=8 MLIR_ops=[]
[visit_enter] AST=BinOp line=8 MLIR_ops=[]
[visit_enter] AST=BinOp line=8 MLIR_ops=[]
[visit_enter] AST=Name line=8 MLIR_ops=[]
[visit_enter] AST=Constant line=8 MLIR_ops=[]
[visit_enter] AST=Name line=8 MLIR_ops=[]
[visit_enter] AST=Constant line=8 MLIR_ops=[]
[visit_enter] AST=Name line=8 MLIR_ops=[]
[visit_enter] AST=Assign line=9 MLIR_ops=[]
[visit_enter] AST=Call line=9 MLIR_ops=[]
[visit_enter] AST=Attribute line=9 MLIR_ops=[]
[visit_enter] AST=Name line=9 MLIR_ops=[]
[visit_enter] AST=keyword line=9 MLIR_ops=[]
[visit_enter] AST=Constant line=9 MLIR_ops=[]
[visit_enter] AST=Attribute line=9 MLIR_ops=[]
[visit_enter] AST=Name line=9 MLIR_ops=[]
[visit_enter] AST=Name line=9 MLIR_ops=[]
[visit_enter] AST=Assign line=12 MLIR_ops=[]
[visit_enter] AST=Call line=12 MLIR_ops=[]
[visit_enter] AST=Name line=12 MLIR_ops=[]
[visit_enter] AST=Name line=12 MLIR_ops=[]
[visit_enter] AST=Name line=12 MLIR_ops=[]
[visit_enter] AST=Name line=12 MLIR_ops=[]
[visit_enter] AST=Assign line=15 MLIR_ops=[]
[visit_enter] AST=Call line=15 MLIR_ops=[]
[visit_enter] AST=Attribute line=15 MLIR_ops=[]
[visit_enter] AST=Name line=15 MLIR_ops=[]
[visit_enter] AST=Compare line=15 MLIR_ops=[]
[visit_enter] AST=Compare line=15 MLIR_ops=[]
[visit_enter] AST=Name line=15 MLIR_ops=[]
[visit_enter] AST=Name line=15 MLIR_ops=[]
[visit_enter] AST=BinOp line=15 MLIR_ops=[]
[visit_enter] AST=Name line=15 MLIR_ops=[]
[visit_enter] AST=Name line=15 MLIR_ops=[]
[visit_enter] AST=Name line=15 MLIR_ops=[]
[visit_enter] AST=Name line=15 MLIR_ops=[]
[visit_enter] AST=Name line=15 MLIR_ops=[]
[visit_enter] AST=Return line=16 MLIR_ops=[]
[visit_enter] AST=Name line=16 MLIR_ops=[]
[visit_enter] AST=Name line=18 MLIR_ops=[]
[visit_enter] AST=list line=0 MLIR_ops=[]
[visit_enter] AST=Assign line=18 MLIR_ops=[]
[visit_enter] AST=Call line=18 MLIR_ops=[]
[visit_enter] AST=Name line=18 MLIR_ops=[]
[visit_enter] AST=Name line=18 MLIR_ops=[]
[visit_enter] AST=Name line=18 MLIR_ops=[]
[visit_enter] AST=BinOp line=18 MLIR_ops=[]
[visit_enter] AST=BinOp line=18 MLIR_ops=[]
[visit_enter] AST=Name line=18 MLIR_ops=[]
[visit_enter] AST=Constant line=18 MLIR_ops=[]
[visit_enter] AST=Name line=18 MLIR_ops=[]
[visit_enter] AST=Module line=0 MLIR_ops=[]
[visit_enter] AST=FunctionDef line=1 MLIR_ops=[]
[visit_enter] AST=arguments line=0 MLIR_ops=[]
[visit_enter] AST=arg line=1 MLIR_ops=[]
[visit_enter] AST=arg line=1 MLIR_ops=[]
[visit_enter] AST=arg line=1 MLIR_ops=[]
[visit_enter] AST=Attribute line=1 MLIR_ops=[]
[visit_enter] AST=Name line=1 MLIR_ops=[]
[visit_enter] AST=list line=0 MLIR_ops=[]
[visit_enter] AST=AnnAssign line=3 MLIR_ops=[]
[visit_enter] AST=Attribute line=3 MLIR_ops=[]
[visit_enter] AST=Name line=3 MLIR_ops=[]
[visit_enter] AST=Name line=3 MLIR_ops=[]
[visit_enter] AST=Call line=3 MLIR_ops=[]
[visit_enter] AST=Name line=3 MLIR_ops=[]
[visit_enter] AST=Attribute line=3 MLIR_ops=[]
[visit_enter] AST=Name line=3 MLIR_ops=[]
[visit_enter] AST=Assign line=6 MLIR_ops=[]
[visit_enter] AST=Call line=6 MLIR_ops=[]
[visit_enter] AST=Name line=6 MLIR_ops=[]
[visit_enter] AST=keyword line=6 MLIR_ops=[]
[visit_enter] AST=Attribute line=6 MLIR_ops=[]
[visit_enter] AST=Attribute line=6 MLIR_ops=[]
[visit_enter] AST=Name line=6 MLIR_ops=[]
[visit_enter] AST=keyword line=6 MLIR_ops=[]
[visit_enter] AST=Constant line=6 MLIR_ops=[]
[visit_enter] AST=Name line=6 MLIR_ops=[]
[visit_enter] AST=Assign line=7 MLIR_ops=[]
[visit_enter] AST=Call line=7 MLIR_ops=[]
[visit_enter] AST=Attribute line=7 MLIR_ops=[]
[visit_enter] AST=Name line=7 MLIR_ops=[]
[visit_enter] AST=keyword line=7 MLIR_ops=[]
[visit_enter] AST=Constant line=7 MLIR_ops=[]
[visit_enter] AST=Name line=7 MLIR_ops=[]
[visit_enter] AST=Name line=7 MLIR_ops=[]
[visit_enter] AST=Assign line=8 MLIR_ops=[]
[visit_enter] AST=BinOp line=8 MLIR_ops=[]
[visit_enter] AST=Name line=8 MLIR_ops=[]
[visit_enter] AST=Call line=8 MLIR_ops=[]
[visit_enter] AST=Name line=8 MLIR_ops=[]
[visit_enter] AST=Name line=8 MLIR_ops=[]
[visit_enter] AST=BinOp line=8 MLIR_ops=[]
[visit_enter] AST=BinOp line=8 MLIR_ops=[]
[visit_enter] AST=Name line=8 MLIR_ops=[]
[visit_enter] AST=Constant line=8 MLIR_ops=[]
[visit_enter] AST=Name line=8 MLIR_ops=[]
[visit_enter] AST=Constant line=8 MLIR_ops=[]
[visit_enter] AST=Name line=8 MLIR_ops=[]
[visit_enter] AST=Assign line=9 MLIR_ops=[]
[visit_enter] AST=Call line=9 MLIR_ops=[]
[visit_enter] AST=Attribute line=9 MLIR_ops=[]
[visit_enter] AST=Name line=9 MLIR_ops=[]
[visit_enter] AST=keyword line=9 MLIR_ops=[]
[visit_enter] AST=Constant line=9 MLIR_ops=[]
[visit_enter] AST=Attribute line=9 MLIR_ops=[]
[visit_enter] AST=Name line=9 MLIR_ops=[]
[visit_enter] AST=Name line=9 MLIR_ops=[]
[visit_enter] AST=Assign line=12 MLIR_ops=[]
[visit_enter] AST=Call line=12 MLIR_ops=[]
[visit_enter] AST=Name line=12 MLIR_ops=[]
[visit_enter] AST=Name line=12 MLIR_ops=[]
[visit_enter] AST=Name line=12 MLIR_ops=[]
[visit_enter] AST=Name line=12 MLIR_ops=[]
[visit_enter] AST=Assign line=15 MLIR_ops=[]
[visit_enter] AST=Call line=15 MLIR_ops=[]
[visit_enter] AST=Attribute line=15 MLIR_ops=[]
[visit_enter] AST=Name line=15 MLIR_ops=[]
[visit_enter] AST=Compare line=15 MLIR_ops=[]
[visit_enter] AST=Compare line=15 MLIR_ops=[]
[visit_enter] AST=Name line=15 MLIR_ops=[]
[visit_enter] AST=Name line=15 MLIR_ops=[]
[visit_enter] AST=BinOp line=15 MLIR_ops=[]
[visit_enter] AST=Name line=15 MLIR_ops=[]
[visit_enter] AST=Name line=15 MLIR_ops=[]
[visit_enter] AST=Name line=15 MLIR_ops=[]
[visit_enter] AST=Name line=15 MLIR_ops=[]
[visit_enter] AST=Name line=15 MLIR_ops=[]
[visit_enter] AST=Return line=16 MLIR_ops=[]
[visit_enter] AST=Name line=16 MLIR_ops=[]
[visit_enter] AST=Name line=18 MLIR_ops=[]
[visit_enter] AST=list line=0 MLIR_ops=[]
[visit_enter] AST=Assign line=18 MLIR_ops=[]
[visit_enter] AST=Call line=18 MLIR_ops=[]
[visit_enter] AST=Name line=18 MLIR_ops=[]
[visit_enter] AST=Name line=18 MLIR_ops=[]
[visit_enter] AST=Name line=18 MLIR_ops=[]
[visit_enter] AST=BinOp line=18 MLIR_ops=[]
[visit_enter] AST=BinOp line=18 MLIR_ops=[]
[visit_enter] AST=Name line=18 MLIR_ops=[]
[visit_enter] AST=Constant line=18 MLIR_ops=[]
[visit_enter] AST=Name line=18 MLIR_ops=[]
[visit_enter] AST=Module line=0 MLIR_ops=[]
[visit_enter] AST=FunctionDef line=1 MLIR_ops=[]
[visit_enter] AST=arguments line=0 MLIR_ops=[]
[visit_enter] AST=arg line=1 MLIR_ops=[]
[visit_enter] AST=arg line=1 MLIR_ops=[]
[visit_enter] AST=arg line=1 MLIR_ops=[]
[visit_enter] AST=Attribute line=1 MLIR_ops=[]
[visit_enter] AST=Name line=1 MLIR_ops=[]
[visit_enter] AST=list line=0 MLIR_ops=[]
[visit_enter] AST=AnnAssign line=3 MLIR_ops=[]
[visit_enter] AST=Attribute line=3 MLIR_ops=[]
[visit_enter] AST=Name line=3 MLIR_ops=[]
[visit_enter] AST=Name line=3 MLIR_ops=[]
[visit_enter] AST=Call line=3 MLIR_ops=[]
[visit_enter] AST=Name line=3 MLIR_ops=[]
[visit_enter] AST=Attribute line=3 MLIR_ops=[]
[visit_enter] AST=Name line=3 MLIR_ops=[]
[visit_enter] AST=Assign line=6 MLIR_ops=[]
[visit_enter] AST=Call line=6 MLIR_ops=[]
[visit_enter] AST=Name line=6 MLIR_ops=[]
[visit_enter] AST=keyword line=6 MLIR_ops=[]
[visit_enter] AST=Attribute line=6 MLIR_ops=[]
[visit_enter] AST=Attribute line=6 MLIR_ops=[]
[visit_enter] AST=Name line=6 MLIR_ops=[]
[visit_enter] AST=keyword line=6 MLIR_ops=[]
[visit_enter] AST=Constant line=6 MLIR_ops=[]
[visit_enter] AST=Name line=6 MLIR_ops=[]
[visit_enter] AST=Assign line=7 MLIR_ops=[]
[visit_enter] AST=Call line=7 MLIR_ops=[]
[visit_enter] AST=Attribute line=7 MLIR_ops=[]
[visit_enter] AST=Name line=7 MLIR_ops=[]
[visit_enter] AST=keyword line=7 MLIR_ops=[]
[visit_enter] AST=Constant line=7 MLIR_ops=[]
[visit_enter] AST=Name line=7 MLIR_ops=[]
[visit_enter] AST=Name line=7 MLIR_ops=[]
[visit_enter] AST=Assign line=8 MLIR_ops=[]
[visit_enter] AST=BinOp line=8 MLIR_ops=[]
[visit_enter] AST=Name line=8 MLIR_ops=[]
[visit_enter] AST=Call line=8 MLIR_ops=[]
[visit_enter] AST=Name line=8 MLIR_ops=[]
[visit_enter] AST=Name line=8 MLIR_ops=[]
[visit_enter] AST=BinOp line=8 MLIR_ops=[]
[visit_enter] AST=BinOp line=8 MLIR_ops=[]
[visit_enter] AST=Name line=8 MLIR_ops=[]
[visit_enter] AST=Constant line=8 MLIR_ops=[]
[visit_enter] AST=Name line=8 MLIR_ops=[]
[visit_enter] AST=Constant line=8 MLIR_ops=[]
[visit_enter] AST=Name line=8 MLIR_ops=[]
[visit_enter] AST=Assign line=9 MLIR_ops=[]
[visit_enter] AST=Call line=9 MLIR_ops=[]
[visit_enter] AST=Attribute line=9 MLIR_ops=[]
[visit_enter] AST=Name line=9 MLIR_ops=[]
[visit_enter] AST=keyword line=9 MLIR_ops=[]
[visit_enter] AST=Constant line=9 MLIR_ops=[]
[visit_enter] AST=Attribute line=9 MLIR_ops=[]
[visit_enter] AST=Name line=9 MLIR_ops=[]
[visit_enter] AST=Name line=9 MLIR_ops=[]
[visit_enter] AST=Assign line=12 MLIR_ops=[]
[visit_enter] AST=Call line=12 MLIR_ops=[]
[visit_enter] AST=Name line=12 MLIR_ops=[]
[visit_enter] AST=Name line=12 MLIR_ops=[]
[visit_enter] AST=Name line=12 MLIR_ops=[]
[visit_enter] AST=Name line=12 MLIR_ops=[]
[visit_enter] AST=Assign line=15 MLIR_ops=[]
[visit_enter] AST=Call line=15 MLIR_ops=[]
[visit_enter] AST=Attribute line=15 MLIR_ops=[]
[visit_enter] AST=Name line=15 MLIR_ops=[]
[visit_enter] AST=Compare line=15 MLIR_ops=[]
[visit_enter] AST=Compare line=15 MLIR_ops=[]
[visit_enter] AST=Name line=15 MLIR_ops=[]
[visit_enter] AST=Name line=15 MLIR_ops=[]
[visit_enter] AST=BinOp line=15 MLIR_ops=[]
[visit_enter] AST=Name line=15 MLIR_ops=[]
[visit_enter] AST=Name line=15 MLIR_ops=[]
[visit_enter] AST=Name line=15 MLIR_ops=[]
[visit_enter] AST=Name line=15 MLIR_ops=[]
[visit_enter] AST=Name line=15 MLIR_ops=[]
[visit_enter] AST=Return line=16 MLIR_ops=[]
[visit_enter] AST=Name line=16 MLIR_ops=[]
[visit_enter] AST=Name line=18 MLIR_ops=[]
[visit_enter] AST=Return line=19 MLIR_ops=[]
[visit_enter] AST=Name line=19 MLIR_ops=[]
[visit_enter] AST=Name line=28 MLIR_ops=[]
[visit_enter] AST=list line=0 MLIR_ops=[]
[visit_enter] AST=Assign line=28 MLIR_ops=[]
[visit_enter] AST=Call line=28 MLIR_ops=[]
[visit_enter] AST=Name line=28 MLIR_ops=[]
[visit_enter] AST=Name line=28 MLIR_ops=[]
[visit_enter] AST=Name line=28 MLIR_ops=[]
[visit_enter] AST=IfExp line=28 MLIR_ops=[]
[visit_enter] AST=Compare line=28 MLIR_ops=[]
[visit_enter] AST=Name line=28 MLIR_ops=[]
[visit_enter] AST=Name line=28 MLIR_ops=[]
[visit_enter] AST=Constant line=28 MLIR_ops=[]
[visit_enter] AST=Module line=0 MLIR_ops=[]
[visit_enter] AST=FunctionDef line=1 MLIR_ops=[]
[visit_enter] AST=arguments line=0 MLIR_ops=[]
[visit_enter] AST=arg line=1 MLIR_ops=[]
[visit_enter] AST=arg line=1 MLIR_ops=[]
[visit_enter] AST=Attribute line=1 MLIR_ops=[]
[visit_enter] AST=Name line=1 MLIR_ops=[]
[visit_enter] AST=arg line=1 MLIR_ops=[]
[visit_enter] AST=Attribute line=1 MLIR_ops=[]
[visit_enter] AST=Name line=1 MLIR_ops=[]
[visit_enter] AST=list line=0 MLIR_ops=[]
[visit_enter] AST=Expr line=2 MLIR_ops=[]
[visit_enter] AST=Constant line=2 MLIR_ops=[]
[visit_enter] AST=If line=12 MLIR_ops=[]
[visit_enter] AST=Compare line=12 MLIR_ops=[]
[visit_enter] AST=Name line=12 MLIR_ops=[]
[visit_enter] AST=Constant line=12 MLIR_ops=[]
[visit_enter] AST=list line=0 MLIR_ops=[]
[visit_enter] AST=Assign line=13 MLIR_ops=[]
[visit_enter] AST=Call line=13 MLIR_ops=[]
[visit_enter] AST=Name line=13 MLIR_ops=[]
[visit_enter] AST=Call line=13 MLIR_ops=[]
[visit_enter] AST=Name line=13 MLIR_ops=[]
[visit_enter] AST=Attribute line=13 MLIR_ops=[]
[visit_enter] AST=Name line=13 MLIR_ops=[]
[visit_enter] AST=Name line=13 MLIR_ops=[]
[visit_enter] AST=Module line=0 MLIR_ops=[]
[visit_enter] AST=FunctionDef line=1 MLIR_ops=[]
[visit_enter] AST=arguments line=0 MLIR_ops=[]
[visit_enter] AST=arg line=1 MLIR_ops=[]
[visit_enter] AST=Attribute line=1 MLIR_ops=[]
[visit_enter] AST=Name line=1 MLIR_ops=[]
[visit_enter] AST=arg line=1 MLIR_ops=[]
[visit_enter] AST=Attribute line=1 MLIR_ops=[]
[visit_enter] AST=Name line=1 MLIR_ops=[]
[visit_enter] AST=list line=0 MLIR_ops=[]
[visit_enter] AST=Assign line=2 MLIR_ops=[]
[visit_enter] AST=Call line=2 MLIR_ops=[]
[visit_enter] AST=Attribute line=2 MLIR_ops=[]
[visit_enter] AST=Name line=2 MLIR_ops=[]
[visit_enter] AST=Constant line=2 MLIR_ops=[]
[visit_enter] AST=Constant line=2 MLIR_ops=[]
[visit_enter] AST=Name line=2 MLIR_ops=[]
[visit_enter] AST=Assign line=3 MLIR_ops=[]
[visit_enter] AST=Call line=3 MLIR_ops=[]
[visit_enter] AST=Attribute line=3 MLIR_ops=[]
[visit_enter] AST=Name line=3 MLIR_ops=[]
[visit_enter] AST=Name line=3 MLIR_ops=[]
[visit_enter] AST=BinOp line=3 MLIR_ops=[]
[visit_enter] AST=BinOp line=3 MLIR_ops=[]
[visit_enter] AST=BinOp line=3 MLIR_ops=[]
[visit_enter] AST=List line=3 MLIR_ops=[]
[visit_enter] AST=Load line=0 MLIR_ops=[]
[visit_enter] AST=Constant line=3 MLIR_ops=[]
[visit_enter] AST=BinOp line=3 MLIR_ops=[]
[visit_enter] AST=BinOp line=3 MLIR_ops=[]
[visit_enter] AST=Name line=3 MLIR_ops=[]
[visit_enter] AST=Name line=3 MLIR_ops=[]
[visit_enter] AST=Constant line=3 MLIR_ops=[]
[visit_enter] AST=List line=3 MLIR_ops=[]
[visit_enter] AST=Load line=0 MLIR_ops=[]
[visit_enter] AST=Constant line=3 MLIR_ops=[]
[visit_enter] AST=BinOp line=3 MLIR_ops=[]
[visit_enter] AST=List line=3 MLIR_ops=[]
[visit_enter] AST=Load line=0 MLIR_ops=[]
[visit_enter] AST=Constant line=3 MLIR_ops=[]
[visit_enter] AST=Name line=3 MLIR_ops=[]
[visit_enter] AST=Name line=3 MLIR_ops=[]
[visit_enter] AST=Return line=4 MLIR_ops=[]
[visit_enter] AST=Name line=4 MLIR_ops=[]
[visit_enter] AST=Name line=13 MLIR_ops=[]
[visit_enter] AST=For line=17 MLIR_ops=[]
[visit_enter] AST=Attribute line=17 MLIR_ops=[]
[visit_enter] AST=Name line=17 MLIR_ops=[]
[visit_enter] AST=Name line=17 MLIR_ops=[]
[visit_enter] AST=list line=0 MLIR_ops=[]
[visit_enter] AST=Assign line=18 MLIR_ops=[]
[visit_enter] AST=Call line=18 MLIR_ops=[]
[visit_enter] AST=Name line=18 MLIR_ops=[]
[visit_enter] AST=Name line=18 MLIR_ops=[]
[visit_enter] AST=Name line=18 MLIR_ops=[]
[visit_enter] AST=BinOp line=18 MLIR_ops=[]
[visit_enter] AST=BinOp line=18 MLIR_ops=[]
[visit_enter] AST=Name line=18 MLIR_ops=[]
[visit_enter] AST=Constant line=18 MLIR_ops=[]
[visit_enter] AST=Name line=18 MLIR_ops=[]
[visit_enter] AST=Module line=0 MLIR_ops=[]
[visit_enter] AST=FunctionDef line=1 MLIR_ops=[]
[visit_enter] AST=arguments line=0 MLIR_ops=[]
[visit_enter] AST=arg line=1 MLIR_ops=[]
[visit_enter] AST=arg line=1 MLIR_ops=[]
[visit_enter] AST=arg line=1 MLIR_ops=[]
[visit_enter] AST=Attribute line=1 MLIR_ops=[]
[visit_enter] AST=Name line=1 MLIR_ops=[]
[visit_enter] AST=list line=0 MLIR_ops=[]
[visit_enter] AST=AnnAssign line=3 MLIR_ops=[]
[visit_enter] AST=Attribute line=3 MLIR_ops=[]
[visit_enter] AST=Name line=3 MLIR_ops=[]
[visit_enter] AST=Name line=3 MLIR_ops=[]
[visit_enter] AST=Call line=3 MLIR_ops=[]
[visit_enter] AST=Name line=3 MLIR_ops=[]
[visit_enter] AST=Attribute line=3 MLIR_ops=[]
[visit_enter] AST=Name line=3 MLIR_ops=[]
[visit_enter] AST=Assign line=6 MLIR_ops=[]
[visit_enter] AST=Call line=6 MLIR_ops=[]
[visit_enter] AST=Name line=6 MLIR_ops=[]
[visit_enter] AST=keyword line=6 MLIR_ops=[]
[visit_enter] AST=Attribute line=6 MLIR_ops=[]
[visit_enter] AST=Attribute line=6 MLIR_ops=[]
[visit_enter] AST=Name line=6 MLIR_ops=[]
[visit_enter] AST=keyword line=6 MLIR_ops=[]
[visit_enter] AST=Constant line=6 MLIR_ops=[]
[visit_enter] AST=Name line=6 MLIR_ops=[]
[visit_enter] AST=Assign line=7 MLIR_ops=[]
[visit_enter] AST=Call line=7 MLIR_ops=[]
[visit_enter] AST=Attribute line=7 MLIR_ops=[]
[visit_enter] AST=Name line=7 MLIR_ops=[]
[visit_enter] AST=keyword line=7 MLIR_ops=[]
[visit_enter] AST=Constant line=7 MLIR_ops=[]
[visit_enter] AST=Name line=7 MLIR_ops=[]
[visit_enter] AST=Name line=7 MLIR_ops=[]
[visit_enter] AST=Assign line=8 MLIR_ops=[]
[visit_enter] AST=BinOp line=8 MLIR_ops=[]
[visit_enter] AST=Name line=8 MLIR_ops=[]
[visit_enter] AST=Call line=8 MLIR_ops=[]
[visit_enter] AST=Name line=8 MLIR_ops=[]
[visit_enter] AST=Name line=8 MLIR_ops=[]
[visit_enter] AST=BinOp line=8 MLIR_ops=[]
[visit_enter] AST=BinOp line=8 MLIR_ops=[]
[visit_enter] AST=Name line=8 MLIR_ops=[]
[visit_enter] AST=Constant line=8 MLIR_ops=[]
[visit_enter] AST=Name line=8 MLIR_ops=[]
[visit_enter] AST=Constant line=8 MLIR_ops=[]
[visit_enter] AST=Module line=0 MLIR_ops=[]
[visit_enter] AST=FunctionDef line=1 MLIR_ops=[]
[visit_enter] AST=arguments line=0 MLIR_ops=[]
[visit_enter] AST=arg line=1 MLIR_ops=[]
[visit_enter] AST=arg line=1 MLIR_ops=[]
[visit_enter] AST=arg line=1 MLIR_ops=[]
[visit_enter] AST=Assign line=0 MLIR_ops=[]
[visit_enter] AST=Constant line=1 MLIR_ops=[]
[visit_enter] AST=Name line=0 MLIR_ops=[]
[visit_enter] AST=Assign line=0 MLIR_ops=[]
[visit_enter] AST=Constant line=1 MLIR_ops=[]
[visit_enter] AST=Name line=0 MLIR_ops=[]
[visit_enter] AST=list line=0 MLIR_ops=[]
[visit_enter] AST=Expr line=2 MLIR_ops=[]
[visit_enter] AST=Call line=2 MLIR_ops=[]
[visit_enter] AST=Attribute line=2 MLIR_ops=[]
[visit_enter] AST=Name line=2 MLIR_ops=[]
[visit_enter] AST=Call line=2 MLIR_ops=[]
[visit_enter] AST=Attribute line=2 MLIR_ops=[]
[visit_enter] AST=Attribute line=2 MLIR_ops=[]
[visit_enter] AST=Attribute line=2 MLIR_ops=[]
[visit_enter] AST=Name line=2 MLIR_ops=[]
[visit_enter] AST=Return line=3 MLIR_ops=[]
[visit_enter] AST=Call line=3 MLIR_ops=[]
[visit_enter] AST=Attribute line=3 MLIR_ops=[]
[visit_enter] AST=Name line=3 MLIR_ops=[]
[visit_enter] AST=keyword line=3 MLIR_ops=[]
[visit_enter] AST=Name line=3 MLIR_ops=[]
[visit_enter] AST=Name line=3 MLIR_ops=[]
[visit_enter] AST=Name line=3 MLIR_ops=[]
[visit_enter] AST=Name line=3 MLIR_ops=[]
[visit_enter] AST=Name line=8 MLIR_ops=[]
[visit_enter] AST=Assign line=9 MLIR_ops=[]
[visit_enter] AST=Call line=9 MLIR_ops=[]
[visit_enter] AST=Attribute line=9 MLIR_ops=[]
[visit_enter] AST=Name line=9 MLIR_ops=[]
[visit_enter] AST=keyword line=9 MLIR_ops=[]
[visit_enter] AST=Constant line=9 MLIR_ops=[]
[visit_enter] AST=Attribute line=9 MLIR_ops=[]
[visit_enter] AST=Name line=9 MLIR_ops=[]
[visit_enter] AST=Name line=9 MLIR_ops=[]
[visit_enter] AST=Assign line=12 MLIR_ops=[]
[visit_enter] AST=Call line=12 MLIR_ops=[]
[visit_enter] AST=Name line=12 MLIR_ops=[]
[visit_enter] AST=Name line=12 MLIR_ops=[]
[visit_enter] AST=Name line=12 MLIR_ops=[]
[visit_enter] AST=Name line=12 MLIR_ops=[]
[visit_enter] AST=Assign line=15 MLIR_ops=[]
[visit_enter] AST=Call line=15 MLIR_ops=[]
[visit_enter] AST=Attribute line=15 MLIR_ops=[]
[visit_enter] AST=Name line=15 MLIR_ops=[]
[visit_enter] AST=Compare line=15 MLIR_ops=[]
[visit_enter] AST=Compare line=15 MLIR_ops=[]
[visit_enter] AST=Name line=15 MLIR_ops=[]
[visit_enter] AST=Name line=15 MLIR_ops=[]
[visit_enter] AST=BinOp line=15 MLIR_ops=[]
[visit_enter] AST=Name line=15 MLIR_ops=[]
[visit_enter] AST=Name line=15 MLIR_ops=[]
[visit_enter] AST=Name line=15 MLIR_ops=[]
[visit_enter] AST=Name line=15 MLIR_ops=[]
[visit_enter] AST=Name line=15 MLIR_ops=[]
[visit_enter] AST=Return line=16 MLIR_ops=[]
[visit_enter] AST=Name line=16 MLIR_ops=[]
[visit_enter] AST=Name line=18 MLIR_ops=[]
[visit_enter] AST=list line=0 MLIR_ops=[]
[visit_enter] AST=Assign line=18 MLIR_ops=[]
[visit_enter] AST=Call line=18 MLIR_ops=[]
[visit_enter] AST=Name line=18 MLIR_ops=[]
[visit_enter] AST=Name line=18 MLIR_ops=[]
[visit_enter] AST=Name line=18 MLIR_ops=[]
[visit_enter] AST=BinOp line=18 MLIR_ops=[]
[visit_enter] AST=BinOp line=18 MLIR_ops=[]
[visit_enter] AST=Name line=18 MLIR_ops=[]
[visit_enter] AST=Constant line=18 MLIR_ops=[]
[visit_enter] AST=Name line=18 MLIR_ops=[]
[visit_enter] AST=Module line=0 MLIR_ops=[]
[visit_enter] AST=FunctionDef line=1 MLIR_ops=[]
[visit_enter] AST=arguments line=0 MLIR_ops=[]
[visit_enter] AST=arg line=1 MLIR_ops=[]
[visit_enter] AST=arg line=1 MLIR_ops=[]
[visit_enter] AST=arg line=1 MLIR_ops=[]
[visit_enter] AST=Attribute line=1 MLIR_ops=[]
[visit_enter] AST=Name line=1 MLIR_ops=[]
[visit_enter] AST=list line=0 MLIR_ops=[]
[visit_enter] AST=AnnAssign line=3 MLIR_ops=[]
[visit_enter] AST=Attribute line=3 MLIR_ops=[]
[visit_enter] AST=Name line=3 MLIR_ops=[]
[visit_enter] AST=Name line=3 MLIR_ops=[]
[visit_enter] AST=Call line=3 MLIR_ops=[]
[visit_enter] AST=Name line=3 MLIR_ops=[]
[visit_enter] AST=Attribute line=3 MLIR_ops=[]
[visit_enter] AST=Name line=3 MLIR_ops=[]
[visit_enter] AST=Assign line=6 MLIR_ops=[]
[visit_enter] AST=Call line=6 MLIR_ops=[]
[visit_enter] AST=Name line=6 MLIR_ops=[]
[visit_enter] AST=keyword line=6 MLIR_ops=[]
[visit_enter] AST=Attribute line=6 MLIR_ops=[]
[visit_enter] AST=Attribute line=6 MLIR_ops=[]
[visit_enter] AST=Name line=6 MLIR_ops=[]
[visit_enter] AST=keyword line=6 MLIR_ops=[]
[visit_enter] AST=Constant line=6 MLIR_ops=[]
[visit_enter] AST=Name line=6 MLIR_ops=[]
[visit_enter] AST=Assign line=7 MLIR_ops=[]
[visit_enter] AST=Call line=7 MLIR_ops=[]
[visit_enter] AST=Attribute line=7 MLIR_ops=[]
[visit_enter] AST=Name line=7 MLIR_ops=[]
[visit_enter] AST=keyword line=7 MLIR_ops=[]
[visit_enter] AST=Constant line=7 MLIR_ops=[]
[visit_enter] AST=Name line=7 MLIR_ops=[]
[visit_enter] AST=Name line=7 MLIR_ops=[]
[visit_enter] AST=Assign line=8 MLIR_ops=[]
[visit_enter] AST=BinOp line=8 MLIR_ops=[]
[visit_enter] AST=Name line=8 MLIR_ops=[]
[visit_enter] AST=Call line=8 MLIR_ops=[]
[visit_enter] AST=Name line=8 MLIR_ops=[]
[visit_enter] AST=Name line=8 MLIR_ops=[]
[visit_enter] AST=BinOp line=8 MLIR_ops=[]
[visit_enter] AST=BinOp line=8 MLIR_ops=[]
[visit_enter] AST=Name line=8 MLIR_ops=[]
[visit_enter] AST=Constant line=8 MLIR_ops=[]
[visit_enter] AST=Name line=8 MLIR_ops=[]
[visit_enter] AST=Constant line=8 MLIR_ops=[]
[visit_enter] AST=Name line=8 MLIR_ops=[]
[visit_enter] AST=Assign line=9 MLIR_ops=[]
[visit_enter] AST=Call line=9 MLIR_ops=[]
[visit_enter] AST=Attribute line=9 MLIR_ops=[]
[visit_enter] AST=Name line=9 MLIR_ops=[]
[visit_enter] AST=keyword line=9 MLIR_ops=[]
[visit_enter] AST=Constant line=9 MLIR_ops=[]
[visit_enter] AST=Attribute line=9 MLIR_ops=[]
[visit_enter] AST=Name line=9 MLIR_ops=[]
[visit_enter] AST=Name line=9 MLIR_ops=[]
[visit_enter] AST=Assign line=12 MLIR_ops=[]
[visit_enter] AST=Call line=12 MLIR_ops=[]
[visit_enter] AST=Name line=12 MLIR_ops=[]
[visit_enter] AST=Name line=12 MLIR_ops=[]
[visit_enter] AST=Name line=12 MLIR_ops=[]
[visit_enter] AST=Name line=12 MLIR_ops=[]
[visit_enter] AST=Assign line=15 MLIR_ops=[]
[visit_enter] AST=Call line=15 MLIR_ops=[]
[visit_enter] AST=Attribute line=15 MLIR_ops=[]
[visit_enter] AST=Name line=15 MLIR_ops=[]
[visit_enter] AST=Compare line=15 MLIR_ops=[]
[visit_enter] AST=Compare line=15 MLIR_ops=[]
[visit_enter] AST=Name line=15 MLIR_ops=[]
[visit_enter] AST=Name line=15 MLIR_ops=[]
[visit_enter] AST=BinOp line=15 MLIR_ops=[]
[visit_enter] AST=Name line=15 MLIR_ops=[]
[visit_enter] AST=Name line=15 MLIR_ops=[]
[visit_enter] AST=Name line=15 MLIR_ops=[]
[visit_enter] AST=Name line=15 MLIR_ops=[]
[visit_enter] AST=Name line=15 MLIR_ops=[]
[visit_enter] AST=Return line=16 MLIR_ops=[]
[visit_enter] AST=Name line=16 MLIR_ops=[]
[visit_enter] AST=Name line=18 MLIR_ops=[]
[visit_enter] AST=list line=0 MLIR_ops=[]
[visit_enter] AST=Assign line=18 MLIR_ops=[]
[visit_enter] AST=Call line=18 MLIR_ops=[]
[visit_enter] AST=Name line=18 MLIR_ops=[]
[visit_enter] AST=Name line=18 MLIR_ops=[]
[visit_enter] AST=Name line=18 MLIR_ops=[]
[visit_enter] AST=BinOp line=18 MLIR_ops=[]
[visit_enter] AST=BinOp line=18 MLIR_ops=[]
[visit_enter] AST=Name line=18 MLIR_ops=[]
[visit_enter] AST=Constant line=18 MLIR_ops=[]
[visit_enter] AST=Name line=18 MLIR_ops=[]
[visit_enter] AST=Module line=0 MLIR_ops=[]
[visit_enter] AST=FunctionDef line=1 MLIR_ops=[]
[visit_enter] AST=arguments line=0 MLIR_ops=[]
[visit_enter] AST=arg line=1 MLIR_ops=[]
[visit_enter] AST=arg line=1 MLIR_ops=[]
[visit_enter] AST=arg line=1 MLIR_ops=[]
[visit_enter] AST=Attribute line=1 MLIR_ops=[]
[visit_enter] AST=Name line=1 MLIR_ops=[]
[visit_enter] AST=list line=0 MLIR_ops=[]
[visit_enter] AST=AnnAssign line=3 MLIR_ops=[]
[visit_enter] AST=Attribute line=3 MLIR_ops=[]
[visit_enter] AST=Name line=3 MLIR_ops=[]
[visit_enter] AST=Name line=3 MLIR_ops=[]
[visit_enter] AST=Call line=3 MLIR_ops=[]
[visit_enter] AST=Name line=3 MLIR_ops=[]
[visit_enter] AST=Attribute line=3 MLIR_ops=[]
[visit_enter] AST=Name line=3 MLIR_ops=[]
[visit_enter] AST=Assign line=6 MLIR_ops=[]
[visit_enter] AST=Call line=6 MLIR_ops=[]
[visit_enter] AST=Name line=6 MLIR_ops=[]
[visit_enter] AST=keyword line=6 MLIR_ops=[]
[visit_enter] AST=Attribute line=6 MLIR_ops=[]
[visit_enter] AST=Attribute line=6 MLIR_ops=[]
[visit_enter] AST=Name line=6 MLIR_ops=[]
[visit_enter] AST=keyword line=6 MLIR_ops=[]
[visit_enter] AST=Constant line=6 MLIR_ops=[]
[visit_enter] AST=Name line=6 MLIR_ops=[]
[visit_enter] AST=Assign line=7 MLIR_ops=[]
[visit_enter] AST=Call line=7 MLIR_ops=[]
[visit_enter] AST=Attribute line=7 MLIR_ops=[]
[visit_enter] AST=Name line=7 MLIR_ops=[]
[visit_enter] AST=keyword line=7 MLIR_ops=[]
[visit_enter] AST=Constant line=7 MLIR_ops=[]
[visit_enter] AST=Name line=7 MLIR_ops=[]
[visit_enter] AST=Name line=7 MLIR_ops=[]
[visit_enter] AST=Assign line=8 MLIR_ops=[]
[visit_enter] AST=BinOp line=8 MLIR_ops=[]
[visit_enter] AST=Name line=8 MLIR_ops=[]
[visit_enter] AST=Call line=8 MLIR_ops=[]
[visit_enter] AST=Name line=8 MLIR_ops=[]
[visit_enter] AST=Name line=8 MLIR_ops=[]
[visit_enter] AST=BinOp line=8 MLIR_ops=[]
[visit_enter] AST=BinOp line=8 MLIR_ops=[]
[visit_enter] AST=Name line=8 MLIR_ops=[]
[visit_enter] AST=Constant line=8 MLIR_ops=[]
[visit_enter] AST=Name line=8 MLIR_ops=[]
[visit_enter] AST=Constant line=8 MLIR_ops=[]
[visit_enter] AST=Name line=8 MLIR_ops=[]
[visit_enter] AST=Assign line=9 MLIR_ops=[]
[visit_enter] AST=Call line=9 MLIR_ops=[]
[visit_enter] AST=Attribute line=9 MLIR_ops=[]
[visit_enter] AST=Name line=9 MLIR_ops=[]
[visit_enter] AST=keyword line=9 MLIR_ops=[]
[visit_enter] AST=Constant line=9 MLIR_ops=[]
[visit_enter] AST=Attribute line=9 MLIR_ops=[]
[visit_enter] AST=Name line=9 MLIR_ops=[]
[visit_enter] AST=Name line=9 MLIR_ops=[]
[visit_enter] AST=Assign line=12 MLIR_ops=[]
[visit_enter] AST=Call line=12 MLIR_ops=[]
[visit_enter] AST=Name line=12 MLIR_ops=[]
[visit_enter] AST=Name line=12 MLIR_ops=[]
[visit_enter] AST=Name line=12 MLIR_ops=[]
[visit_enter] AST=Name line=12 MLIR_ops=[]
[visit_enter] AST=Assign line=15 MLIR_ops=[]
[visit_enter] AST=Call line=15 MLIR_ops=[]
[visit_enter] AST=Attribute line=15 MLIR_ops=[]
[visit_enter] AST=Name line=15 MLIR_ops=[]
[visit_enter] AST=Compare line=15 MLIR_ops=[]
[visit_enter] AST=Compare line=15 MLIR_ops=[]
[visit_enter] AST=Name line=15 MLIR_ops=[]
[visit_enter] AST=Name line=15 MLIR_ops=[]
[visit_enter] AST=BinOp line=15 MLIR_ops=[]
[visit_enter] AST=Name line=15 MLIR_ops=[]
[visit_enter] AST=Name line=15 MLIR_ops=[]
[visit_enter] AST=Name line=15 MLIR_ops=[]
[visit_enter] AST=Name line=15 MLIR_ops=[]
[visit_enter] AST=Name line=15 MLIR_ops=[]
[visit_enter] AST=Return line=16 MLIR_ops=[]
[visit_enter] AST=Name line=16 MLIR_ops=[]
[visit_enter] AST=Name line=18 MLIR_ops=[]
[visit_enter] AST=list line=0 MLIR_ops=[]
[visit_enter] AST=Assign line=18 MLIR_ops=[]
[visit_enter] AST=Call line=18 MLIR_ops=[]
[visit_enter] AST=Name line=18 MLIR_ops=[]
[visit_enter] AST=Name line=18 MLIR_ops=[]
[visit_enter] AST=Name line=18 MLIR_ops=[]
[visit_enter] AST=BinOp line=18 MLIR_ops=[]
[visit_enter] AST=BinOp line=18 MLIR_ops=[]
[visit_enter] AST=Name line=18 MLIR_ops=[]
[visit_enter] AST=Constant line=18 MLIR_ops=[]
[visit_enter] AST=Name line=18 MLIR_ops=[]
[visit_enter] AST=Module line=0 MLIR_ops=[]
[visit_enter] AST=FunctionDef line=1 MLIR_ops=[]
[visit_enter] AST=arguments line=0 MLIR_ops=[]
[visit_enter] AST=arg line=1 MLIR_ops=[]
[visit_enter] AST=arg line=1 MLIR_ops=[]
[visit_enter] AST=arg line=1 MLIR_ops=[]
[visit_enter] AST=Attribute line=1 MLIR_ops=[]
[visit_enter] AST=Name line=1 MLIR_ops=[]
[visit_enter] AST=list line=0 MLIR_ops=[]
[visit_enter] AST=AnnAssign line=3 MLIR_ops=[]
[visit_enter] AST=Attribute line=3 MLIR_ops=[]
[visit_enter] AST=Name line=3 MLIR_ops=[]
[visit_enter] AST=Name line=3 MLIR_ops=[]
[visit_enter] AST=Call line=3 MLIR_ops=[]
[visit_enter] AST=Name line=3 MLIR_ops=[]
[visit_enter] AST=Attribute line=3 MLIR_ops=[]
[visit_enter] AST=Name line=3 MLIR_ops=[]
[visit_enter] AST=Assign line=6 MLIR_ops=[]
[visit_enter] AST=Call line=6 MLIR_ops=[]
[visit_enter] AST=Name line=6 MLIR_ops=[]
[visit_enter] AST=keyword line=6 MLIR_ops=[]
[visit_enter] AST=Attribute line=6 MLIR_ops=[]
[visit_enter] AST=Attribute line=6 MLIR_ops=[]
[visit_enter] AST=Name line=6 MLIR_ops=[]
[visit_enter] AST=keyword line=6 MLIR_ops=[]
[visit_enter] AST=Constant line=6 MLIR_ops=[]
[visit_enter] AST=Name line=6 MLIR_ops=[]
[visit_enter] AST=Assign line=7 MLIR_ops=[]
[visit_enter] AST=Call line=7 MLIR_ops=[]
[visit_enter] AST=Attribute line=7 MLIR_ops=[]
[visit_enter] AST=Name line=7 MLIR_ops=[]
[visit_enter] AST=keyword line=7 MLIR_ops=[]
[visit_enter] AST=Constant line=7 MLIR_ops=[]
[visit_enter] AST=Name line=7 MLIR_ops=[]
[visit_enter] AST=Name line=7 MLIR_ops=[]
[visit_enter] AST=Assign line=8 MLIR_ops=[]
[visit_enter] AST=BinOp line=8 MLIR_ops=[]
[visit_enter] AST=Name line=8 MLIR_ops=[]
[visit_enter] AST=Call line=8 MLIR_ops=[]
[visit_enter] AST=Name line=8 MLIR_ops=[]
[visit_enter] AST=Name line=8 MLIR_ops=[]
[visit_enter] AST=BinOp line=8 MLIR_ops=[]
[visit_enter] AST=BinOp line=8 MLIR_ops=[]
[visit_enter] AST=Name line=8 MLIR_ops=[]
[visit_enter] AST=Constant line=8 MLIR_ops=[]
[visit_enter] AST=Name line=8 MLIR_ops=[]
[visit_enter] AST=Constant line=8 MLIR_ops=[]
[visit_enter] AST=Name line=8 MLIR_ops=[]
[visit_enter] AST=Assign line=9 MLIR_ops=[]
[visit_enter] AST=Call line=9 MLIR_ops=[]
[visit_enter] AST=Attribute line=9 MLIR_ops=[]
[visit_enter] AST=Name line=9 MLIR_ops=[]
[visit_enter] AST=keyword line=9 MLIR_ops=[]
[visit_enter] AST=Constant line=9 MLIR_ops=[]
[visit_enter] AST=Attribute line=9 MLIR_ops=[]
[visit_enter] AST=Name line=9 MLIR_ops=[]
[visit_enter] AST=Name line=9 MLIR_ops=[]
[visit_enter] AST=Assign line=12 MLIR_ops=[]
[visit_enter] AST=Call line=12 MLIR_ops=[]
[visit_enter] AST=Name line=12 MLIR_ops=[]
[visit_enter] AST=Name line=12 MLIR_ops=[]
[visit_enter] AST=Name line=12 MLIR_ops=[]
[visit_enter] AST=Name line=12 MLIR_ops=[]
[visit_enter] AST=Assign line=15 MLIR_ops=[]
[visit_enter] AST=Call line=15 MLIR_ops=[]
[visit_enter] AST=Attribute line=15 MLIR_ops=[]
[visit_enter] AST=Name line=15 MLIR_ops=[]
[visit_enter] AST=Compare line=15 MLIR_ops=[]
[visit_enter] AST=Compare line=15 MLIR_ops=[]
[visit_enter] AST=Name line=15 MLIR_ops=[]
[visit_enter] AST=Name line=15 MLIR_ops=[]
[visit_enter] AST=BinOp line=15 MLIR_ops=[]
[visit_enter] AST=Name line=15 MLIR_ops=[]
[visit_enter] AST=Name line=15 MLIR_ops=[]
[visit_enter] AST=Name line=15 MLIR_ops=[]
[visit_enter] AST=Name line=15 MLIR_ops=[]
[visit_enter] AST=Name line=15 MLIR_ops=[]
[visit_enter] AST=Return line=16 MLIR_ops=[]
[visit_enter] AST=Name line=16 MLIR_ops=[]
[visit_enter] AST=Name line=18 MLIR_ops=[]
[visit_enter] AST=list line=0 MLIR_ops=[]
[visit_enter] AST=Assign line=18 MLIR_ops=[]
[visit_enter] AST=Call line=18 MLIR_ops=[]
[visit_enter] AST=Name line=18 MLIR_ops=[]
[visit_enter] AST=Name line=18 MLIR_ops=[]
[visit_enter] AST=Name line=18 MLIR_ops=[]
[visit_enter] AST=BinOp line=18 MLIR_ops=[]
[visit_enter] AST=BinOp line=18 MLIR_ops=[]
[visit_enter] AST=Name line=18 MLIR_ops=[]
[visit_enter] AST=Constant line=18 MLIR_ops=[]
[visit_enter] AST=Name line=18 MLIR_ops=[]
[visit_enter] AST=Module line=0 MLIR_ops=[]
[visit_enter] AST=FunctionDef line=1 MLIR_ops=[]
[visit_enter] AST=arguments line=0 MLIR_ops=[]
[visit_enter] AST=arg line=1 MLIR_ops=[]
[visit_enter] AST=arg line=1 MLIR_ops=[]
[visit_enter] AST=arg line=1 MLIR_ops=[]
[visit_enter] AST=Attribute line=1 MLIR_ops=[]
[visit_enter] AST=Name line=1 MLIR_ops=[]
[visit_enter] AST=list line=0 MLIR_ops=[]
[visit_enter] AST=AnnAssign line=3 MLIR_ops=[]
[visit_enter] AST=Attribute line=3 MLIR_ops=[]
[visit_enter] AST=Name line=3 MLIR_ops=[]
[visit_enter] AST=Name line=3 MLIR_ops=[]
[visit_enter] AST=Call line=3 MLIR_ops=[]
[visit_enter] AST=Name line=3 MLIR_ops=[]
[visit_enter] AST=Attribute line=3 MLIR_ops=[]
[visit_enter] AST=Name line=3 MLIR_ops=[]
[visit_enter] AST=Assign line=6 MLIR_ops=[]
[visit_enter] AST=Call line=6 MLIR_ops=[]
[visit_enter] AST=Name line=6 MLIR_ops=[]
[visit_enter] AST=keyword line=6 MLIR_ops=[]
[visit_enter] AST=Attribute line=6 MLIR_ops=[]
[visit_enter] AST=Attribute line=6 MLIR_ops=[]
[visit_enter] AST=Name line=6 MLIR_ops=[]
[visit_enter] AST=keyword line=6 MLIR_ops=[]
[visit_enter] AST=Constant line=6 MLIR_ops=[]
[visit_enter] AST=Name line=6 MLIR_ops=[]
[visit_enter] AST=Assign line=7 MLIR_ops=[]
[visit_enter] AST=Call line=7 MLIR_ops=[]
[visit_enter] AST=Attribute line=7 MLIR_ops=[]
[visit_enter] AST=Name line=7 MLIR_ops=[]
[visit_enter] AST=keyword line=7 MLIR_ops=[]
[visit_enter] AST=Constant line=7 MLIR_ops=[]
[visit_enter] AST=Name line=7 MLIR_ops=[]
[visit_enter] AST=Name line=7 MLIR_ops=[]
[visit_enter] AST=Assign line=8 MLIR_ops=[]
[visit_enter] AST=BinOp line=8 MLIR_ops=[]
[visit_enter] AST=Name line=8 MLIR_ops=[]
[visit_enter] AST=Call line=8 MLIR_ops=[]
[visit_enter] AST=Name line=8 MLIR_ops=[]
[visit_enter] AST=Name line=8 MLIR_ops=[]
[visit_enter] AST=BinOp line=8 MLIR_ops=[]
[visit_enter] AST=BinOp line=8 MLIR_ops=[]
[visit_enter] AST=Name line=8 MLIR_ops=[]
[visit_enter] AST=Constant line=8 MLIR_ops=[]
[visit_enter] AST=Name line=8 MLIR_ops=[]
[visit_enter] AST=Constant line=8 MLIR_ops=[]
[visit_enter] AST=Name line=8 MLIR_ops=[]
[visit_enter] AST=Assign line=9 MLIR_ops=[]
[visit_enter] AST=Call line=9 MLIR_ops=[]
[visit_enter] AST=Attribute line=9 MLIR_ops=[]
[visit_enter] AST=Name line=9 MLIR_ops=[]
[visit_enter] AST=keyword line=9 MLIR_ops=[]
[visit_enter] AST=Constant line=9 MLIR_ops=[]
[visit_enter] AST=Attribute line=9 MLIR_ops=[]
[visit_enter] AST=Name line=9 MLIR_ops=[]
[visit_enter] AST=Name line=9 MLIR_ops=[]
[visit_enter] AST=Assign line=12 MLIR_ops=[]
[visit_enter] AST=Call line=12 MLIR_ops=[]
[visit_enter] AST=Name line=12 MLIR_ops=[]
[visit_enter] AST=Name line=12 MLIR_ops=[]
[visit_enter] AST=Name line=12 MLIR_ops=[]
[visit_enter] AST=Name line=12 MLIR_ops=[]
[visit_enter] AST=Assign line=15 MLIR_ops=[]
[visit_enter] AST=Call line=15 MLIR_ops=[]
[visit_enter] AST=Attribute line=15 MLIR_ops=[]
[visit_enter] AST=Name line=15 MLIR_ops=[]
[visit_enter] AST=Compare line=15 MLIR_ops=[]
[visit_enter] AST=Compare line=15 MLIR_ops=[]
[visit_enter] AST=Name line=15 MLIR_ops=[]
[visit_enter] AST=Name line=15 MLIR_ops=[]
[visit_enter] AST=BinOp line=15 MLIR_ops=[]
[visit_enter] AST=Name line=15 MLIR_ops=[]
[visit_enter] AST=Name line=15 MLIR_ops=[]
[visit_enter] AST=Name line=15 MLIR_ops=[]
[visit_enter] AST=Name line=15 MLIR_ops=[]
[visit_enter] AST=Name line=15 MLIR_ops=[]
[visit_enter] AST=Return line=16 MLIR_ops=[]
[visit_enter] AST=Name line=16 MLIR_ops=[]
[visit_enter] AST=Name line=18 MLIR_ops=[]
[visit_enter] AST=Return line=19 MLIR_ops=[]
[visit_enter] AST=Name line=19 MLIR_ops=[]
[visit_enter] AST=Name line=28 MLIR_ops=[]
[visit_enter] AST=list line=0 MLIR_ops=[]
[visit_enter] AST=Assign line=28 MLIR_ops=[]
[visit_enter] AST=Call line=28 MLIR_ops=[]
[visit_enter] AST=Name line=28 MLIR_ops=[]
[visit_enter] AST=Name line=28 MLIR_ops=[]
[visit_enter] AST=Name line=28 MLIR_ops=[]
[visit_enter] AST=IfExp line=28 MLIR_ops=[]
[visit_enter] AST=Compare line=28 MLIR_ops=[]
[visit_enter] AST=Name line=28 MLIR_ops=[]
[visit_enter] AST=Name line=28 MLIR_ops=[]
[visit_enter] AST=Constant line=28 MLIR_ops=[]
[visit_enter] AST=Module line=0 MLIR_ops=[]
[visit_enter] AST=FunctionDef line=1 MLIR_ops=[]
[visit_enter] AST=arguments line=0 MLIR_ops=[]
[visit_enter] AST=arg line=1 MLIR_ops=[]
[visit_enter] AST=arg line=1 MLIR_ops=[]
[visit_enter] AST=Attribute line=1 MLIR_ops=[]
[visit_enter] AST=Name line=1 MLIR_ops=[]
[visit_enter] AST=arg line=1 MLIR_ops=[]
[visit_enter] AST=Attribute line=1 MLIR_ops=[]
[visit_enter] AST=Name line=1 MLIR_ops=[]
[visit_enter] AST=list line=0 MLIR_ops=[]
[visit_enter] AST=Expr line=2 MLIR_ops=[]
[visit_enter] AST=Constant line=2 MLIR_ops=[]
[visit_enter] AST=If line=12 MLIR_ops=[]
[visit_enter] AST=Compare line=12 MLIR_ops=[]
[visit_enter] AST=Name line=12 MLIR_ops=[]
[visit_enter] AST=Constant line=12 MLIR_ops=[]
[visit_enter] AST=list line=0 MLIR_ops=[]
[visit_enter] AST=Assign line=13 MLIR_ops=[]
[visit_enter] AST=Call line=13 MLIR_ops=[]
[visit_enter] AST=Name line=13 MLIR_ops=[]
[visit_enter] AST=Call line=13 MLIR_ops=[]
[visit_enter] AST=Name line=13 MLIR_ops=[]
[visit_enter] AST=Attribute line=13 MLIR_ops=[]
[visit_enter] AST=Name line=13 MLIR_ops=[]
[visit_enter] AST=Name line=13 MLIR_ops=[]
[visit_enter] AST=Module line=0 MLIR_ops=[]
[visit_enter] AST=FunctionDef line=1 MLIR_ops=[]
[visit_enter] AST=arguments line=0 MLIR_ops=[]
[visit_enter] AST=arg line=1 MLIR_ops=[]
[visit_enter] AST=Attribute line=1 MLIR_ops=[]
[visit_enter] AST=Name line=1 MLIR_ops=[]
[visit_enter] AST=arg line=1 MLIR_ops=[]
[visit_enter] AST=Attribute line=1 MLIR_ops=[]
[visit_enter] AST=Name line=1 MLIR_ops=[]
[visit_enter] AST=list line=0 MLIR_ops=[]
[visit_enter] AST=Assign line=2 MLIR_ops=[]
[visit_enter] AST=Call line=2 MLIR_ops=[]
[visit_enter] AST=Attribute line=2 MLIR_ops=[]
[visit_enter] AST=Name line=2 MLIR_ops=[]
[visit_enter] AST=Constant line=2 MLIR_ops=[]
[visit_enter] AST=Constant line=2 MLIR_ops=[]
[visit_enter] AST=Name line=2 MLIR_ops=[]
[visit_enter] AST=Assign line=3 MLIR_ops=[]
[visit_enter] AST=Call line=3 MLIR_ops=[]
[visit_enter] AST=Attribute line=3 MLIR_ops=[]
[visit_enter] AST=Name line=3 MLIR_ops=[]
[visit_enter] AST=Name line=3 MLIR_ops=[]
[visit_enter] AST=BinOp line=3 MLIR_ops=[]
[visit_enter] AST=BinOp line=3 MLIR_ops=[]
[visit_enter] AST=BinOp line=3 MLIR_ops=[]
[visit_enter] AST=List line=3 MLIR_ops=[]
[visit_enter] AST=Load line=0 MLIR_ops=[]
[visit_enter] AST=Constant line=3 MLIR_ops=[]
[visit_enter] AST=BinOp line=3 MLIR_ops=[]
[visit_enter] AST=BinOp line=3 MLIR_ops=[]
[visit_enter] AST=Name line=3 MLIR_ops=[]
[visit_enter] AST=Name line=3 MLIR_ops=[]
[visit_enter] AST=Constant line=3 MLIR_ops=[]
[visit_enter] AST=List line=3 MLIR_ops=[]
[visit_enter] AST=Load line=0 MLIR_ops=[]
[visit_enter] AST=Constant line=3 MLIR_ops=[]
[visit_enter] AST=BinOp line=3 MLIR_ops=[]
[visit_enter] AST=List line=3 MLIR_ops=[]
[visit_enter] AST=Load line=0 MLIR_ops=[]
[visit_enter] AST=Constant line=3 MLIR_ops=[]
[visit_enter] AST=Name line=3 MLIR_ops=[]
[visit_enter] AST=Name line=3 MLIR_ops=[]
[visit_enter] AST=Return line=4 MLIR_ops=[]
[visit_enter] AST=Name line=4 MLIR_ops=[]
[visit_enter] AST=Name line=13 MLIR_ops=[]
[visit_enter] AST=For line=17 MLIR_ops=[]
[visit_enter] AST=Attribute line=17 MLIR_ops=[]
[visit_enter] AST=Name line=17 MLIR_ops=[]
[visit_enter] AST=Name line=17 MLIR_ops=[]
[visit_enter] AST=list line=0 MLIR_ops=[]
[visit_enter] AST=Assign line=18 MLIR_ops=[]
[visit_enter] AST=Call line=18 MLIR_ops=[]
[visit_enter] AST=Name line=18 MLIR_ops=[]
[visit_enter] AST=Name line=18 MLIR_ops=[]
[visit_enter] AST=Name line=18 MLIR_ops=[]
[visit_enter] AST=BinOp line=18 MLIR_ops=[]
[visit_enter] AST=BinOp line=18 MLIR_ops=[]
[visit_enter] AST=Name line=18 MLIR_ops=[]
[visit_enter] AST=Constant line=18 MLIR_ops=[]
[visit_enter] AST=Name line=18 MLIR_ops=[]
[visit_enter] AST=Module line=0 MLIR_ops=[]
[visit_enter] AST=FunctionDef line=1 MLIR_ops=[]
[visit_enter] AST=arguments line=0 MLIR_ops=[]
[visit_enter] AST=arg line=1 MLIR_ops=[]
[visit_enter] AST=arg line=1 MLIR_ops=[]
[visit_enter] AST=arg line=1 MLIR_ops=[]
[visit_enter] AST=Attribute line=1 MLIR_ops=[]
[visit_enter] AST=Name line=1 MLIR_ops=[]
[visit_enter] AST=list line=0 MLIR_ops=[]
[visit_enter] AST=AnnAssign line=3 MLIR_ops=[]
[visit_enter] AST=Attribute line=3 MLIR_ops=[]
[visit_enter] AST=Name line=3 MLIR_ops=[]
[visit_enter] AST=Name line=3 MLIR_ops=[]
[visit_enter] AST=Call line=3 MLIR_ops=[]
[visit_enter] AST=Name line=3 MLIR_ops=[]
[visit_enter] AST=Attribute line=3 MLIR_ops=[]
[visit_enter] AST=Name line=3 MLIR_ops=[]
[visit_enter] AST=Assign line=6 MLIR_ops=[]
[visit_enter] AST=Call line=6 MLIR_ops=[]
[visit_enter] AST=Name line=6 MLIR_ops=[]
[visit_enter] AST=keyword line=6 MLIR_ops=[]
[visit_enter] AST=Attribute line=6 MLIR_ops=[]
[visit_enter] AST=Attribute line=6 MLIR_ops=[]
[visit_enter] AST=Name line=6 MLIR_ops=[]
[visit_enter] AST=keyword line=6 MLIR_ops=[]
[visit_enter] AST=Constant line=6 MLIR_ops=[]
[visit_enter] AST=Name line=6 MLIR_ops=[]
[visit_enter] AST=Assign line=7 MLIR_ops=[]
[visit_enter] AST=Call line=7 MLIR_ops=[]
[visit_enter] AST=Attribute line=7 MLIR_ops=[]
[visit_enter] AST=Name line=7 MLIR_ops=[]
[visit_enter] AST=keyword line=7 MLIR_ops=[]
[visit_enter] AST=Constant line=7 MLIR_ops=[]
[visit_enter] AST=Name line=7 MLIR_ops=[]
[visit_enter] AST=Name line=7 MLIR_ops=[]
[visit_enter] AST=Assign line=8 MLIR_ops=[]
[visit_enter] AST=BinOp line=8 MLIR_ops=[]
[visit_enter] AST=Name line=8 MLIR_ops=[]
[visit_enter] AST=Call line=8 MLIR_ops=[]
[visit_enter] AST=Name line=8 MLIR_ops=[]
[visit_enter] AST=Name line=8 MLIR_ops=[]
[visit_enter] AST=BinOp line=8 MLIR_ops=[]
[visit_enter] AST=BinOp line=8 MLIR_ops=[]
[visit_enter] AST=Name line=8 MLIR_ops=[]
[visit_enter] AST=Constant line=8 MLIR_ops=[]
[visit_enter] AST=Name line=8 MLIR_ops=[]
[visit_enter] AST=Constant line=8 MLIR_ops=[]
[visit_enter] AST=Module line=0 MLIR_ops=[]
[visit_enter] AST=FunctionDef line=1 MLIR_ops=[]
[visit_enter] AST=arguments line=0 MLIR_ops=[]
[visit_enter] AST=arg line=1 MLIR_ops=[]
[visit_enter] AST=arg line=1 MLIR_ops=[]
[visit_enter] AST=arg line=1 MLIR_ops=[]
[visit_enter] AST=Assign line=0 MLIR_ops=[]
[visit_enter] AST=Constant line=1 MLIR_ops=[]
[visit_enter] AST=Name line=0 MLIR_ops=[]
[visit_enter] AST=Assign line=0 MLIR_ops=[]
[visit_enter] AST=Constant line=1 MLIR_ops=[]
[visit_enter] AST=Name line=0 MLIR_ops=[]
[visit_enter] AST=list line=0 MLIR_ops=[]
[visit_enter] AST=Expr line=2 MLIR_ops=[]
[visit_enter] AST=Call line=2 MLIR_ops=[]
[visit_enter] AST=Attribute line=2 MLIR_ops=[]
[visit_enter] AST=Name line=2 MLIR_ops=[]
[visit_enter] AST=Call line=2 MLIR_ops=[]
[visit_enter] AST=Attribute line=2 MLIR_ops=[]
[visit_enter] AST=Attribute line=2 MLIR_ops=[]
[visit_enter] AST=Attribute line=2 MLIR_ops=[]
[visit_enter] AST=Name line=2 MLIR_ops=[]
[visit_enter] AST=Return line=3 MLIR_ops=[]
[visit_enter] AST=Call line=3 MLIR_ops=[]
[visit_enter] AST=Attribute line=3 MLIR_ops=[]
[visit_enter] AST=Name line=3 MLIR_ops=[]
[visit_enter] AST=keyword line=3 MLIR_ops=[]
[visit_enter] AST=Name line=3 MLIR_ops=[]
[visit_enter] AST=Name line=3 MLIR_ops=[]
[visit_enter] AST=Name line=3 MLIR_ops=[]
[visit_enter] AST=Name line=3 MLIR_ops=[]
[visit_enter] AST=Name line=8 MLIR_ops=[]
[visit_enter] AST=Assign line=9 MLIR_ops=[]
[visit_enter] AST=Call line=9 MLIR_ops=[]
[visit_enter] AST=Attribute line=9 MLIR_ops=[]
[visit_enter] AST=Name line=9 MLIR_ops=[]
[visit_enter] AST=keyword line=9 MLIR_ops=[]
[visit_enter] AST=Constant line=9 MLIR_ops=[]
[visit_enter] AST=Attribute line=9 MLIR_ops=[]
[visit_enter] AST=Name line=9 MLIR_ops=[]
[visit_enter] AST=Name line=9 MLIR_ops=[]
[visit_enter] AST=Assign line=12 MLIR_ops=[]
[visit_enter] AST=Call line=12 MLIR_ops=[]
[visit_enter] AST=Name line=12 MLIR_ops=[]
[visit_enter] AST=Name line=12 MLIR_ops=[]
[visit_enter] AST=Name line=12 MLIR_ops=[]
[visit_enter] AST=Name line=12 MLIR_ops=[]
[visit_enter] AST=Assign line=15 MLIR_ops=[]
[visit_enter] AST=Call line=15 MLIR_ops=[]
[visit_enter] AST=Attribute line=15 MLIR_ops=[]
[visit_enter] AST=Name line=15 MLIR_ops=[]
[visit_enter] AST=Compare line=15 MLIR_ops=[]
[visit_enter] AST=Compare line=15 MLIR_ops=[]
[visit_enter] AST=Name line=15 MLIR_ops=[]
[visit_enter] AST=Name line=15 MLIR_ops=[]
[visit_enter] AST=BinOp line=15 MLIR_ops=[]
[visit_enter] AST=Name line=15 MLIR_ops=[]
[visit_enter] AST=Name line=15 MLIR_ops=[]
[visit_enter] AST=Name line=15 MLIR_ops=[]
[visit_enter] AST=Name line=15 MLIR_ops=[]
[visit_enter] AST=Name line=15 MLIR_ops=[]
[visit_enter] AST=Return line=16 MLIR_ops=[]
[visit_enter] AST=Name line=16 MLIR_ops=[]
[visit_enter] AST=Name line=18 MLIR_ops=[]
[visit_enter] AST=list line=0 MLIR_ops=[]
[visit_enter] AST=Assign line=18 MLIR_ops=[]
[visit_enter] AST=Call line=18 MLIR_ops=[]
[visit_enter] AST=Name line=18 MLIR_ops=[]
[visit_enter] AST=Name line=18 MLIR_ops=[]
[visit_enter] AST=Name line=18 MLIR_ops=[]
[visit_enter] AST=BinOp line=18 MLIR_ops=[]
[visit_enter] AST=BinOp line=18 MLIR_ops=[]
[visit_enter] AST=Name line=18 MLIR_ops=[]
[visit_enter] AST=Constant line=18 MLIR_ops=[]
[visit_enter] AST=Name line=18 MLIR_ops=[]
[visit_enter] AST=Module line=0 MLIR_ops=[]
[visit_enter] AST=FunctionDef line=1 MLIR_ops=[]
[visit_enter] AST=arguments line=0 MLIR_ops=[]
[visit_enter] AST=arg line=1 MLIR_ops=[]
[visit_enter] AST=arg line=1 MLIR_ops=[]
[visit_enter] AST=arg line=1 MLIR_ops=[]
[visit_enter] AST=Attribute line=1 MLIR_ops=[]
[visit_enter] AST=Name line=1 MLIR_ops=[]
[visit_enter] AST=list line=0 MLIR_ops=[]
[visit_enter] AST=AnnAssign line=3 MLIR_ops=[]
[visit_enter] AST=Attribute line=3 MLIR_ops=[]
[visit_enter] AST=Name line=3 MLIR_ops=[]
[visit_enter] AST=Name line=3 MLIR_ops=[]
[visit_enter] AST=Call line=3 MLIR_ops=[]
[visit_enter] AST=Name line=3 MLIR_ops=[]
[visit_enter] AST=Attribute line=3 MLIR_ops=[]
[visit_enter] AST=Name line=3 MLIR_ops=[]
[visit_enter] AST=Assign line=6 MLIR_ops=[]
[visit_enter] AST=Call line=6 MLIR_ops=[]
[visit_enter] AST=Name line=6 MLIR_ops=[]
[visit_enter] AST=keyword line=6 MLIR_ops=[]
[visit_enter] AST=Attribute line=6 MLIR_ops=[]
[visit_enter] AST=Attribute line=6 MLIR_ops=[]
[visit_enter] AST=Name line=6 MLIR_ops=[]
[visit_enter] AST=keyword line=6 MLIR_ops=[]
[visit_enter] AST=Constant line=6 MLIR_ops=[]
[visit_enter] AST=Name line=6 MLIR_ops=[]
[visit_enter] AST=Assign line=7 MLIR_ops=[]
[visit_enter] AST=Call line=7 MLIR_ops=[]
[visit_enter] AST=Attribute line=7 MLIR_ops=[]
[visit_enter] AST=Name line=7 MLIR_ops=[]
[visit_enter] AST=keyword line=7 MLIR_ops=[]
[visit_enter] AST=Constant line=7 MLIR_ops=[]
[visit_enter] AST=Name line=7 MLIR_ops=[]
[visit_enter] AST=Name line=7 MLIR_ops=[]
[visit_enter] AST=Assign line=8 MLIR_ops=[]
[visit_enter] AST=BinOp line=8 MLIR_ops=[]
[visit_enter] AST=Name line=8 MLIR_ops=[]
[visit_enter] AST=Call line=8 MLIR_ops=[]
[visit_enter] AST=Name line=8 MLIR_ops=[]
[visit_enter] AST=Name line=8 MLIR_ops=[]
[visit_enter] AST=BinOp line=8 MLIR_ops=[]
[visit_enter] AST=BinOp line=8 MLIR_ops=[]
[visit_enter] AST=Name line=8 MLIR_ops=[]
[visit_enter] AST=Constant line=8 MLIR_ops=[]
[visit_enter] AST=Name line=8 MLIR_ops=[]
[visit_enter] AST=Constant line=8 MLIR_ops=[]
[visit_enter] AST=Name line=8 MLIR_ops=[]
[visit_enter] AST=Assign line=9 MLIR_ops=[]
[visit_enter] AST=Call line=9 MLIR_ops=[]
[visit_enter] AST=Attribute line=9 MLIR_ops=[]
[visit_enter] AST=Name line=9 MLIR_ops=[]
[visit_enter] AST=keyword line=9 MLIR_ops=[]
[visit_enter] AST=Constant line=9 MLIR_ops=[]
[visit_enter] AST=Attribute line=9 MLIR_ops=[]
[visit_enter] AST=Name line=9 MLIR_ops=[]
[visit_enter] AST=Name line=9 MLIR_ops=[]
[visit_enter] AST=Assign line=12 MLIR_ops=[]
[visit_enter] AST=Call line=12 MLIR_ops=[]
[visit_enter] AST=Name line=12 MLIR_ops=[]
[visit_enter] AST=Name line=12 MLIR_ops=[]
[visit_enter] AST=Name line=12 MLIR_ops=[]
[visit_enter] AST=Name line=12 MLIR_ops=[]
[visit_enter] AST=Assign line=15 MLIR_ops=[]
[visit_enter] AST=Call line=15 MLIR_ops=[]
[visit_enter] AST=Attribute line=15 MLIR_ops=[]
[visit_enter] AST=Name line=15 MLIR_ops=[]
[visit_enter] AST=Compare line=15 MLIR_ops=[]
[visit_enter] AST=Compare line=15 MLIR_ops=[]
[visit_enter] AST=Name line=15 MLIR_ops=[]
[visit_enter] AST=Name line=15 MLIR_ops=[]
[visit_enter] AST=BinOp line=15 MLIR_ops=[]
[visit_enter] AST=Name line=15 MLIR_ops=[]
[visit_enter] AST=Name line=15 MLIR_ops=[]
[visit_enter] AST=Name line=15 MLIR_ops=[]
[visit_enter] AST=Name line=15 MLIR_ops=[]
[visit_enter] AST=Name line=15 MLIR_ops=[]
[visit_enter] AST=Return line=16 MLIR_ops=[]
[visit_enter] AST=Name line=16 MLIR_ops=[]
[visit_enter] AST=Name line=18 MLIR_ops=[]
[visit_enter] AST=list line=0 MLIR_ops=[]
[visit_enter] AST=Assign line=18 MLIR_ops=[]
[visit_enter] AST=Call line=18 MLIR_ops=[]
[visit_enter] AST=Name line=18 MLIR_ops=[]
[visit_enter] AST=Name line=18 MLIR_ops=[]
[visit_enter] AST=Name line=18 MLIR_ops=[]
[visit_enter] AST=BinOp line=18 MLIR_ops=[]
[visit_enter] AST=BinOp line=18 MLIR_ops=[]
[visit_enter] AST=Name line=18 MLIR_ops=[]
[visit_enter] AST=Constant line=18 MLIR_ops=[]
[visit_enter] AST=Name line=18 MLIR_ops=[]
[visit_enter] AST=Module line=0 MLIR_ops=[]
[visit_enter] AST=FunctionDef line=1 MLIR_ops=[]
[visit_enter] AST=arguments line=0 MLIR_ops=[]
[visit_enter] AST=arg line=1 MLIR_ops=[]
[visit_enter] AST=arg line=1 MLIR_ops=[]
[visit_enter] AST=arg line=1 MLIR_ops=[]
[visit_enter] AST=Attribute line=1 MLIR_ops=[]
[visit_enter] AST=Name line=1 MLIR_ops=[]
[visit_enter] AST=list line=0 MLIR_ops=[]
[visit_enter] AST=AnnAssign line=3 MLIR_ops=[]
[visit_enter] AST=Attribute line=3 MLIR_ops=[]
[visit_enter] AST=Name line=3 MLIR_ops=[]
[visit_enter] AST=Name line=3 MLIR_ops=[]
[visit_enter] AST=Call line=3 MLIR_ops=[]
[visit_enter] AST=Name line=3 MLIR_ops=[]
[visit_enter] AST=Attribute line=3 MLIR_ops=[]
[visit_enter] AST=Name line=3 MLIR_ops=[]
[visit_enter] AST=Assign line=6 MLIR_ops=[]
[visit_enter] AST=Call line=6 MLIR_ops=[]
[visit_enter] AST=Name line=6 MLIR_ops=[]
[visit_enter] AST=keyword line=6 MLIR_ops=[]
[visit_enter] AST=Attribute line=6 MLIR_ops=[]
[visit_enter] AST=Attribute line=6 MLIR_ops=[]
[visit_enter] AST=Name line=6 MLIR_ops=[]
[visit_enter] AST=keyword line=6 MLIR_ops=[]
[visit_enter] AST=Constant line=6 MLIR_ops=[]
[visit_enter] AST=Name line=6 MLIR_ops=[]
[visit_enter] AST=Assign line=7 MLIR_ops=[]
[visit_enter] AST=Call line=7 MLIR_ops=[]
[visit_enter] AST=Attribute line=7 MLIR_ops=[]
[visit_enter] AST=Name line=7 MLIR_ops=[]
[visit_enter] AST=keyword line=7 MLIR_ops=[]
[visit_enter] AST=Constant line=7 MLIR_ops=[]
[visit_enter] AST=Name line=7 MLIR_ops=[]
[visit_enter] AST=Name line=7 MLIR_ops=[]
[visit_enter] AST=Assign line=8 MLIR_ops=[]
[visit_enter] AST=BinOp line=8 MLIR_ops=[]
[visit_enter] AST=Name line=8 MLIR_ops=[]
[visit_enter] AST=Call line=8 MLIR_ops=[]
[visit_enter] AST=Name line=8 MLIR_ops=[]
[visit_enter] AST=Name line=8 MLIR_ops=[]
[visit_enter] AST=BinOp line=8 MLIR_ops=[]
[visit_enter] AST=BinOp line=8 MLIR_ops=[]
[visit_enter] AST=Name line=8 MLIR_ops=[]
[visit_enter] AST=Constant line=8 MLIR_ops=[]
[visit_enter] AST=Name line=8 MLIR_ops=[]
[visit_enter] AST=Constant line=8 MLIR_ops=[]
[visit_enter] AST=Name line=8 MLIR_ops=[]
[visit_enter] AST=Assign line=9 MLIR_ops=[]
[visit_enter] AST=Call line=9 MLIR_ops=[]
[visit_enter] AST=Attribute line=9 MLIR_ops=[]
[visit_enter] AST=Name line=9 MLIR_ops=[]
[visit_enter] AST=keyword line=9 MLIR_ops=[]
[visit_enter] AST=Constant line=9 MLIR_ops=[]
[visit_enter] AST=Attribute line=9 MLIR_ops=[]
[visit_enter] AST=Name line=9 MLIR_ops=[]
[visit_enter] AST=Name line=9 MLIR_ops=[]
[visit_enter] AST=Assign line=12 MLIR_ops=[]
[visit_enter] AST=Call line=12 MLIR_ops=[]
[visit_enter] AST=Name line=12 MLIR_ops=[]
[visit_enter] AST=Name line=12 MLIR_ops=[]
[visit_enter] AST=Name line=12 MLIR_ops=[]
[visit_enter] AST=Name line=12 MLIR_ops=[]
[visit_enter] AST=Assign line=15 MLIR_ops=[]
[visit_enter] AST=Call line=15 MLIR_ops=[]
[visit_enter] AST=Attribute line=15 MLIR_ops=[]
[visit_enter] AST=Name line=15 MLIR_ops=[]
[visit_enter] AST=Compare line=15 MLIR_ops=[]
[visit_enter] AST=Compare line=15 MLIR_ops=[]
[visit_enter] AST=Name line=15 MLIR_ops=[]
[visit_enter] AST=Name line=15 MLIR_ops=[]
[visit_enter] AST=BinOp line=15 MLIR_ops=[]
[visit_enter] AST=Name line=15 MLIR_ops=[]
[visit_enter] AST=Name line=15 MLIR_ops=[]
[visit_enter] AST=Name line=15 MLIR_ops=[]
[visit_enter] AST=Name line=15 MLIR_ops=[]
[visit_enter] AST=Name line=15 MLIR_ops=[]
[visit_enter] AST=Return line=16 MLIR_ops=[]
[visit_enter] AST=Name line=16 MLIR_ops=[]
[visit_enter] AST=Name line=18 MLIR_ops=[]
[visit_enter] AST=list line=0 MLIR_ops=[]
[visit_enter] AST=Assign line=18 MLIR_ops=[]
[visit_enter] AST=Call line=18 MLIR_ops=[]
[visit_enter] AST=Name line=18 MLIR_ops=[]
[visit_enter] AST=Name line=18 MLIR_ops=[]
[visit_enter] AST=Name line=18 MLIR_ops=[]
[visit_enter] AST=BinOp line=18 MLIR_ops=[]
[visit_enter] AST=BinOp line=18 MLIR_ops=[]
[visit_enter] AST=Name line=18 MLIR_ops=[]
[visit_enter] AST=Constant line=18 MLIR_ops=[]
[visit_enter] AST=Name line=18 MLIR_ops=[]
[visit_enter] AST=Module line=0 MLIR_ops=[]
[visit_enter] AST=FunctionDef line=1 MLIR_ops=[]
[visit_enter] AST=arguments line=0 MLIR_ops=[]
[visit_enter] AST=arg line=1 MLIR_ops=[]
[visit_enter] AST=arg line=1 MLIR_ops=[]
[visit_enter] AST=arg line=1 MLIR_ops=[]
[visit_enter] AST=Attribute line=1 MLIR_ops=[]
[visit_enter] AST=Name line=1 MLIR_ops=[]
[visit_enter] AST=list line=0 MLIR_ops=[]
[visit_enter] AST=AnnAssign line=3 MLIR_ops=[]
[visit_enter] AST=Attribute line=3 MLIR_ops=[]
[visit_enter] AST=Name line=3 MLIR_ops=[]
[visit_enter] AST=Name line=3 MLIR_ops=[]
[visit_enter] AST=Call line=3 MLIR_ops=[]
[visit_enter] AST=Name line=3 MLIR_ops=[]
[visit_enter] AST=Attribute line=3 MLIR_ops=[]
[visit_enter] AST=Name line=3 MLIR_ops=[]
[visit_enter] AST=Assign line=6 MLIR_ops=[]
[visit_enter] AST=Call line=6 MLIR_ops=[]
[visit_enter] AST=Name line=6 MLIR_ops=[]
[visit_enter] AST=keyword line=6 MLIR_ops=[]
[visit_enter] AST=Attribute line=6 MLIR_ops=[]
[visit_enter] AST=Attribute line=6 MLIR_ops=[]
[visit_enter] AST=Name line=6 MLIR_ops=[]
[visit_enter] AST=keyword line=6 MLIR_ops=[]
[visit_enter] AST=Constant line=6 MLIR_ops=[]
[visit_enter] AST=Name line=6 MLIR_ops=[]
[visit_enter] AST=Assign line=7 MLIR_ops=[]
[visit_enter] AST=Call line=7 MLIR_ops=[]
[visit_enter] AST=Attribute line=7 MLIR_ops=[]
[visit_enter] AST=Name line=7 MLIR_ops=[]
[visit_enter] AST=keyword line=7 MLIR_ops=[]
[visit_enter] AST=Constant line=7 MLIR_ops=[]
[visit_enter] AST=Name line=7 MLIR_ops=[]
[visit_enter] AST=Name line=7 MLIR_ops=[]
[visit_enter] AST=Assign line=8 MLIR_ops=[]
[visit_enter] AST=BinOp line=8 MLIR_ops=[]
[visit_enter] AST=Name line=8 MLIR_ops=[]
[visit_enter] AST=Call line=8 MLIR_ops=[]
[visit_enter] AST=Name line=8 MLIR_ops=[]
[visit_enter] AST=Name line=8 MLIR_ops=[]
[visit_enter] AST=BinOp line=8 MLIR_ops=[]
[visit_enter] AST=BinOp line=8 MLIR_ops=[]
[visit_enter] AST=Name line=8 MLIR_ops=[]
[visit_enter] AST=Constant line=8 MLIR_ops=[]
[visit_enter] AST=Name line=8 MLIR_ops=[]
[visit_enter] AST=Constant line=8 MLIR_ops=[]
[visit_enter] AST=Name line=8 MLIR_ops=[]
[visit_enter] AST=Assign line=9 MLIR_ops=[]
[visit_enter] AST=Call line=9 MLIR_ops=[]
[visit_enter] AST=Attribute line=9 MLIR_ops=[]
[visit_enter] AST=Name line=9 MLIR_ops=[]
[visit_enter] AST=keyword line=9 MLIR_ops=[]
[visit_enter] AST=Constant line=9 MLIR_ops=[]
[visit_enter] AST=Attribute line=9 MLIR_ops=[]
[visit_enter] AST=Name line=9 MLIR_ops=[]
[visit_enter] AST=Name line=9 MLIR_ops=[]
[visit_enter] AST=Assign line=12 MLIR_ops=[]
[visit_enter] AST=Call line=12 MLIR_ops=[]
[visit_enter] AST=Name line=12 MLIR_ops=[]
[visit_enter] AST=Name line=12 MLIR_ops=[]
[visit_enter] AST=Name line=12 MLIR_ops=[]
[visit_enter] AST=Name line=12 MLIR_ops=[]
[visit_enter] AST=Assign line=15 MLIR_ops=[]
[visit_enter] AST=Call line=15 MLIR_ops=[]
[visit_enter] AST=Attribute line=15 MLIR_ops=[]
[visit_enter] AST=Name line=15 MLIR_ops=[]
[visit_enter] AST=Compare line=15 MLIR_ops=[]
[visit_enter] AST=Compare line=15 MLIR_ops=[]
[visit_enter] AST=Name line=15 MLIR_ops=[]
[visit_enter] AST=Name line=15 MLIR_ops=[]
[visit_enter] AST=BinOp line=15 MLIR_ops=[]
[visit_enter] AST=Name line=15 MLIR_ops=[]
[visit_enter] AST=Name line=15 MLIR_ops=[]
[visit_enter] AST=Name line=15 MLIR_ops=[]
[visit_enter] AST=Name line=15 MLIR_ops=[]
[visit_enter] AST=Name line=15 MLIR_ops=[]
[visit_enter] AST=Return line=16 MLIR_ops=[]
[visit_enter] AST=Name line=16 MLIR_ops=[]
[visit_enter] AST=Name line=18 MLIR_ops=[]
[visit_enter] AST=list line=0 MLIR_ops=[]
[visit_enter] AST=Assign line=18 MLIR_ops=[]
[visit_enter] AST=Call line=18 MLIR_ops=[]
[visit_enter] AST=Name line=18 MLIR_ops=[]
[visit_enter] AST=Name line=18 MLIR_ops=[]
[visit_enter] AST=Name line=18 MLIR_ops=[]
[visit_enter] AST=BinOp line=18 MLIR_ops=[]
[visit_enter] AST=BinOp line=18 MLIR_ops=[]
[visit_enter] AST=Name line=18 MLIR_ops=[]
[visit_enter] AST=Constant line=18 MLIR_ops=[]
[visit_enter] AST=Name line=18 MLIR_ops=[]
[visit_enter] AST=Module line=0 MLIR_ops=[]
[visit_enter] AST=FunctionDef line=1 MLIR_ops=[]
[visit_enter] AST=arguments line=0 MLIR_ops=[]
[visit_enter] AST=arg line=1 MLIR_ops=[]
[visit_enter] AST=arg line=1 MLIR_ops=[]
[visit_enter] AST=arg line=1 MLIR_ops=[]
[visit_enter] AST=Attribute line=1 MLIR_ops=[]
[visit_enter] AST=Name line=1 MLIR_ops=[]
[visit_enter] AST=list line=0 MLIR_ops=[]
[visit_enter] AST=AnnAssign line=3 MLIR_ops=[]
[visit_enter] AST=Attribute line=3 MLIR_ops=[]
[visit_enter] AST=Name line=3 MLIR_ops=[]
[visit_enter] AST=Name line=3 MLIR_ops=[]
[visit_enter] AST=Call line=3 MLIR_ops=[]
[visit_enter] AST=Name line=3 MLIR_ops=[]
[visit_enter] AST=Attribute line=3 MLIR_ops=[]
[visit_enter] AST=Name line=3 MLIR_ops=[]
[visit_enter] AST=Assign line=6 MLIR_ops=[]
[visit_enter] AST=Call line=6 MLIR_ops=[]
[visit_enter] AST=Name line=6 MLIR_ops=[]
[visit_enter] AST=keyword line=6 MLIR_ops=[]
[visit_enter] AST=Attribute line=6 MLIR_ops=[]
[visit_enter] AST=Attribute line=6 MLIR_ops=[]
[visit_enter] AST=Name line=6 MLIR_ops=[]
[visit_enter] AST=keyword line=6 MLIR_ops=[]
[visit_enter] AST=Constant line=6 MLIR_ops=[]
[visit_enter] AST=Name line=6 MLIR_ops=[]
[visit_enter] AST=Assign line=7 MLIR_ops=[]
[visit_enter] AST=Call line=7 MLIR_ops=[]
[visit_enter] AST=Attribute line=7 MLIR_ops=[]
[visit_enter] AST=Name line=7 MLIR_ops=[]
[visit_enter] AST=keyword line=7 MLIR_ops=[]
[visit_enter] AST=Constant line=7 MLIR_ops=[]
[visit_enter] AST=Name line=7 MLIR_ops=[]
[visit_enter] AST=Name line=7 MLIR_ops=[]
[visit_enter] AST=Assign line=8 MLIR_ops=[]
[visit_enter] AST=BinOp line=8 MLIR_ops=[]
[visit_enter] AST=Name line=8 MLIR_ops=[]
[visit_enter] AST=Call line=8 MLIR_ops=[]
[visit_enter] AST=Name line=8 MLIR_ops=[]
[visit_enter] AST=Name line=8 MLIR_ops=[]
[visit_enter] AST=BinOp line=8 MLIR_ops=[]
[visit_enter] AST=BinOp line=8 MLIR_ops=[]
[visit_enter] AST=Name line=8 MLIR_ops=[]
[visit_enter] AST=Constant line=8 MLIR_ops=[]
[visit_enter] AST=Name line=8 MLIR_ops=[]
[visit_enter] AST=Constant line=8 MLIR_ops=[]
[visit_enter] AST=Name line=8 MLIR_ops=[]
[visit_enter] AST=Assign line=9 MLIR_ops=[]
[visit_enter] AST=Call line=9 MLIR_ops=[]
[visit_enter] AST=Attribute line=9 MLIR_ops=[]
[visit_enter] AST=Name line=9 MLIR_ops=[]
[visit_enter] AST=keyword line=9 MLIR_ops=[]
[visit_enter] AST=Constant line=9 MLIR_ops=[]
[visit_enter] AST=Attribute line=9 MLIR_ops=[]
[visit_enter] AST=Name line=9 MLIR_ops=[]
[visit_enter] AST=Name line=9 MLIR_ops=[]
[visit_enter] AST=Assign line=12 MLIR_ops=[]
[visit_enter] AST=Call line=12 MLIR_ops=[]
[visit_enter] AST=Name line=12 MLIR_ops=[]
[visit_enter] AST=Name line=12 MLIR_ops=[]
[visit_enter] AST=Name line=12 MLIR_ops=[]
[visit_enter] AST=Name line=12 MLIR_ops=[]
[visit_enter] AST=Assign line=15 MLIR_ops=[]
[visit_enter] AST=Call line=15 MLIR_ops=[]
[visit_enter] AST=Attribute line=15 MLIR_ops=[]
[visit_enter] AST=Name line=15 MLIR_ops=[]
[visit_enter] AST=Compare line=15 MLIR_ops=[]
[visit_enter] AST=Compare line=15 MLIR_ops=[]
[visit_enter] AST=Name line=15 MLIR_ops=[]
[visit_enter] AST=Name line=15 MLIR_ops=[]
[visit_enter] AST=BinOp line=15 MLIR_ops=[]
[visit_enter] AST=Name line=15 MLIR_ops=[]
[visit_enter] AST=Name line=15 MLIR_ops=[]
[visit_enter] AST=Name line=15 MLIR_ops=[]
[visit_enter] AST=Name line=15 MLIR_ops=[]
[visit_enter] AST=Name line=15 MLIR_ops=[]
[visit_enter] AST=Return line=16 MLIR_ops=[]
[visit_enter] AST=Name line=16 MLIR_ops=[]
[visit_enter] AST=Name line=18 MLIR_ops=[]
[visit_enter] AST=list line=0 MLIR_ops=[]
[visit_enter] AST=Assign line=18 MLIR_ops=[]
[visit_enter] AST=Call line=18 MLIR_ops=[]
[visit_enter] AST=Name line=18 MLIR_ops=[]
[visit_enter] AST=Name line=18 MLIR_ops=[]
[visit_enter] AST=Name line=18 MLIR_ops=[]
[visit_enter] AST=BinOp line=18 MLIR_ops=[]
[visit_enter] AST=BinOp line=18 MLIR_ops=[]
[visit_enter] AST=Name line=18 MLIR_ops=[]
[visit_enter] AST=Constant line=18 MLIR_ops=[]
[visit_enter] AST=Name line=18 MLIR_ops=[]
[visit_enter] AST=Module line=0 MLIR_ops=[]
[visit_enter] AST=FunctionDef line=1 MLIR_ops=[]
[visit_enter] AST=arguments line=0 MLIR_ops=[]
[visit_enter] AST=arg line=1 MLIR_ops=[]
[visit_enter] AST=arg line=1 MLIR_ops=[]
[visit_enter] AST=arg line=1 MLIR_ops=[]
[visit_enter] AST=Attribute line=1 MLIR_ops=[]
[visit_enter] AST=Name line=1 MLIR_ops=[]
[visit_enter] AST=list line=0 MLIR_ops=[]
[visit_enter] AST=AnnAssign line=3 MLIR_ops=[]
[visit_enter] AST=Attribute line=3 MLIR_ops=[]
[visit_enter] AST=Name line=3 MLIR_ops=[]
[visit_enter] AST=Name line=3 MLIR_ops=[]
[visit_enter] AST=Call line=3 MLIR_ops=[]
[visit_enter] AST=Name line=3 MLIR_ops=[]
[visit_enter] AST=Attribute line=3 MLIR_ops=[]
[visit_enter] AST=Name line=3 MLIR_ops=[]
[visit_enter] AST=Assign line=6 MLIR_ops=[]
[visit_enter] AST=Call line=6 MLIR_ops=[]
[visit_enter] AST=Name line=6 MLIR_ops=[]
[visit_enter] AST=keyword line=6 MLIR_ops=[]
[visit_enter] AST=Attribute line=6 MLIR_ops=[]
[visit_enter] AST=Attribute line=6 MLIR_ops=[]
[visit_enter] AST=Name line=6 MLIR_ops=[]
[visit_enter] AST=keyword line=6 MLIR_ops=[]
[visit_enter] AST=Constant line=6 MLIR_ops=[]
[visit_enter] AST=Name line=6 MLIR_ops=[]
[visit_enter] AST=Assign line=7 MLIR_ops=[]
[visit_enter] AST=Call line=7 MLIR_ops=[]
[visit_enter] AST=Attribute line=7 MLIR_ops=[]
[visit_enter] AST=Name line=7 MLIR_ops=[]
[visit_enter] AST=keyword line=7 MLIR_ops=[]
[visit_enter] AST=Constant line=7 MLIR_ops=[]
[visit_enter] AST=Name line=7 MLIR_ops=[]
[visit_enter] AST=Name line=7 MLIR_ops=[]
[visit_enter] AST=Assign line=8 MLIR_ops=[]
[visit_enter] AST=BinOp line=8 MLIR_ops=[]
[visit_enter] AST=Name line=8 MLIR_ops=[]
[visit_enter] AST=Call line=8 MLIR_ops=[]
[visit_enter] AST=Name line=8 MLIR_ops=[]
[visit_enter] AST=Name line=8 MLIR_ops=[]
[visit_enter] AST=BinOp line=8 MLIR_ops=[]
[visit_enter] AST=BinOp line=8 MLIR_ops=[]
[visit_enter] AST=Name line=8 MLIR_ops=[]
[visit_enter] AST=Constant line=8 MLIR_ops=[]
[visit_enter] AST=Name line=8 MLIR_ops=[]
[visit_enter] AST=Constant line=8 MLIR_ops=[]
[visit_enter] AST=Name line=8 MLIR_ops=[]
[visit_enter] AST=Assign line=9 MLIR_ops=[]
[visit_enter] AST=Call line=9 MLIR_ops=[]
[visit_enter] AST=Attribute line=9 MLIR_ops=[]
[visit_enter] AST=Name line=9 MLIR_ops=[]
[visit_enter] AST=keyword line=9 MLIR_ops=[]
[visit_enter] AST=Constant line=9 MLIR_ops=[]
[visit_enter] AST=Attribute line=9 MLIR_ops=[]
[visit_enter] AST=Name line=9 MLIR_ops=[]
[visit_enter] AST=Name line=9 MLIR_ops=[]
[visit_enter] AST=Assign line=12 MLIR_ops=[]
[visit_enter] AST=Call line=12 MLIR_ops=[]
[visit_enter] AST=Name line=12 MLIR_ops=[]
[visit_enter] AST=Name line=12 MLIR_ops=[]
[visit_enter] AST=Name line=12 MLIR_ops=[]
[visit_enter] AST=Name line=12 MLIR_ops=[]
[visit_enter] AST=Assign line=15 MLIR_ops=[]
[visit_enter] AST=Call line=15 MLIR_ops=[]
[visit_enter] AST=Attribute line=15 MLIR_ops=[]
[visit_enter] AST=Name line=15 MLIR_ops=[]
[visit_enter] AST=Compare line=15 MLIR_ops=[]
[visit_enter] AST=Compare line=15 MLIR_ops=[]
[visit_enter] AST=Name line=15 MLIR_ops=[]
[visit_enter] AST=Name line=15 MLIR_ops=[]
[visit_enter] AST=BinOp line=15 MLIR_ops=[]
[visit_enter] AST=Name line=15 MLIR_ops=[]
[visit_enter] AST=Name line=15 MLIR_ops=[]
[visit_enter] AST=Name line=15 MLIR_ops=[]
[visit_enter] AST=Name line=15 MLIR_ops=[]
[visit_enter] AST=Name line=15 MLIR_ops=[]
[visit_enter] AST=Return line=16 MLIR_ops=[]
[visit_enter] AST=Name line=16 MLIR_ops=[]
[visit_enter] AST=Name line=18 MLIR_ops=[]
[visit_enter] AST=Return line=19 MLIR_ops=[]
[visit_enter] AST=Name line=19 MLIR_ops=[]
[visit_enter] AST=Name line=28 MLIR_ops=[]
[visit_enter] AST=list line=0 MLIR_ops=[]
[visit_enter] AST=Assign line=28 MLIR_ops=[]
[visit_enter] AST=Call line=28 MLIR_ops=[]
[visit_enter] AST=Name line=28 MLIR_ops=[]
[visit_enter] AST=Name line=28 MLIR_ops=[]
[visit_enter] AST=Name line=28 MLIR_ops=[]
[visit_enter] AST=IfExp line=28 MLIR_ops=[]
[visit_enter] AST=Compare line=28 MLIR_ops=[]
[visit_enter] AST=Name line=28 MLIR_ops=[]
[visit_enter] AST=Name line=28 MLIR_ops=[]
[visit_enter] AST=Name line=28 MLIR_ops=[]
[visit_enter] AST=Module line=0 MLIR_ops=[]
[visit_enter] AST=FunctionDef line=1 MLIR_ops=[]
[visit_enter] AST=arguments line=0 MLIR_ops=[]
[visit_enter] AST=arg line=1 MLIR_ops=[]
[visit_enter] AST=arg line=1 MLIR_ops=[]
[visit_enter] AST=Attribute line=1 MLIR_ops=[]
[visit_enter] AST=Name line=1 MLIR_ops=[]
[visit_enter] AST=arg line=1 MLIR_ops=[]
[visit_enter] AST=Attribute line=1 MLIR_ops=[]
[visit_enter] AST=Name line=1 MLIR_ops=[]
[visit_enter] AST=list line=0 MLIR_ops=[]
[visit_enter] AST=Expr line=2 MLIR_ops=[]
[visit_enter] AST=Constant line=2 MLIR_ops=[]
[visit_enter] AST=If line=12 MLIR_ops=[]
[visit_enter] AST=Compare line=12 MLIR_ops=[]
[visit_enter] AST=Name line=12 MLIR_ops=[]
[visit_enter] AST=Constant line=12 MLIR_ops=[]
[visit_enter] AST=list line=0 MLIR_ops=[]
[visit_enter] AST=Assign line=15 MLIR_ops=[]
[visit_enter] AST=Name line=15 MLIR_ops=[]
[visit_enter] AST=Name line=15 MLIR_ops=[]
[visit_enter] AST=For line=17 MLIR_ops=[]
[visit_enter] AST=Attribute line=17 MLIR_ops=[]
[visit_enter] AST=Name line=17 MLIR_ops=[]
[visit_enter] AST=Name line=17 MLIR_ops=[]
[visit_enter] AST=list line=0 MLIR_ops=[]
[visit_enter] AST=Assign line=18 MLIR_ops=[]
[visit_enter] AST=Call line=18 MLIR_ops=[]
[visit_enter] AST=Name line=18 MLIR_ops=[]
[visit_enter] AST=Name line=18 MLIR_ops=[]
[visit_enter] AST=Name line=18 MLIR_ops=[]
[visit_enter] AST=BinOp line=18 MLIR_ops=[]
[visit_enter] AST=BinOp line=18 MLIR_ops=[]
[visit_enter] AST=Name line=18 MLIR_ops=[]
[visit_enter] AST=Constant line=18 MLIR_ops=[]
[visit_enter] AST=Name line=18 MLIR_ops=[]
[visit_enter] AST=Module line=0 MLIR_ops=[]
[visit_enter] AST=FunctionDef line=1 MLIR_ops=[]
[visit_enter] AST=arguments line=0 MLIR_ops=[]
[visit_enter] AST=arg line=1 MLIR_ops=[]
[visit_enter] AST=arg line=1 MLIR_ops=[]
[visit_enter] AST=arg line=1 MLIR_ops=[]
[visit_enter] AST=Attribute line=1 MLIR_ops=[]
[visit_enter] AST=Name line=1 MLIR_ops=[]
[visit_enter] AST=list line=0 MLIR_ops=[]
[visit_enter] AST=AnnAssign line=3 MLIR_ops=[]
[visit_enter] AST=Attribute line=3 MLIR_ops=[]
[visit_enter] AST=Name line=3 MLIR_ops=[]
[visit_enter] AST=Name line=3 MLIR_ops=[]
[visit_enter] AST=Call line=3 MLIR_ops=[]
[visit_enter] AST=Name line=3 MLIR_ops=[]
[visit_enter] AST=Attribute line=3 MLIR_ops=[]
[visit_enter] AST=Name line=3 MLIR_ops=[]
[visit_enter] AST=Assign line=6 MLIR_ops=[]
[visit_enter] AST=Call line=6 MLIR_ops=[]
[visit_enter] AST=Name line=6 MLIR_ops=[]
[visit_enter] AST=keyword line=6 MLIR_ops=[]
[visit_enter] AST=Attribute line=6 MLIR_ops=[]
[visit_enter] AST=Attribute line=6 MLIR_ops=[]
[visit_enter] AST=Name line=6 MLIR_ops=[]
[visit_enter] AST=keyword line=6 MLIR_ops=[]
[visit_enter] AST=Constant line=6 MLIR_ops=[]
[visit_enter] AST=Name line=6 MLIR_ops=[]
[visit_enter] AST=Assign line=7 MLIR_ops=[]
[visit_enter] AST=Call line=7 MLIR_ops=[]
[visit_enter] AST=Attribute line=7 MLIR_ops=[]
[visit_enter] AST=Name line=7 MLIR_ops=[]
[visit_enter] AST=keyword line=7 MLIR_ops=[]
[visit_enter] AST=Constant line=7 MLIR_ops=[]
[visit_enter] AST=Name line=7 MLIR_ops=[]
[visit_enter] AST=Name line=7 MLIR_ops=[]
[visit_enter] AST=Assign line=8 MLIR_ops=[]
[visit_enter] AST=BinOp line=8 MLIR_ops=[]
[visit_enter] AST=Name line=8 MLIR_ops=[]
[visit_enter] AST=Call line=8 MLIR_ops=[]
[visit_enter] AST=Name line=8 MLIR_ops=[]
[visit_enter] AST=Name line=8 MLIR_ops=[]
[visit_enter] AST=BinOp line=8 MLIR_ops=[]
[visit_enter] AST=BinOp line=8 MLIR_ops=[]
[visit_enter] AST=Name line=8 MLIR_ops=[]
[visit_enter] AST=Constant line=8 MLIR_ops=[]
[visit_enter] AST=Name line=8 MLIR_ops=[]
[visit_enter] AST=Constant line=8 MLIR_ops=[]
[visit_enter] AST=Module line=0 MLIR_ops=[]
[visit_enter] AST=FunctionDef line=1 MLIR_ops=[]
[visit_enter] AST=arguments line=0 MLIR_ops=[]
[visit_enter] AST=arg line=1 MLIR_ops=[]
[visit_enter] AST=arg line=1 MLIR_ops=[]
[visit_enter] AST=arg line=1 MLIR_ops=[]
[visit_enter] AST=Assign line=0 MLIR_ops=[]
[visit_enter] AST=Constant line=1 MLIR_ops=[]
[visit_enter] AST=Name line=0 MLIR_ops=[]
[visit_enter] AST=Assign line=0 MLIR_ops=[]
[visit_enter] AST=Constant line=1 MLIR_ops=[]
[visit_enter] AST=Name line=0 MLIR_ops=[]
[visit_enter] AST=list line=0 MLIR_ops=[]
[visit_enter] AST=Expr line=2 MLIR_ops=[]
[visit_enter] AST=Call line=2 MLIR_ops=[]
[visit_enter] AST=Attribute line=2 MLIR_ops=[]
[visit_enter] AST=Name line=2 MLIR_ops=[]
[visit_enter] AST=Call line=2 MLIR_ops=[]
[visit_enter] AST=Attribute line=2 MLIR_ops=[]
[visit_enter] AST=Attribute line=2 MLIR_ops=[]
[visit_enter] AST=Attribute line=2 MLIR_ops=[]
[visit_enter] AST=Name line=2 MLIR_ops=[]
[visit_enter] AST=Return line=3 MLIR_ops=[]
[visit_enter] AST=Call line=3 MLIR_ops=[]
[visit_enter] AST=Attribute line=3 MLIR_ops=[]
[visit_enter] AST=Name line=3 MLIR_ops=[]
[visit_enter] AST=keyword line=3 MLIR_ops=[]
[visit_enter] AST=Name line=3 MLIR_ops=[]
[visit_enter] AST=Name line=3 MLIR_ops=[]
[visit_enter] AST=Name line=3 MLIR_ops=[]
[visit_enter] AST=Name line=3 MLIR_ops=[]
[visit_enter] AST=Name line=8 MLIR_ops=[]
[visit_enter] AST=Assign line=9 MLIR_ops=[]
[visit_enter] AST=Call line=9 MLIR_ops=[]
[visit_enter] AST=Attribute line=9 MLIR_ops=[]
[visit_enter] AST=Name line=9 MLIR_ops=[]
[visit_enter] AST=keyword line=9 MLIR_ops=[]
[visit_enter] AST=Constant line=9 MLIR_ops=[]
[visit_enter] AST=Attribute line=9 MLIR_ops=[]
[visit_enter] AST=Name line=9 MLIR_ops=[]
[visit_enter] AST=Name line=9 MLIR_ops=[]
[visit_enter] AST=Assign line=12 MLIR_ops=[]
[visit_enter] AST=Call line=12 MLIR_ops=[]
[visit_enter] AST=Name line=12 MLIR_ops=[]
[visit_enter] AST=Name line=12 MLIR_ops=[]
[visit_enter] AST=Name line=12 MLIR_ops=[]
[visit_enter] AST=Name line=12 MLIR_ops=[]
[visit_enter] AST=Assign line=15 MLIR_ops=[]
[visit_enter] AST=Call line=15 MLIR_ops=[]
[visit_enter] AST=Attribute line=15 MLIR_ops=[]
[visit_enter] AST=Name line=15 MLIR_ops=[]
[visit_enter] AST=Compare line=15 MLIR_ops=[]
[visit_enter] AST=Compare line=15 MLIR_ops=[]
[visit_enter] AST=Name line=15 MLIR_ops=[]
[visit_enter] AST=Name line=15 MLIR_ops=[]
[visit_enter] AST=BinOp line=15 MLIR_ops=[]
[visit_enter] AST=Name line=15 MLIR_ops=[]
[visit_enter] AST=Name line=15 MLIR_ops=[]
[visit_enter] AST=Name line=15 MLIR_ops=[]
[visit_enter] AST=Name line=15 MLIR_ops=[]
[visit_enter] AST=Name line=15 MLIR_ops=[]
[visit_enter] AST=Return line=16 MLIR_ops=[]
[visit_enter] AST=Name line=16 MLIR_ops=[]
[visit_enter] AST=Name line=18 MLIR_ops=[]
[visit_enter] AST=list line=0 MLIR_ops=[]
[visit_enter] AST=Assign line=18 MLIR_ops=[]
[visit_enter] AST=Call line=18 MLIR_ops=[]
[visit_enter] AST=Name line=18 MLIR_ops=[]
[visit_enter] AST=Name line=18 MLIR_ops=[]
[visit_enter] AST=Name line=18 MLIR_ops=[]
[visit_enter] AST=BinOp line=18 MLIR_ops=[]
[visit_enter] AST=BinOp line=18 MLIR_ops=[]
[visit_enter] AST=Name line=18 MLIR_ops=[]
[visit_enter] AST=Constant line=18 MLIR_ops=[]
[visit_enter] AST=Name line=18 MLIR_ops=[]
[visit_enter] AST=Module line=0 MLIR_ops=[]
[visit_enter] AST=FunctionDef line=1 MLIR_ops=[]
[visit_enter] AST=arguments line=0 MLIR_ops=[]
[visit_enter] AST=arg line=1 MLIR_ops=[]
[visit_enter] AST=arg line=1 MLIR_ops=[]
[visit_enter] AST=arg line=1 MLIR_ops=[]
[visit_enter] AST=Attribute line=1 MLIR_ops=[]
[visit_enter] AST=Name line=1 MLIR_ops=[]
[visit_enter] AST=list line=0 MLIR_ops=[]
[visit_enter] AST=AnnAssign line=3 MLIR_ops=[]
[visit_enter] AST=Attribute line=3 MLIR_ops=[]
[visit_enter] AST=Name line=3 MLIR_ops=[]
[visit_enter] AST=Name line=3 MLIR_ops=[]
[visit_enter] AST=Call line=3 MLIR_ops=[]
[visit_enter] AST=Name line=3 MLIR_ops=[]
[visit_enter] AST=Attribute line=3 MLIR_ops=[]
[visit_enter] AST=Name line=3 MLIR_ops=[]
[visit_enter] AST=Assign line=6 MLIR_ops=[]
[visit_enter] AST=Call line=6 MLIR_ops=[]
[visit_enter] AST=Name line=6 MLIR_ops=[]
[visit_enter] AST=keyword line=6 MLIR_ops=[]
[visit_enter] AST=Attribute line=6 MLIR_ops=[]
[visit_enter] AST=Attribute line=6 MLIR_ops=[]
[visit_enter] AST=Name line=6 MLIR_ops=[]
[visit_enter] AST=keyword line=6 MLIR_ops=[]
[visit_enter] AST=Constant line=6 MLIR_ops=[]
[visit_enter] AST=Name line=6 MLIR_ops=[]
[visit_enter] AST=Assign line=7 MLIR_ops=[]
[visit_enter] AST=Call line=7 MLIR_ops=[]
[visit_enter] AST=Attribute line=7 MLIR_ops=[]
[visit_enter] AST=Name line=7 MLIR_ops=[]
[visit_enter] AST=keyword line=7 MLIR_ops=[]
[visit_enter] AST=Constant line=7 MLIR_ops=[]
[visit_enter] AST=Name line=7 MLIR_ops=[]
[visit_enter] AST=Name line=7 MLIR_ops=[]
[visit_enter] AST=Assign line=8 MLIR_ops=[]
[visit_enter] AST=BinOp line=8 MLIR_ops=[]
[visit_enter] AST=Name line=8 MLIR_ops=[]
[visit_enter] AST=Call line=8 MLIR_ops=[]
[visit_enter] AST=Name line=8 MLIR_ops=[]
[visit_enter] AST=Name line=8 MLIR_ops=[]
[visit_enter] AST=BinOp line=8 MLIR_ops=[]
[visit_enter] AST=BinOp line=8 MLIR_ops=[]
[visit_enter] AST=Name line=8 MLIR_ops=[]
[visit_enter] AST=Constant line=8 MLIR_ops=[]
[visit_enter] AST=Name line=8 MLIR_ops=[]
[visit_enter] AST=Constant line=8 MLIR_ops=[]
[visit_enter] AST=Name line=8 MLIR_ops=[]
[visit_enter] AST=Assign line=9 MLIR_ops=[]
[visit_enter] AST=Call line=9 MLIR_ops=[]
[visit_enter] AST=Attribute line=9 MLIR_ops=[]
[visit_enter] AST=Name line=9 MLIR_ops=[]
[visit_enter] AST=keyword line=9 MLIR_ops=[]
[visit_enter] AST=Constant line=9 MLIR_ops=[]
[visit_enter] AST=Attribute line=9 MLIR_ops=[]
[visit_enter] AST=Name line=9 MLIR_ops=[]
[visit_enter] AST=Name line=9 MLIR_ops=[]
[visit_enter] AST=Assign line=12 MLIR_ops=[]
[visit_enter] AST=Call line=12 MLIR_ops=[]
[visit_enter] AST=Name line=12 MLIR_ops=[]
[visit_enter] AST=Name line=12 MLIR_ops=[]
[visit_enter] AST=Name line=12 MLIR_ops=[]
[visit_enter] AST=Name line=12 MLIR_ops=[]
[visit_enter] AST=Assign line=15 MLIR_ops=[]
[visit_enter] AST=Call line=15 MLIR_ops=[]
[visit_enter] AST=Attribute line=15 MLIR_ops=[]
[visit_enter] AST=Name line=15 MLIR_ops=[]
[visit_enter] AST=Compare line=15 MLIR_ops=[]
[visit_enter] AST=Compare line=15 MLIR_ops=[]
[visit_enter] AST=Name line=15 MLIR_ops=[]
[visit_enter] AST=Name line=15 MLIR_ops=[]
[visit_enter] AST=BinOp line=15 MLIR_ops=[]
[visit_enter] AST=Name line=15 MLIR_ops=[]
[visit_enter] AST=Name line=15 MLIR_ops=[]
[visit_enter] AST=Name line=15 MLIR_ops=[]
[visit_enter] AST=Name line=15 MLIR_ops=[]
[visit_enter] AST=Name line=15 MLIR_ops=[]
[visit_enter] AST=Return line=16 MLIR_ops=[]
[visit_enter] AST=Name line=16 MLIR_ops=[]
[visit_enter] AST=Name line=18 MLIR_ops=[]
[visit_enter] AST=list line=0 MLIR_ops=[]
[visit_enter] AST=Assign line=18 MLIR_ops=[]
[visit_enter] AST=Call line=18 MLIR_ops=[]
[visit_enter] AST=Name line=18 MLIR_ops=[]
[visit_enter] AST=Name line=18 MLIR_ops=[]
[visit_enter] AST=Name line=18 MLIR_ops=[]
[visit_enter] AST=BinOp line=18 MLIR_ops=[]
[visit_enter] AST=BinOp line=18 MLIR_ops=[]
[visit_enter] AST=Name line=18 MLIR_ops=[]
[visit_enter] AST=Constant line=18 MLIR_ops=[]
[visit_enter] AST=Name line=18 MLIR_ops=[]
[visit_enter] AST=Module line=0 MLIR_ops=[]
[visit_enter] AST=FunctionDef line=1 MLIR_ops=[]
[visit_enter] AST=arguments line=0 MLIR_ops=[]
[visit_enter] AST=arg line=1 MLIR_ops=[]
[visit_enter] AST=arg line=1 MLIR_ops=[]
[visit_enter] AST=arg line=1 MLIR_ops=[]
[visit_enter] AST=Attribute line=1 MLIR_ops=[]
[visit_enter] AST=Name line=1 MLIR_ops=[]
[visit_enter] AST=list line=0 MLIR_ops=[]
[visit_enter] AST=AnnAssign line=3 MLIR_ops=[]
[visit_enter] AST=Attribute line=3 MLIR_ops=[]
[visit_enter] AST=Name line=3 MLIR_ops=[]
[visit_enter] AST=Name line=3 MLIR_ops=[]
[visit_enter] AST=Call line=3 MLIR_ops=[]
[visit_enter] AST=Name line=3 MLIR_ops=[]
[visit_enter] AST=Attribute line=3 MLIR_ops=[]
[visit_enter] AST=Name line=3 MLIR_ops=[]
[visit_enter] AST=Assign line=6 MLIR_ops=[]
[visit_enter] AST=Call line=6 MLIR_ops=[]
[visit_enter] AST=Name line=6 MLIR_ops=[]
[visit_enter] AST=keyword line=6 MLIR_ops=[]
[visit_enter] AST=Attribute line=6 MLIR_ops=[]
[visit_enter] AST=Attribute line=6 MLIR_ops=[]
[visit_enter] AST=Name line=6 MLIR_ops=[]
[visit_enter] AST=keyword line=6 MLIR_ops=[]
[visit_enter] AST=Constant line=6 MLIR_ops=[]
[visit_enter] AST=Name line=6 MLIR_ops=[]
[visit_enter] AST=Assign line=7 MLIR_ops=[]
[visit_enter] AST=Call line=7 MLIR_ops=[]
[visit_enter] AST=Attribute line=7 MLIR_ops=[]
[visit_enter] AST=Name line=7 MLIR_ops=[]
[visit_enter] AST=keyword line=7 MLIR_ops=[]
[visit_enter] AST=Constant line=7 MLIR_ops=[]
[visit_enter] AST=Name line=7 MLIR_ops=[]
[visit_enter] AST=Name line=7 MLIR_ops=[]
[visit_enter] AST=Assign line=8 MLIR_ops=[]
[visit_enter] AST=BinOp line=8 MLIR_ops=[]
[visit_enter] AST=Name line=8 MLIR_ops=[]
[visit_enter] AST=Call line=8 MLIR_ops=[]
[visit_enter] AST=Name line=8 MLIR_ops=[]
[visit_enter] AST=Name line=8 MLIR_ops=[]
[visit_enter] AST=BinOp line=8 MLIR_ops=[]
[visit_enter] AST=BinOp line=8 MLIR_ops=[]
[visit_enter] AST=Name line=8 MLIR_ops=[]
[visit_enter] AST=Constant line=8 MLIR_ops=[]
[visit_enter] AST=Name line=8 MLIR_ops=[]
[visit_enter] AST=Constant line=8 MLIR_ops=[]
[visit_enter] AST=Name line=8 MLIR_ops=[]
[visit_enter] AST=Assign line=9 MLIR_ops=[]
[visit_enter] AST=Call line=9 MLIR_ops=[]
[visit_enter] AST=Attribute line=9 MLIR_ops=[]
[visit_enter] AST=Name line=9 MLIR_ops=[]
[visit_enter] AST=keyword line=9 MLIR_ops=[]
[visit_enter] AST=Constant line=9 MLIR_ops=[]
[visit_enter] AST=Attribute line=9 MLIR_ops=[]
[visit_enter] AST=Name line=9 MLIR_ops=[]
[visit_enter] AST=Name line=9 MLIR_ops=[]
[visit_enter] AST=Assign line=12 MLIR_ops=[]
[visit_enter] AST=Call line=12 MLIR_ops=[]
[visit_enter] AST=Name line=12 MLIR_ops=[]
[visit_enter] AST=Name line=12 MLIR_ops=[]
[visit_enter] AST=Name line=12 MLIR_ops=[]
[visit_enter] AST=Name line=12 MLIR_ops=[]
[visit_enter] AST=Assign line=15 MLIR_ops=[]
[visit_enter] AST=Call line=15 MLIR_ops=[]
[visit_enter] AST=Attribute line=15 MLIR_ops=[]
[visit_enter] AST=Name line=15 MLIR_ops=[]
[visit_enter] AST=Compare line=15 MLIR_ops=[]
[visit_enter] AST=Compare line=15 MLIR_ops=[]
[visit_enter] AST=Name line=15 MLIR_ops=[]
[visit_enter] AST=Name line=15 MLIR_ops=[]
[visit_enter] AST=BinOp line=15 MLIR_ops=[]
[visit_enter] AST=Name line=15 MLIR_ops=[]
[visit_enter] AST=Name line=15 MLIR_ops=[]
[visit_enter] AST=Name line=15 MLIR_ops=[]
[visit_enter] AST=Name line=15 MLIR_ops=[]
[visit_enter] AST=Name line=15 MLIR_ops=[]
[visit_enter] AST=Return line=16 MLIR_ops=[]
[visit_enter] AST=Name line=16 MLIR_ops=[]
[visit_enter] AST=Name line=18 MLIR_ops=[]
[visit_enter] AST=list line=0 MLIR_ops=[]
[visit_enter] AST=Assign line=18 MLIR_ops=[]
[visit_enter] AST=Call line=18 MLIR_ops=[]
[visit_enter] AST=Name line=18 MLIR_ops=[]
[visit_enter] AST=Name line=18 MLIR_ops=[]
[visit_enter] AST=Name line=18 MLIR_ops=[]
[visit_enter] AST=BinOp line=18 MLIR_ops=[]
[visit_enter] AST=BinOp line=18 MLIR_ops=[]
[visit_enter] AST=Name line=18 MLIR_ops=[]
[visit_enter] AST=Constant line=18 MLIR_ops=[]
[visit_enter] AST=Name line=18 MLIR_ops=[]
[visit_enter] AST=Module line=0 MLIR_ops=[]
[visit_enter] AST=FunctionDef line=1 MLIR_ops=[]
[visit_enter] AST=arguments line=0 MLIR_ops=[]
[visit_enter] AST=arg line=1 MLIR_ops=[]
[visit_enter] AST=arg line=1 MLIR_ops=[]
[visit_enter] AST=arg line=1 MLIR_ops=[]
[visit_enter] AST=Attribute line=1 MLIR_ops=[]
[visit_enter] AST=Name line=1 MLIR_ops=[]
[visit_enter] AST=list line=0 MLIR_ops=[]
[visit_enter] AST=AnnAssign line=3 MLIR_ops=[]
[visit_enter] AST=Attribute line=3 MLIR_ops=[]
[visit_enter] AST=Name line=3 MLIR_ops=[]
[visit_enter] AST=Name line=3 MLIR_ops=[]
[visit_enter] AST=Call line=3 MLIR_ops=[]
[visit_enter] AST=Name line=3 MLIR_ops=[]
[visit_enter] AST=Attribute line=3 MLIR_ops=[]
[visit_enter] AST=Name line=3 MLIR_ops=[]
[visit_enter] AST=Assign line=6 MLIR_ops=[]
[visit_enter] AST=Call line=6 MLIR_ops=[]
[visit_enter] AST=Name line=6 MLIR_ops=[]
[visit_enter] AST=keyword line=6 MLIR_ops=[]
[visit_enter] AST=Attribute line=6 MLIR_ops=[]
[visit_enter] AST=Attribute line=6 MLIR_ops=[]
[visit_enter] AST=Name line=6 MLIR_ops=[]
[visit_enter] AST=keyword line=6 MLIR_ops=[]
[visit_enter] AST=Constant line=6 MLIR_ops=[]
[visit_enter] AST=Name line=6 MLIR_ops=[]
[visit_enter] AST=Assign line=7 MLIR_ops=[]
[visit_enter] AST=Call line=7 MLIR_ops=[]
[visit_enter] AST=Attribute line=7 MLIR_ops=[]
[visit_enter] AST=Name line=7 MLIR_ops=[]
[visit_enter] AST=keyword line=7 MLIR_ops=[]
[visit_enter] AST=Constant line=7 MLIR_ops=[]
[visit_enter] AST=Name line=7 MLIR_ops=[]
[visit_enter] AST=Name line=7 MLIR_ops=[]
[visit_enter] AST=Assign line=8 MLIR_ops=[]
[visit_enter] AST=BinOp line=8 MLIR_ops=[]
[visit_enter] AST=Name line=8 MLIR_ops=[]
[visit_enter] AST=Call line=8 MLIR_ops=[]
[visit_enter] AST=Name line=8 MLIR_ops=[]
[visit_enter] AST=Name line=8 MLIR_ops=[]
[visit_enter] AST=BinOp line=8 MLIR_ops=[]
[visit_enter] AST=BinOp line=8 MLIR_ops=[]
[visit_enter] AST=Name line=8 MLIR_ops=[]
[visit_enter] AST=Constant line=8 MLIR_ops=[]
[visit_enter] AST=Name line=8 MLIR_ops=[]
[visit_enter] AST=Constant line=8 MLIR_ops=[]
[visit_enter] AST=Name line=8 MLIR_ops=[]
[visit_enter] AST=Assign line=9 MLIR_ops=[]
[visit_enter] AST=Call line=9 MLIR_ops=[]
[visit_enter] AST=Attribute line=9 MLIR_ops=[]
[visit_enter] AST=Name line=9 MLIR_ops=[]
[visit_enter] AST=keyword line=9 MLIR_ops=[]
[visit_enter] AST=Constant line=9 MLIR_ops=[]
[visit_enter] AST=Attribute line=9 MLIR_ops=[]
[visit_enter] AST=Name line=9 MLIR_ops=[]
[visit_enter] AST=Name line=9 MLIR_ops=[]
[visit_enter] AST=Assign line=12 MLIR_ops=[]
[visit_enter] AST=Call line=12 MLIR_ops=[]
[visit_enter] AST=Name line=12 MLIR_ops=[]
[visit_enter] AST=Name line=12 MLIR_ops=[]
[visit_enter] AST=Name line=12 MLIR_ops=[]
[visit_enter] AST=Name line=12 MLIR_ops=[]
[visit_enter] AST=Assign line=15 MLIR_ops=[]
[visit_enter] AST=Call line=15 MLIR_ops=[]
[visit_enter] AST=Attribute line=15 MLIR_ops=[]
[visit_enter] AST=Name line=15 MLIR_ops=[]
[visit_enter] AST=Compare line=15 MLIR_ops=[]
[visit_enter] AST=Compare line=15 MLIR_ops=[]
[visit_enter] AST=Name line=15 MLIR_ops=[]
[visit_enter] AST=Name line=15 MLIR_ops=[]
[visit_enter] AST=BinOp line=15 MLIR_ops=[]
[visit_enter] AST=Name line=15 MLIR_ops=[]
[visit_enter] AST=Name line=15 MLIR_ops=[]
[visit_enter] AST=Name line=15 MLIR_ops=[]
[visit_enter] AST=Name line=15 MLIR_ops=[]
[visit_enter] AST=Name line=15 MLIR_ops=[]
[visit_enter] AST=Return line=16 MLIR_ops=[]
[visit_enter] AST=Name line=16 MLIR_ops=[]
[visit_enter] AST=Name line=18 MLIR_ops=[]
[visit_enter] AST=list line=0 MLIR_ops=[]
[visit_enter] AST=Assign line=18 MLIR_ops=[]
[visit_enter] AST=Call line=18 MLIR_ops=[]
[visit_enter] AST=Name line=18 MLIR_ops=[]
[visit_enter] AST=Name line=18 MLIR_ops=[]
[visit_enter] AST=Name line=18 MLIR_ops=[]
[visit_enter] AST=BinOp line=18 MLIR_ops=[]
[visit_enter] AST=BinOp line=18 MLIR_ops=[]
[visit_enter] AST=Name line=18 MLIR_ops=[]
[visit_enter] AST=Constant line=18 MLIR_ops=[]
[visit_enter] AST=Name line=18 MLIR_ops=[]
[visit_enter] AST=Module line=0 MLIR_ops=[]
[visit_enter] AST=FunctionDef line=1 MLIR_ops=[]
[visit_enter] AST=arguments line=0 MLIR_ops=[]
[visit_enter] AST=arg line=1 MLIR_ops=[]
[visit_enter] AST=arg line=1 MLIR_ops=[]
[visit_enter] AST=arg line=1 MLIR_ops=[]
[visit_enter] AST=Attribute line=1 MLIR_ops=[]
[visit_enter] AST=Name line=1 MLIR_ops=[]
[visit_enter] AST=list line=0 MLIR_ops=[]
[visit_enter] AST=AnnAssign line=3 MLIR_ops=[]
[visit_enter] AST=Attribute line=3 MLIR_ops=[]
[visit_enter] AST=Name line=3 MLIR_ops=[]
[visit_enter] AST=Name line=3 MLIR_ops=[]
[visit_enter] AST=Call line=3 MLIR_ops=[]
[visit_enter] AST=Name line=3 MLIR_ops=[]
[visit_enter] AST=Attribute line=3 MLIR_ops=[]
[visit_enter] AST=Name line=3 MLIR_ops=[]
[visit_enter] AST=Assign line=6 MLIR_ops=[]
[visit_enter] AST=Call line=6 MLIR_ops=[]
[visit_enter] AST=Name line=6 MLIR_ops=[]
[visit_enter] AST=keyword line=6 MLIR_ops=[]
[visit_enter] AST=Attribute line=6 MLIR_ops=[]
[visit_enter] AST=Attribute line=6 MLIR_ops=[]
[visit_enter] AST=Name line=6 MLIR_ops=[]
[visit_enter] AST=keyword line=6 MLIR_ops=[]
[visit_enter] AST=Constant line=6 MLIR_ops=[]
[visit_enter] AST=Name line=6 MLIR_ops=[]
[visit_enter] AST=Assign line=7 MLIR_ops=[]
[visit_enter] AST=Call line=7 MLIR_ops=[]
[visit_enter] AST=Attribute line=7 MLIR_ops=[]
[visit_enter] AST=Name line=7 MLIR_ops=[]
[visit_enter] AST=keyword line=7 MLIR_ops=[]
[visit_enter] AST=Constant line=7 MLIR_ops=[]
[visit_enter] AST=Name line=7 MLIR_ops=[]
[visit_enter] AST=Name line=7 MLIR_ops=[]
[visit_enter] AST=Assign line=8 MLIR_ops=[]
[visit_enter] AST=BinOp line=8 MLIR_ops=[]
[visit_enter] AST=Name line=8 MLIR_ops=[]
[visit_enter] AST=Call line=8 MLIR_ops=[]
[visit_enter] AST=Name line=8 MLIR_ops=[]
[visit_enter] AST=Name line=8 MLIR_ops=[]
[visit_enter] AST=BinOp line=8 MLIR_ops=[]
[visit_enter] AST=BinOp line=8 MLIR_ops=[]
[visit_enter] AST=Name line=8 MLIR_ops=[]
[visit_enter] AST=Constant line=8 MLIR_ops=[]
[visit_enter] AST=Name line=8 MLIR_ops=[]
[visit_enter] AST=Constant line=8 MLIR_ops=[]
[visit_enter] AST=Name line=8 MLIR_ops=[]
[visit_enter] AST=Assign line=9 MLIR_ops=[]
[visit_enter] AST=Call line=9 MLIR_ops=[]
[visit_enter] AST=Attribute line=9 MLIR_ops=[]
[visit_enter] AST=Name line=9 MLIR_ops=[]
[visit_enter] AST=keyword line=9 MLIR_ops=[]
[visit_enter] AST=Constant line=9 MLIR_ops=[]
[visit_enter] AST=Attribute line=9 MLIR_ops=[]
[visit_enter] AST=Name line=9 MLIR_ops=[]
[visit_enter] AST=Name line=9 MLIR_ops=[]
[visit_enter] AST=Assign line=12 MLIR_ops=[]
[visit_enter] AST=Call line=12 MLIR_ops=[]
[visit_enter] AST=Name line=12 MLIR_ops=[]
[visit_enter] AST=Name line=12 MLIR_ops=[]
[visit_enter] AST=Name line=12 MLIR_ops=[]
[visit_enter] AST=Name line=12 MLIR_ops=[]
[visit_enter] AST=Assign line=15 MLIR_ops=[]
[visit_enter] AST=Call line=15 MLIR_ops=[]
[visit_enter] AST=Attribute line=15 MLIR_ops=[]
[visit_enter] AST=Name line=15 MLIR_ops=[]
[visit_enter] AST=Compare line=15 MLIR_ops=[]
[visit_enter] AST=Compare line=15 MLIR_ops=[]
[visit_enter] AST=Name line=15 MLIR_ops=[]
[visit_enter] AST=Name line=15 MLIR_ops=[]
[visit_enter] AST=BinOp line=15 MLIR_ops=[]
[visit_enter] AST=Name line=15 MLIR_ops=[]
[visit_enter] AST=Name line=15 MLIR_ops=[]
[visit_enter] AST=Name line=15 MLIR_ops=[]
[visit_enter] AST=Name line=15 MLIR_ops=[]
[visit_enter] AST=Name line=15 MLIR_ops=[]
[visit_enter] AST=Return line=16 MLIR_ops=[]
[visit_enter] AST=Name line=16 MLIR_ops=[]
[visit_enter] AST=Name line=18 MLIR_ops=[]
[visit_enter] AST=list line=0 MLIR_ops=[]
[visit_enter] AST=Assign line=18 MLIR_ops=[]
[visit_enter] AST=Call line=18 MLIR_ops=[]
[visit_enter] AST=Name line=18 MLIR_ops=[]
[visit_enter] AST=Name line=18 MLIR_ops=[]
[visit_enter] AST=Name line=18 MLIR_ops=[]
[visit_enter] AST=BinOp line=18 MLIR_ops=[]
[visit_enter] AST=BinOp line=18 MLIR_ops=[]
[visit_enter] AST=Name line=18 MLIR_ops=[]
[visit_enter] AST=Constant line=18 MLIR_ops=[]
[visit_enter] AST=Name line=18 MLIR_ops=[]
[visit_enter] AST=Module line=0 MLIR_ops=[]
[visit_enter] AST=FunctionDef line=1 MLIR_ops=[]
[visit_enter] AST=arguments line=0 MLIR_ops=[]
[visit_enter] AST=arg line=1 MLIR_ops=[]
[visit_enter] AST=arg line=1 MLIR_ops=[]
[visit_enter] AST=arg line=1 MLIR_ops=[]
[visit_enter] AST=Attribute line=1 MLIR_ops=[]
[visit_enter] AST=Name line=1 MLIR_ops=[]
[visit_enter] AST=list line=0 MLIR_ops=[]
[visit_enter] AST=AnnAssign line=3 MLIR_ops=[]
[visit_enter] AST=Attribute line=3 MLIR_ops=[]
[visit_enter] AST=Name line=3 MLIR_ops=[]
[visit_enter] AST=Name line=3 MLIR_ops=[]
[visit_enter] AST=Call line=3 MLIR_ops=[]
[visit_enter] AST=Name line=3 MLIR_ops=[]
[visit_enter] AST=Attribute line=3 MLIR_ops=[]
[visit_enter] AST=Name line=3 MLIR_ops=[]
[visit_enter] AST=Assign line=6 MLIR_ops=[]
[visit_enter] AST=Call line=6 MLIR_ops=[]
[visit_enter] AST=Name line=6 MLIR_ops=[]
[visit_enter] AST=keyword line=6 MLIR_ops=[]
[visit_enter] AST=Attribute line=6 MLIR_ops=[]
[visit_enter] AST=Attribute line=6 MLIR_ops=[]
[visit_enter] AST=Name line=6 MLIR_ops=[]
[visit_enter] AST=keyword line=6 MLIR_ops=[]
[visit_enter] AST=Constant line=6 MLIR_ops=[]
[visit_enter] AST=Name line=6 MLIR_ops=[]
[visit_enter] AST=Assign line=7 MLIR_ops=[]
[visit_enter] AST=Call line=7 MLIR_ops=[]
[visit_enter] AST=Attribute line=7 MLIR_ops=[]
[visit_enter] AST=Name line=7 MLIR_ops=[]
[visit_enter] AST=keyword line=7 MLIR_ops=[]
[visit_enter] AST=Constant line=7 MLIR_ops=[]
[visit_enter] AST=Name line=7 MLIR_ops=[]
[visit_enter] AST=Name line=7 MLIR_ops=[]
[visit_enter] AST=Assign line=8 MLIR_ops=[]
[visit_enter] AST=BinOp line=8 MLIR_ops=[]
[visit_enter] AST=Name line=8 MLIR_ops=[]
[visit_enter] AST=Call line=8 MLIR_ops=[]
[visit_enter] AST=Name line=8 MLIR_ops=[]
[visit_enter] AST=Name line=8 MLIR_ops=[]
[visit_enter] AST=BinOp line=8 MLIR_ops=[]
[visit_enter] AST=BinOp line=8 MLIR_ops=[]
[visit_enter] AST=Name line=8 MLIR_ops=[]
[visit_enter] AST=Constant line=8 MLIR_ops=[]
[visit_enter] AST=Name line=8 MLIR_ops=[]
[visit_enter] AST=Constant line=8 MLIR_ops=[]
[visit_enter] AST=Name line=8 MLIR_ops=[]
[visit_enter] AST=Assign line=9 MLIR_ops=[]
[visit_enter] AST=Call line=9 MLIR_ops=[]
[visit_enter] AST=Attribute line=9 MLIR_ops=[]
[visit_enter] AST=Name line=9 MLIR_ops=[]
[visit_enter] AST=keyword line=9 MLIR_ops=[]
[visit_enter] AST=Constant line=9 MLIR_ops=[]
[visit_enter] AST=Attribute line=9 MLIR_ops=[]
[visit_enter] AST=Name line=9 MLIR_ops=[]
[visit_enter] AST=Name line=9 MLIR_ops=[]
[visit_enter] AST=Assign line=12 MLIR_ops=[]
[visit_enter] AST=Call line=12 MLIR_ops=[]
[visit_enter] AST=Name line=12 MLIR_ops=[]
[visit_enter] AST=Name line=12 MLIR_ops=[]
[visit_enter] AST=Name line=12 MLIR_ops=[]
[visit_enter] AST=Name line=12 MLIR_ops=[]
[visit_enter] AST=Assign line=15 MLIR_ops=[]
[visit_enter] AST=Call line=15 MLIR_ops=[]
[visit_enter] AST=Attribute line=15 MLIR_ops=[]
[visit_enter] AST=Name line=15 MLIR_ops=[]
[visit_enter] AST=Compare line=15 MLIR_ops=[]
[visit_enter] AST=Compare line=15 MLIR_ops=[]
[visit_enter] AST=Name line=15 MLIR_ops=[]
[visit_enter] AST=Name line=15 MLIR_ops=[]
[visit_enter] AST=BinOp line=15 MLIR_ops=[]
[visit_enter] AST=Name line=15 MLIR_ops=[]
[visit_enter] AST=Name line=15 MLIR_ops=[]
[visit_enter] AST=Name line=15 MLIR_ops=[]
[visit_enter] AST=Name line=15 MLIR_ops=[]
[visit_enter] AST=Name line=15 MLIR_ops=[]
[visit_enter] AST=Return line=16 MLIR_ops=[]
[visit_enter] AST=Name line=16 MLIR_ops=[]
[visit_enter] AST=Name line=18 MLIR_ops=[]
[visit_enter] AST=list line=0 MLIR_ops=[]
[visit_enter] AST=Assign line=18 MLIR_ops=[]
[visit_enter] AST=Call line=18 MLIR_ops=[]
[visit_enter] AST=Name line=18 MLIR_ops=[]
[visit_enter] AST=Name line=18 MLIR_ops=[]
[visit_enter] AST=Name line=18 MLIR_ops=[]
[visit_enter] AST=BinOp line=18 MLIR_ops=[]
[visit_enter] AST=BinOp line=18 MLIR_ops=[]
[visit_enter] AST=Name line=18 MLIR_ops=[]
[visit_enter] AST=Constant line=18 MLIR_ops=[]
[visit_enter] AST=Name line=18 MLIR_ops=[]
[visit_enter] AST=Module line=0 MLIR_ops=[]
[visit_enter] AST=FunctionDef line=1 MLIR_ops=[]
[visit_enter] AST=arguments line=0 MLIR_ops=[]
[visit_enter] AST=arg line=1 MLIR_ops=[]
[visit_enter] AST=arg line=1 MLIR_ops=[]
[visit_enter] AST=arg line=1 MLIR_ops=[]
[visit_enter] AST=Attribute line=1 MLIR_ops=[]
[visit_enter] AST=Name line=1 MLIR_ops=[]
[visit_enter] AST=list line=0 MLIR_ops=[]
[visit_enter] AST=AnnAssign line=3 MLIR_ops=[]
[visit_enter] AST=Attribute line=3 MLIR_ops=[]
[visit_enter] AST=Name line=3 MLIR_ops=[]
[visit_enter] AST=Name line=3 MLIR_ops=[]
[visit_enter] AST=Call line=3 MLIR_ops=[]
[visit_enter] AST=Name line=3 MLIR_ops=[]
[visit_enter] AST=Attribute line=3 MLIR_ops=[]
[visit_enter] AST=Name line=3 MLIR_ops=[]
[visit_enter] AST=Assign line=6 MLIR_ops=[]
[visit_enter] AST=Call line=6 MLIR_ops=[]
[visit_enter] AST=Name line=6 MLIR_ops=[]
[visit_enter] AST=keyword line=6 MLIR_ops=[]
[visit_enter] AST=Attribute line=6 MLIR_ops=[]
[visit_enter] AST=Attribute line=6 MLIR_ops=[]
[visit_enter] AST=Name line=6 MLIR_ops=[]
[visit_enter] AST=keyword line=6 MLIR_ops=[]
[visit_enter] AST=Constant line=6 MLIR_ops=[]
[visit_enter] AST=Name line=6 MLIR_ops=[]
[visit_enter] AST=Assign line=7 MLIR_ops=[]
[visit_enter] AST=Call line=7 MLIR_ops=[]
[visit_enter] AST=Attribute line=7 MLIR_ops=[]
[visit_enter] AST=Name line=7 MLIR_ops=[]
[visit_enter] AST=keyword line=7 MLIR_ops=[]
[visit_enter] AST=Constant line=7 MLIR_ops=[]
[visit_enter] AST=Name line=7 MLIR_ops=[]
[visit_enter] AST=Name line=7 MLIR_ops=[]
[visit_enter] AST=Assign line=8 MLIR_ops=[]
[visit_enter] AST=BinOp line=8 MLIR_ops=[]
[visit_enter] AST=Name line=8 MLIR_ops=[]
[visit_enter] AST=Call line=8 MLIR_ops=[]
[visit_enter] AST=Name line=8 MLIR_ops=[]
[visit_enter] AST=Name line=8 MLIR_ops=[]
[visit_enter] AST=BinOp line=8 MLIR_ops=[]
[visit_enter] AST=BinOp line=8 MLIR_ops=[]
[visit_enter] AST=Name line=8 MLIR_ops=[]
[visit_enter] AST=Constant line=8 MLIR_ops=[]
[visit_enter] AST=Name line=8 MLIR_ops=[]
[visit_enter] AST=Constant line=8 MLIR_ops=[]
[visit_enter] AST=Name line=8 MLIR_ops=[]
[visit_enter] AST=Assign line=9 MLIR_ops=[]
[visit_enter] AST=Call line=9 MLIR_ops=[]
[visit_enter] AST=Attribute line=9 MLIR_ops=[]
[visit_enter] AST=Name line=9 MLIR_ops=[]
[visit_enter] AST=keyword line=9 MLIR_ops=[]
[visit_enter] AST=Constant line=9 MLIR_ops=[]
[visit_enter] AST=Attribute line=9 MLIR_ops=[]
[visit_enter] AST=Name line=9 MLIR_ops=[]
[visit_enter] AST=Name line=9 MLIR_ops=[]
[visit_enter] AST=Assign line=12 MLIR_ops=[]
[visit_enter] AST=Call line=12 MLIR_ops=[]
[visit_enter] AST=Name line=12 MLIR_ops=[]
[visit_enter] AST=Name line=12 MLIR_ops=[]
[visit_enter] AST=Name line=12 MLIR_ops=[]
[visit_enter] AST=Name line=12 MLIR_ops=[]
[visit_enter] AST=Assign line=15 MLIR_ops=[]
[visit_enter] AST=Call line=15 MLIR_ops=[]
[visit_enter] AST=Attribute line=15 MLIR_ops=[]
[visit_enter] AST=Name line=15 MLIR_ops=[]
[visit_enter] AST=Compare line=15 MLIR_ops=[]
[visit_enter] AST=Compare line=15 MLIR_ops=[]
[visit_enter] AST=Name line=15 MLIR_ops=[]
[visit_enter] AST=Name line=15 MLIR_ops=[]
[visit_enter] AST=BinOp line=15 MLIR_ops=[]
[visit_enter] AST=Name line=15 MLIR_ops=[]
[visit_enter] AST=Name line=15 MLIR_ops=[]
[visit_enter] AST=Name line=15 MLIR_ops=[]
[visit_enter] AST=Name line=15 MLIR_ops=[]
[visit_enter] AST=Name line=15 MLIR_ops=[]
[visit_enter] AST=Return line=16 MLIR_ops=[]
[visit_enter] AST=Name line=16 MLIR_ops=[]
[visit_enter] AST=Name line=18 MLIR_ops=[]
[visit_enter] AST=Return line=19 MLIR_ops=[]
[visit_enter] AST=Name line=19 MLIR_ops=[]
[visit_enter] AST=Name line=28 MLIR_ops=[]
[visit_enter] AST=For line=32 MLIR_ops=[]
[visit_enter] AST=Attribute line=32 MLIR_ops=[]
[visit_enter] AST=Name line=32 MLIR_ops=[]
[visit_enter] AST=BinOp line=32 MLIR_ops=[]
[visit_enter] AST=Name line=32 MLIR_ops=[]
[visit_enter] AST=Constant line=32 MLIR_ops=[]
[visit_enter] AST=BinOp line=32 MLIR_ops=[]
[visit_enter] AST=Name line=32 MLIR_ops=[]
[visit_enter] AST=Constant line=32 MLIR_ops=[]
[visit_enter] AST=Assign line=37 MLIR_ops=[]
[visit_enter] AST=Call line=37 MLIR_ops=[]
[visit_enter] AST=Attribute line=37 MLIR_ops=[]
[visit_enter] AST=Name line=37 MLIR_ops=[]
[visit_enter] AST=Name line=37 MLIR_ops=[]
[visit_enter] AST=BinOp line=37 MLIR_ops=[]
[visit_enter] AST=Subscript line=37 MLIR_ops=[]
[visit_enter] AST=Subscript line=37 MLIR_ops=[]
[visit_enter] AST=Attribute line=37 MLIR_ops=[]
[visit_enter] AST=Name line=37 MLIR_ops=[]
[visit_enter] AST=Slice line=37 MLIR_ops=[]
[visit_enter] AST=UnaryOp line=37 MLIR_ops=[]
[visit_enter] AST=Constant line=37 MLIR_ops=[]
[visit_enter] AST=List line=37 MLIR_ops=[]
[visit_enter] AST=Load line=0 MLIR_ops=[]
[visit_enter] AST=BinOp line=37 MLIR_ops=[]
[visit_enter] AST=Constant line=37 MLIR_ops=[]
[visit_enter] AST=Name line=37 MLIR_ops=[]
[visit_enter] AST=Name line=37 MLIR_ops=[]
[visit_enter] AST=Return line=38 MLIR_ops=[]
[visit_enter] AST=Name line=38 MLIR_ops=[]
[visit_enter] AST=Name line=3 MLIR_ops=[]
[visit_enter] AST=Expr line=4 MLIR_ops=['set_loc', 'set_loc']
[visit_enter] AST=Call line=4 MLIR_ops=['set_loc', 'set_loc', 'set_loc', 'set_loc', 'set_loc', 'set_loc', 'store']
[visit_enter] AST=Attribute line=4 MLIR_ops=['set_loc', 'set_loc']
[visit_enter] AST=Name line=4 MLIR_ops=[]
[visit_enter] AST=BinOp line=4 MLIR_ops=['set_loc', 'set_loc', 'set_loc', 'set_loc', 'splat', 'addptr']
[visit_enter] AST=Name line=4 MLIR_ops=[]
[visit_enter] AST=Name line=4 MLIR_ops=[]
[visit_enter] AST=Name line=4 MLIR_ops=[]
[visit_enter] AST=Module line=0 MLIR_ops=['set_loc', 'set_loc']
[visit_enter] AST=FunctionDef line=1 MLIR_ops=['set_loc']
[visit_enter] AST=arguments line=0 MLIR_ops=['set_loc', 'set_loc', 'set_loc', 'set_loc']
[visit_enter] AST=arg line=1 MLIR_ops=[]
[visit_enter] AST=arg line=1 MLIR_ops=[]
[visit_enter] AST=list line=0 MLIR_ops=['set_loc', 'set_loc', 'set_loc', 'set_loc', 'set_loc', 'set_loc', 'set_loc', 'set_loc', 'set_loc', 'set_loc', 'set_loc', 'set_loc', 'set_loc', 'set_loc']
[visit_enter] AST=Assign line=2 MLIR_ops=['set_loc', 'set_loc', 'set_loc', 'set_loc']
[visit_enter] AST=Call line=2 MLIR_ops=['set_loc', 'set_loc', 'set_loc', 'set_loc', 'get.program.id']
[visit_enter] AST=Attribute line=2 MLIR_ops=['set_loc', 'set_loc']
[visit_enter] AST=Name line=2 MLIR_ops=[]
[visit_enter] AST=Constant line=2 MLIR_ops=[]
[visit_enter] AST=Name line=2 MLIR_ops=[]
[visit_enter] AST=Assign line=2 MLIR_ops=['set_loc', 'set_loc', 'set_loc', 'set_loc']
[visit_enter] AST=Call line=2 MLIR_ops=['set_loc', 'set_loc', 'set_loc', 'set_loc', 'set_loc', 'set_loc', 'make.range']
[visit_enter] AST=Attribute line=2 MLIR_ops=['set_loc', 'set_loc']
[visit_enter] AST=Name line=2 MLIR_ops=[]
[visit_enter] AST=Constant line=2 MLIR_ops=[]
[visit_enter] AST=Constant line=2 MLIR_ops=[]
[visit_enter] AST=Name line=2 MLIR_ops=[]
[visit_enter] AST=Assign line=3 MLIR_ops=['set_loc', 'set_loc', 'set_loc', 'set_loc']
[visit_enter] AST=Call line=3 MLIR_ops=['set_loc', 'set_loc', 'set_loc', 'set_loc', 'load']
[visit_enter] AST=Attribute line=3 MLIR_ops=['set_loc', 'set_loc']
[visit_enter] AST=Name line=3 MLIR_ops=[]
[visit_enter] AST=BinOp line=3 MLIR_ops=['set_loc', 'set_loc', 'set_loc', 'set_loc', 'splat', 'addptr']
[visit_enter] AST=Name line=3 MLIR_ops=[]
[visit_enter] AST=Name line=3 MLIR_ops=[]
[visit_enter] AST=Name line=3 MLIR_ops=[]
[visit_enter] AST=Assign line=3 MLIR_ops=['set_loc', 'set_loc', 'set_loc', 'set_loc']
[visit_enter] AST=Call line=3 MLIR_ops=['set_loc', 'set_loc', 'set_loc', 'set_loc', 'reshape']
[visit_enter] AST=Attribute line=3 MLIR_ops=['set_loc', 'set_loc']
[visit_enter] AST=Name line=3 MLIR_ops=[]
[visit_enter] AST=List line=3 MLIR_ops=['set_loc', 'set_loc', 'set_loc', 'set_loc', 'set_loc']
[visit_enter] AST=Load line=0 MLIR_ops=[]
[visit_enter] AST=Constant line=3 MLIR_ops=[]
[visit_enter] AST=Constant line=3 MLIR_ops=[]
[visit_enter] AST=Name line=3 MLIR_ops=[]
[visit_enter] AST=Assign line=3 MLIR_ops=['set_loc', 'set_loc', 'set_loc', 'set_loc']
[visit_enter] AST=Call line=3 MLIR_ops=['set_loc', 'set_loc', 'set_loc', 'set_loc', 'trans']
[visit_enter] AST=Attribute line=3 MLIR_ops=['set_loc', 'set_loc']
[visit_enter] AST=Name line=3 MLIR_ops=[]
[visit_enter] AST=Name line=3 MLIR_ops=[]
[visit_enter] AST=Name line=3 MLIR_ops=[]
[visit_enter] AST=Assign line=3 MLIR_ops=['set_loc', 'set_loc', 'set_loc', 'set_loc']
[visit_enter] AST=Call line=3 MLIR_ops=['set_loc', 'set_loc', 'set_loc', 'set_loc', 'set_loc', 'set_loc']
[visit_enter] AST=Attribute line=3 MLIR_ops=['set_loc', 'set_loc']
[visit_enter] AST=Name line=3 MLIR_ops=[]
[visit_enter] AST=keyword line=3 MLIR_ops=['set_loc', 'set_loc']
[visit_enter] AST=Constant line=3 MLIR_ops=[]
[visit_enter] AST=Name line=3 MLIR_ops=[]
[visit_enter] AST=Module line=0 MLIR_ops=[]
[visit_enter] AST=FunctionDef line=1 MLIR_ops=[]
[visit_enter] AST=arguments line=0 MLIR_ops=[]
[visit_enter] AST=arg line=1 MLIR_ops=[]
[visit_enter] AST=arg line=1 MLIR_ops=[]
[visit_enter] AST=arg line=1 MLIR_ops=[]
[visit_enter] AST=arg line=1 MLIR_ops=[]
[visit_enter] AST=Attribute line=1 MLIR_ops=[]
[visit_enter] AST=Name line=1 MLIR_ops=[]
[visit_enter] AST=AnnAssign line=0 MLIR_ops=[]
[visit_enter] AST=Attribute line=1 MLIR_ops=[]
[visit_enter] AST=Name line=1 MLIR_ops=[]
[visit_enter] AST=Name line=0 MLIR_ops=[]
[visit_enter] AST=Constant line=1 MLIR_ops=[]
[visit_enter] AST=Assign line=0 MLIR_ops=[]
[visit_enter] AST=Constant line=1 MLIR_ops=[]
[visit_enter] AST=Name line=0 MLIR_ops=[]
[visit_enter] AST=Assign line=0 MLIR_ops=[]
[visit_enter] AST=Constant line=1 MLIR_ops=[]
[visit_enter] AST=Name line=0 MLIR_ops=[]
[visit_enter] AST=list line=0 MLIR_ops=[]
[visit_enter] AST=AnnAssign line=3 MLIR_ops=[]
[visit_enter] AST=Attribute line=3 MLIR_ops=[]
[visit_enter] AST=Name line=3 MLIR_ops=[]
[visit_enter] AST=Name line=3 MLIR_ops=[]
[visit_enter] AST=Call line=3 MLIR_ops=[]
[visit_enter] AST=Name line=3 MLIR_ops=[]
[visit_enter] AST=Attribute line=3 MLIR_ops=[]
[visit_enter] AST=Name line=3 MLIR_ops=[]
[visit_enter] AST=Name line=3 MLIR_ops=[]
[visit_enter] AST=If line=5 MLIR_ops=[]
[visit_enter] AST=Compare line=5 MLIR_ops=[]
[visit_enter] AST=Name line=5 MLIR_ops=[]
[visit_enter] AST=Constant line=5 MLIR_ops=[]
[visit_enter] AST=list line=0 MLIR_ops=[]
[visit_enter] AST=Return line=7 MLIR_ops=[]
[visit_enter] AST=Call line=7 MLIR_ops=[]
[visit_enter] AST=Attribute line=7 MLIR_ops=[]
[visit_enter] AST=Name line=7 MLIR_ops=[]
[visit_enter] AST=keyword line=7 MLIR_ops=[]
[visit_enter] AST=Name line=7 MLIR_ops=[]
[visit_enter] AST=Name line=7 MLIR_ops=[]
[visit_enter] AST=Name line=7 MLIR_ops=[]
[visit_enter] AST=Name line=7 MLIR_ops=[]
[visit_enter] AST=Module line=0 MLIR_ops=[]
[visit_enter] AST=FunctionDef line=1 MLIR_ops=[]
[visit_enter] AST=arguments line=0 MLIR_ops=[]
[visit_enter] AST=arg line=1 MLIR_ops=[]
[visit_enter] AST=arg line=1 MLIR_ops=[]
[visit_enter] AST=list line=0 MLIR_ops=[]
[visit_enter] AST=Return line=2 MLIR_ops=[]
[visit_enter] AST=BinOp line=2 MLIR_ops=[]
[visit_enter] AST=Name line=2 MLIR_ops=[]
[visit_enter] AST=Name line=2 MLIR_ops=[]
[visit_enter] AST=Name line=3 MLIR_ops=[]
[visit_enter] AST=Expr line=4 MLIR_ops=['set_loc', 'set_loc']
[visit_enter] AST=Call line=4 MLIR_ops=['set_loc', 'set_loc', 'set_loc', 'set_loc', 'set_loc', 'set_loc', 'store']
[visit_enter] AST=Attribute line=4 MLIR_ops=['set_loc', 'set_loc']
[visit_enter] AST=Name line=4 MLIR_ops=[]
[visit_enter] AST=BinOp line=4 MLIR_ops=['set_loc', 'set_loc', 'set_loc', 'set_loc', 'splat', 'addptr']
[visit_enter] AST=BinOp line=4 MLIR_ops=['set_loc', 'set_loc', 'set_loc', 'set_loc', 'addptr']
[visit_enter] AST=Name line=4 MLIR_ops=[]
[visit_enter] AST=BinOp line=4 MLIR_ops=['set_loc', 'set_loc', 'set_loc', 'set_loc', 'int.cast', 'int.cast', 'mul', 'icmpSLE', 'icmpSGE', 'and', 'mul']
[visit_enter] AST=Name line=4 MLIR_ops=[]
[visit_enter] AST=Constant line=4 MLIR_ops=[]
[visit_enter] AST=Call line=4 MLIR_ops=['set_loc', 'set_loc', 'set_loc', 'set_loc', 'set_loc', 'set_loc', 'make.range']
[visit_enter] AST=Attribute line=4 MLIR_ops=['set_loc', 'set_loc']
[visit_enter] AST=Name line=4 MLIR_ops=[]
[visit_enter] AST=Constant line=4 MLIR_ops=[]
[visit_enter] AST=Constant line=4 MLIR_ops=[]
[visit_enter] AST=Name line=4 MLIR_ops=[]
[visit_enter] AST=Module line=0 MLIR_ops=['set_loc', 'set_loc']
[visit_enter] AST=FunctionDef line=1 MLIR_ops=['set_loc']
[visit_enter] AST=arguments line=0 MLIR_ops=['set_loc', 'set_loc', 'set_loc', 'set_loc']
[visit_enter] AST=arg line=1 MLIR_ops=[]
[visit_enter] AST=arg line=1 MLIR_ops=[]
[visit_enter] AST=list line=0 MLIR_ops=['set_loc', 'set_loc', 'set_loc', 'set_loc', 'set_loc', 'set_loc', 'set_loc', 'set_loc', 'set_loc', 'set_loc']
[visit_enter] AST=Assign line=2 MLIR_ops=['set_loc', 'set_loc', 'set_loc', 'set_loc']
[visit_enter] AST=Call line=2 MLIR_ops=['set_loc', 'set_loc', 'set_loc', 'set_loc', 'get.program.id']
[visit_enter] AST=Attribute line=2 MLIR_ops=['set_loc', 'set_loc']
[visit_enter] AST=Name line=2 MLIR_ops=[]
[visit_enter] AST=Constant line=2 MLIR_ops=[]
[visit_enter] AST=Name line=2 MLIR_ops=[]
[visit_enter] AST=Assign line=2 MLIR_ops=['set_loc', 'set_loc', 'set_loc', 'set_loc']
[visit_enter] AST=Call line=2 MLIR_ops=['set_loc', 'set_loc', 'set_loc', 'set_loc', 'set_loc', 'set_loc', 'make.range']
[visit_enter] AST=Attribute line=2 MLIR_ops=['set_loc', 'set_loc']
[visit_enter] AST=Name line=2 MLIR_ops=[]
[visit_enter] AST=Constant line=2 MLIR_ops=[]
[visit_enter] AST=Constant line=2 MLIR_ops=[]
[visit_enter] AST=Name line=2 MLIR_ops=[]
[visit_enter] AST=Assign line=3 MLIR_ops=['set_loc', 'set_loc', 'set_loc', 'set_loc']
[visit_enter] AST=Call line=3 MLIR_ops=['set_loc', 'set_loc', 'set_loc', 'set_loc', 'load']
[visit_enter] AST=Attribute line=3 MLIR_ops=['set_loc', 'set_loc']
[visit_enter] AST=Name line=3 MLIR_ops=[]
[visit_enter] AST=BinOp line=3 MLIR_ops=['set_loc', 'set_loc', 'set_loc', 'set_loc', 'splat', 'addptr']
[visit_enter] AST=Name line=3 MLIR_ops=[]
[visit_enter] AST=Name line=3 MLIR_ops=[]
[visit_enter] AST=Name line=3 MLIR_ops=[]
[visit_enter] AST=Assign line=3 MLIR_ops=['set_loc', 'set_loc', 'set_loc', 'set_loc']
[visit_enter] AST=Call line=3 MLIR_ops=['set_loc', 'set_loc', 'set_loc', 'set_loc', 'reshape']
[visit_enter] AST=Attribute line=3 MLIR_ops=['set_loc', 'set_loc']
[visit_enter] AST=Name line=3 MLIR_ops=[]
[visit_enter] AST=List line=3 MLIR_ops=['set_loc', 'set_loc', 'set_loc', 'set_loc', 'set_loc']
[visit_enter] AST=Load line=0 MLIR_ops=[]
[visit_enter] AST=Constant line=3 MLIR_ops=[]
[visit_enter] AST=Constant line=3 MLIR_ops=[]
[visit_enter] AST=Name line=3 MLIR_ops=[]
[visit_enter] AST=Expr line=4 MLIR_ops=['set_loc', 'set_loc']
[visit_enter] AST=Call line=4 MLIR_ops=['set_loc', 'set_loc', 'set_loc', 'set_loc', 'set_loc', 'set_loc', 'store']
[visit_enter] AST=Attribute line=4 MLIR_ops=['set_loc', 'set_loc']
[visit_enter] AST=Name line=4 MLIR_ops=[]
[visit_enter] AST=BinOp line=4 MLIR_ops=['set_loc', 'set_loc', 'set_loc', 'set_loc', 'splat', 'addptr']
[visit_enter] AST=BinOp line=4 MLIR_ops=['set_loc', 'set_loc', 'set_loc', 'set_loc', 'addptr']
[visit_enter] AST=Name line=4 MLIR_ops=[]
[visit_enter] AST=BinOp line=4 MLIR_ops=['set_loc', 'set_loc', 'set_loc', 'set_loc', 'int.cast', 'int.cast', 'mul', 'icmpSLE', 'icmpSGE', 'and', 'mul']
[visit_enter] AST=Name line=4 MLIR_ops=[]
[visit_enter] AST=Constant line=4 MLIR_ops=[]
[visit_enter] AST=Call line=4 MLIR_ops=['set_loc', 'set_loc', 'set_loc', 'set_loc', 'set_loc', 'set_loc', 'make.range']
[visit_enter] AST=Attribute line=4 MLIR_ops=['set_loc', 'set_loc']
[visit_enter] AST=Name line=4 MLIR_ops=[]
[visit_enter] AST=Constant line=4 MLIR_ops=[]
[visit_enter] AST=Constant line=4 MLIR_ops=[]
[visit_enter] AST=Call line=4 MLIR_ops=['set_loc', 'set_loc', 'set_loc', 'set_loc']
[visit_enter] AST=Attribute line=4 MLIR_ops=['set_loc', 'set_loc']
[visit_enter] AST=Name line=4 MLIR_ops=[]
[visit_enter] AST=Name line=4 MLIR_ops=[]
[visit_enter] AST=Module line=0 MLIR_ops=[]
[visit_enter] AST=FunctionDef line=1 MLIR_ops=[]
[visit_enter] AST=arguments line=0 MLIR_ops=[]
[visit_enter] AST=arg line=1 MLIR_ops=[]
[visit_enter] AST=arg line=1 MLIR_ops=[]
[visit_enter] AST=Assign line=0 MLIR_ops=[]
[visit_enter] AST=Constant line=1 MLIR_ops=[]
[visit_enter] AST=Name line=0 MLIR_ops=[]
[visit_enter] AST=list line=0 MLIR_ops=[]
[visit_enter] AST=Expr line=2 MLIR_ops=[]
[visit_enter] AST=Constant line=2 MLIR_ops=[]
[visit_enter] AST=Return line=8 MLIR_ops=[]
[visit_enter] AST=Call line=8 MLIR_ops=[]
[visit_enter] AST=Attribute line=8 MLIR_ops=[]
[visit_enter] AST=Name line=8 MLIR_ops=[]
[visit_enter] AST=keyword line=8 MLIR_ops=[]
[visit_enter] AST=Name line=8 MLIR_ops=[]
[visit_enter] AST=Name line=8 MLIR_ops=[]
[visit_enter] AST=List line=8 MLIR_ops=[]
[visit_enter] AST=Load line=0 MLIR_ops=[]
[visit_enter] AST=Attribute line=8 MLIR_ops=[]
[visit_enter] AST=Name line=8 MLIR_ops=[]
[visit_enter] AST=Module line=0 MLIR_ops=['set_loc', 'set_loc']
[visit_enter] AST=FunctionDef line=1 MLIR_ops=['set_loc']
[visit_enter] AST=arguments line=0 MLIR_ops=['set_loc', 'set_loc', 'set_loc', 'set_loc', 'set_loc', 'set_loc']
[visit_enter] AST=arg line=1 MLIR_ops=[]
[visit_enter] AST=arg line=1 MLIR_ops=[]
[visit_enter] AST=arg line=1 MLIR_ops=[]
[visit_enter] AST=list line=0 MLIR_ops=['set_loc', 'set_loc', 'set_loc', 'set_loc', 'set_loc', 'set_loc', 'set_loc', 'set_loc', 'set_loc', 'set_loc', 'set_loc', 'set_loc', 'set_loc', 'set_loc']
[visit_enter] AST=Assign line=2 MLIR_ops=['set_loc', 'set_loc', 'set_loc', 'set_loc']
[visit_enter] AST=Call line=2 MLIR_ops=['set_loc', 'set_loc', 'set_loc', 'set_loc', 'get.program.id']
[visit_enter] AST=Attribute line=2 MLIR_ops=['set_loc', 'set_loc']
[visit_enter] AST=Name line=2 MLIR_ops=[]
[visit_enter] AST=Constant line=2 MLIR_ops=[]
[visit_enter] AST=Name line=2 MLIR_ops=[]
[visit_enter] AST=Assign line=2 MLIR_ops=['set_loc', 'set_loc', 'set_loc', 'set_loc']
[visit_enter] AST=BinOp line=2 MLIR_ops=['set_loc', 'set_loc', 'set_loc', 'set_loc', 'splat', 'int.cast', 'int.cast', 'add', 'splat', 'icmpSLE', 'splat', 'icmpSGE', 'and', 'add']
[visit_enter] AST=BinOp line=2 MLIR_ops=['set_loc', 'set_loc', 'set_loc', 'set_loc', 'int.cast', 'int.cast', 'mul', 'icmpSLE', 'icmpSGE', 'and', 'mul']
[visit_enter] AST=Name line=2 MLIR_ops=[]
[visit_enter] AST=Constant line=2 MLIR_ops=[]
[visit_enter] AST=Call line=2 MLIR_ops=['set_loc', 'set_loc', 'set_loc', 'set_loc', 'set_loc', 'set_loc', 'make.range']
[visit_enter] AST=Attribute line=2 MLIR_ops=['set_loc', 'set_loc']
[visit_enter] AST=Name line=2 MLIR_ops=[]
[visit_enter] AST=Constant line=2 MLIR_ops=[]
[visit_enter] AST=Constant line=2 MLIR_ops=[]
[visit_enter] AST=Name line=2 MLIR_ops=[]
[visit_enter] AST=Assign line=3 MLIR_ops=['set_loc', 'set_loc', 'set_loc', 'set_loc']
[visit_enter] AST=Call line=3 MLIR_ops=['set_loc', 'set_loc', 'set_loc', 'set_loc', 'load']
[visit_enter] AST=Attribute line=3 MLIR_ops=['set_loc', 'set_loc']
[visit_enter] AST=Name line=3 MLIR_ops=[]
[visit_enter] AST=BinOp line=3 MLIR_ops=['set_loc', 'set_loc', 'set_loc', 'set_loc', 'splat', 'addptr']
[visit_enter] AST=Name line=3 MLIR_ops=[]
[visit_enter] AST=Name line=3 MLIR_ops=[]
[visit_enter] AST=Name line=3 MLIR_ops=[]
[visit_enter] AST=Assign line=3 MLIR_ops=['set_loc', 'set_loc', 'set_loc', 'set_loc']
[visit_enter] AST=Call line=3 MLIR_ops=['set_loc', 'set_loc', 'set_loc', 'set_loc', 'load']
[visit_enter] AST=Attribute line=3 MLIR_ops=['set_loc', 'set_loc']
[visit_enter] AST=Name line=3 MLIR_ops=[]
[visit_enter] AST=BinOp line=3 MLIR_ops=['set_loc', 'set_loc', 'set_loc', 'set_loc', 'splat', 'addptr']
[visit_enter] AST=Name line=3 MLIR_ops=[]
[visit_enter] AST=Name line=3 MLIR_ops=[]
[visit_enter] AST=Name line=3 MLIR_ops=[]
[visit_enter] AST=Assign line=4 MLIR_ops=['set_loc', 'set_loc', 'set_loc', 'set_loc']
[visit_enter] AST=Call line=4 MLIR_ops=['set_loc', 'set_loc', 'set_loc', 'set_loc', 'set_loc', 'set_loc', 'minnumf']
[visit_enter] AST=Attribute line=4 MLIR_ops=['set_loc', 'set_loc']
[visit_enter] AST=Name line=4 MLIR_ops=[]
[visit_enter] AST=Name line=4 MLIR_ops=[]
[visit_enter] AST=Name line=4 MLIR_ops=[]
[visit_enter] AST=Name line=4 MLIR_ops=[]
[visit_enter] AST=Assign line=4 MLIR_ops=['set_loc', 'set_loc', 'set_loc', 'set_loc']
[visit_enter] AST=Call line=4 MLIR_ops=['set_loc', 'set_loc', 'set_loc', 'set_loc', 'set_loc', 'set_loc', 'maxnumf']
[visit_enter] AST=Attribute line=4 MLIR_ops=['set_loc', 'set_loc']
[visit_enter] AST=Name line=4 MLIR_ops=[]
[visit_enter] AST=Name line=4 MLIR_ops=[]
[visit_enter] AST=Name line=4 MLIR_ops=[]
[visit_enter] AST=Name line=4 MLIR_ops=[]
[visit_enter] AST=Expr line=5 MLIR_ops=['set_loc', 'set_loc']
[visit_enter] AST=Call line=5 MLIR_ops=['set_loc', 'set_loc', 'set_loc', 'set_loc', 'set_loc', 'set_loc', 'store']
[visit_enter] AST=Attribute line=5 MLIR_ops=['set_loc', 'set_loc']
[visit_enter] AST=Name line=5 MLIR_ops=[]
[visit_enter] AST=BinOp line=5 MLIR_ops=['set_loc', 'set_loc', 'set_loc', 'set_loc', 'splat', 'addptr']
[visit_enter] AST=Name line=5 MLIR_ops=[]
[visit_enter] AST=Name line=5 MLIR_ops=[]
[visit_enter] AST=BinOp line=5 MLIR_ops=['set_loc', 'set_loc', 'set_loc', 'set_loc', 'fadd']
[visit_enter] AST=Name line=5 MLIR_ops=[]
[visit_enter] AST=Name line=5 MLIR_ops=[]
[visit_enter] AST=Module line=0 MLIR_ops=['set_loc', 'set_loc']
[visit_enter] AST=FunctionDef line=1 MLIR_ops=['set_loc']
[visit_enter] AST=arguments line=0 MLIR_ops=['set_loc', 'set_loc', 'set_loc', 'set_loc']
[visit_enter] AST=arg line=1 MLIR_ops=[]
[visit_enter] AST=arg line=1 MLIR_ops=[]
[visit_enter] AST=list line=0 MLIR_ops=['set_loc', 'set_loc', 'set_loc', 'set_loc', 'set_loc', 'set_loc', 'set_loc', 'set_loc', 'set_loc', 'set_loc']
[visit_enter] AST=Assign line=2 MLIR_ops=['set_loc', 'set_loc', 'set_loc', 'set_loc']
[visit_enter] AST=Call line=2 MLIR_ops=['set_loc', 'set_loc', 'set_loc', 'set_loc', 'get.program.id']
[visit_enter] AST=Attribute line=2 MLIR_ops=['set_loc', 'set_loc']
[visit_enter] AST=Name line=2 MLIR_ops=[]
[visit_enter] AST=Constant line=2 MLIR_ops=[]
[visit_enter] AST=Name line=2 MLIR_ops=[]
[visit_enter] AST=Assign line=2 MLIR_ops=['set_loc', 'set_loc', 'set_loc', 'set_loc']
[visit_enter] AST=BinOp line=2 MLIR_ops=['set_loc', 'set_loc', 'set_loc', 'set_loc', 'splat', 'int.cast', 'int.cast', 'add', 'splat', 'icmpSLE', 'splat', 'icmpSGE', 'and', 'add']
[visit_enter] AST=BinOp line=2 MLIR_ops=['set_loc', 'set_loc', 'set_loc', 'set_loc', 'int.cast', 'int.cast', 'mul', 'icmpSLE', 'icmpSGE', 'and', 'mul']
[visit_enter] AST=Name line=2 MLIR_ops=[]
[visit_enter] AST=Constant line=2 MLIR_ops=[]
[visit_enter] AST=Call line=2 MLIR_ops=['set_loc', 'set_loc', 'set_loc', 'set_loc', 'set_loc', 'set_loc', 'make.range']
[visit_enter] AST=Attribute line=2 MLIR_ops=['set_loc', 'set_loc']
[visit_enter] AST=Name line=2 MLIR_ops=[]
[visit_enter] AST=Constant line=2 MLIR_ops=[]
[visit_enter] AST=Constant line=2 MLIR_ops=[]
[visit_enter] AST=Name line=2 MLIR_ops=[]
[visit_enter] AST=Assign line=3 MLIR_ops=['set_loc', 'set_loc', 'set_loc', 'set_loc']
[visit_enter] AST=Call line=3 MLIR_ops=['set_loc', 'set_loc', 'set_loc', 'set_loc', 'load']
[visit_enter] AST=Attribute line=3 MLIR_ops=['set_loc', 'set_loc']
[visit_enter] AST=Name line=3 MLIR_ops=[]
[visit_enter] AST=BinOp line=3 MLIR_ops=['set_loc', 'set_loc', 'set_loc', 'set_loc', 'splat', 'addptr']
[visit_enter] AST=Name line=3 MLIR_ops=[]
[visit_enter] AST=Name line=3 MLIR_ops=[]
[visit_enter] AST=Name line=3 MLIR_ops=[]
[visit_enter] AST=Assign line=3 MLIR_ops=['set_loc', 'set_loc', 'set_loc', 'set_loc']
[visit_enter] AST=Call line=3 MLIR_ops=['set_loc', 'set_loc', 'set_loc', 'set_loc', 'set_loc', 'set_loc']
[visit_enter] AST=Attribute line=3 MLIR_ops=['set_loc', 'set_loc']
[visit_enter] AST=Name line=3 MLIR_ops=[]
[visit_enter] AST=keyword line=3 MLIR_ops=['set_loc', 'set_loc']
[visit_enter] AST=Constant line=3 MLIR_ops=[]
[visit_enter] AST=Name line=3 MLIR_ops=[]
[visit_enter] AST=Module line=0 MLIR_ops=[]
[visit_enter] AST=FunctionDef line=1 MLIR_ops=[]
[visit_enter] AST=arguments line=0 MLIR_ops=[]
[visit_enter] AST=arg line=1 MLIR_ops=[]
[visit_enter] AST=arg line=1 MLIR_ops=[]
[visit_enter] AST=arg line=1 MLIR_ops=[]
[visit_enter] AST=arg line=1 MLIR_ops=[]
[visit_enter] AST=Attribute line=1 MLIR_ops=[]
[visit_enter] AST=Name line=1 MLIR_ops=[]
[visit_enter] AST=AnnAssign line=0 MLIR_ops=[]
[visit_enter] AST=Attribute line=1 MLIR_ops=[]
[visit_enter] AST=Name line=1 MLIR_ops=[]
[visit_enter] AST=Name line=0 MLIR_ops=[]
[visit_enter] AST=Constant line=1 MLIR_ops=[]
[visit_enter] AST=Assign line=0 MLIR_ops=[]
[visit_enter] AST=Constant line=1 MLIR_ops=[]
[visit_enter] AST=Name line=0 MLIR_ops=[]
[visit_enter] AST=Assign line=0 MLIR_ops=[]
[visit_enter] AST=Constant line=1 MLIR_ops=[]
[visit_enter] AST=Name line=0 MLIR_ops=[]
[visit_enter] AST=list line=0 MLIR_ops=[]
[visit_enter] AST=AnnAssign line=3 MLIR_ops=[]
[visit_enter] AST=Attribute line=3 MLIR_ops=[]
[visit_enter] AST=Name line=3 MLIR_ops=[]
[visit_enter] AST=Name line=3 MLIR_ops=[]
[visit_enter] AST=Call line=3 MLIR_ops=[]
[visit_enter] AST=Name line=3 MLIR_ops=[]
[visit_enter] AST=Attribute line=3 MLIR_ops=[]
[visit_enter] AST=Name line=3 MLIR_ops=[]
[visit_enter] AST=Name line=3 MLIR_ops=[]
[visit_enter] AST=If line=5 MLIR_ops=[]
[visit_enter] AST=Compare line=5 MLIR_ops=[]
[visit_enter] AST=Name line=5 MLIR_ops=[]
[visit_enter] AST=Constant line=5 MLIR_ops=[]
[visit_enter] AST=list line=0 MLIR_ops=[]
[visit_enter] AST=Return line=7 MLIR_ops=[]
[visit_enter] AST=Call line=7 MLIR_ops=[]
[visit_enter] AST=Attribute line=7 MLIR_ops=[]
[visit_enter] AST=Name line=7 MLIR_ops=[]
[visit_enter] AST=keyword line=7 MLIR_ops=[]
[visit_enter] AST=Name line=7 MLIR_ops=[]
[visit_enter] AST=Name line=7 MLIR_ops=[]
[visit_enter] AST=Name line=7 MLIR_ops=[]
[visit_enter] AST=Name line=7 MLIR_ops=[]
[visit_enter] AST=Module line=0 MLIR_ops=[]
[visit_enter] AST=FunctionDef line=1 MLIR_ops=[]
[visit_enter] AST=arguments line=0 MLIR_ops=[]
[visit_enter] AST=arg line=1 MLIR_ops=[]
[visit_enter] AST=arg line=1 MLIR_ops=[]
[visit_enter] AST=list line=0 MLIR_ops=[]
[visit_enter] AST=Return line=2 MLIR_ops=[]
[visit_enter] AST=BinOp line=2 MLIR_ops=[]
[visit_enter] AST=Name line=2 MLIR_ops=[]
[visit_enter] AST=Name line=2 MLIR_ops=[]
[visit_enter] AST=Name line=3 MLIR_ops=[]
[visit_enter] AST=Expr line=4 MLIR_ops=['set_loc', 'set_loc']
[visit_enter] AST=Call line=4 MLIR_ops=['set_loc', 'set_loc', 'set_loc', 'set_loc', 'set_loc', 'set_loc', 'atomic.rmw']
[visit_enter] AST=Attribute line=4 MLIR_ops=['set_loc', 'set_loc']
[visit_enter] AST=Name line=4 MLIR_ops=[]
[visit_enter] AST=Name line=4 MLIR_ops=[]
[visit_enter] AST=Name line=4 MLIR_ops=[]
[visit_enter] AST=Module line=0 MLIR_ops=['set_loc', 'set_loc']
[visit_enter] AST=FunctionDef line=1 MLIR_ops=['set_loc']
[visit_enter] AST=arguments line=0 MLIR_ops=['set_loc', 'set_loc', 'set_loc', 'set_loc', 'set_loc', 'set_loc']
[visit_enter] AST=arg line=1 MLIR_ops=[]
[visit_enter] AST=arg line=1 MLIR_ops=[]
[visit_enter] AST=arg line=1 MLIR_ops=[]
[visit_enter] AST=list line=0 MLIR_ops=['set_loc', 'set_loc', 'set_loc', 'set_loc', 'set_loc', 'set_loc', 'set_loc', 'set_loc', 'set_loc', 'set_loc', 'set_loc', 'set_loc']
[visit_enter] AST=Assign line=2 MLIR_ops=['set_loc', 'set_loc', 'set_loc', 'set_loc']
[visit_enter] AST=Call line=2 MLIR_ops=['set_loc', 'set_loc', 'set_loc', 'set_loc', 'get.program.id']
[visit_enter] AST=Attribute line=2 MLIR_ops=['set_loc', 'set_loc']
[visit_enter] AST=Name line=2 MLIR_ops=[]
[visit_enter] AST=Constant line=2 MLIR_ops=[]
[visit_enter] AST=Name line=2 MLIR_ops=[]
[visit_enter] AST=Assign line=2 MLIR_ops=['set_loc', 'set_loc', 'set_loc', 'set_loc']
[visit_enter] AST=BinOp line=2 MLIR_ops=['set_loc', 'set_loc', 'set_loc', 'set_loc', 'splat', 'int.cast', 'int.cast', 'add', 'splat', 'icmpSLE', 'splat', 'icmpSGE', 'and', 'add']
[visit_enter] AST=BinOp line=2 MLIR_ops=['set_loc', 'set_loc', 'set_loc', 'set_loc', 'int.cast', 'int.cast', 'mul', 'icmpSLE', 'icmpSGE', 'and', 'mul']
[visit_enter] AST=Name line=2 MLIR_ops=[]
[visit_enter] AST=Constant line=2 MLIR_ops=[]
[visit_enter] AST=Call line=2 MLIR_ops=['set_loc', 'set_loc', 'set_loc', 'set_loc', 'set_loc', 'set_loc', 'make.range']
[visit_enter] AST=Attribute line=2 MLIR_ops=['set_loc', 'set_loc']
[visit_enter] AST=Name line=2 MLIR_ops=[]
[visit_enter] AST=Constant line=2 MLIR_ops=[]
[visit_enter] AST=Constant line=2 MLIR_ops=[]
[visit_enter] AST=Name line=2 MLIR_ops=[]
[visit_enter] AST=Assign line=3 MLIR_ops=['set_loc', 'set_loc', 'set_loc', 'set_loc']
[visit_enter] AST=Call line=3 MLIR_ops=['set_loc', 'set_loc', 'set_loc', 'set_loc', 'load']
[visit_enter] AST=Attribute line=3 MLIR_ops=['set_loc', 'set_loc']
[visit_enter] AST=Name line=3 MLIR_ops=[]
[visit_enter] AST=BinOp line=3 MLIR_ops=['set_loc', 'set_loc', 'set_loc', 'set_loc', 'splat', 'addptr']
[visit_enter] AST=Name line=3 MLIR_ops=[]
[visit_enter] AST=Name line=3 MLIR_ops=[]
[visit_enter] AST=Name line=3 MLIR_ops=[]
[visit_enter] AST=Assign line=3 MLIR_ops=['set_loc', 'set_loc', 'set_loc', 'set_loc']
[visit_enter] AST=Call line=3 MLIR_ops=['set_loc', 'set_loc', 'set_loc', 'set_loc', 'load']
[visit_enter] AST=Attribute line=3 MLIR_ops=['set_loc', 'set_loc']
[visit_enter] AST=Name line=3 MLIR_ops=[]
[visit_enter] AST=BinOp line=3 MLIR_ops=['set_loc', 'set_loc', 'set_loc', 'set_loc', 'splat', 'addptr']
[visit_enter] AST=Name line=3 MLIR_ops=[]
[visit_enter] AST=Name line=3 MLIR_ops=[]
[visit_enter] AST=Name line=3 MLIR_ops=[]
[visit_enter] AST=Assign line=4 MLIR_ops=['set_loc', 'set_loc', 'set_loc', 'set_loc']
[visit_enter] AST=Call line=4 MLIR_ops=['set_loc', 'set_loc', 'set_loc', 'set_loc', 'set_loc', 'set_loc', 'set_loc', 'set_loc', 'cat']
[visit_enter] AST=Attribute line=4 MLIR_ops=['set_loc', 'set_loc']
[visit_enter] AST=Name line=4 MLIR_ops=[]
[visit_enter] AST=keyword line=4 MLIR_ops=['set_loc', 'set_loc']
[visit_enter] AST=Constant line=4 MLIR_ops=[]
[visit_enter] AST=Name line=4 MLIR_ops=[]
[visit_enter] AST=Name line=4 MLIR_ops=[]
[visit_enter] AST=Name line=4 MLIR_ops=[]
[visit_enter] AST=Expr line=5 MLIR_ops=['set_loc', 'set_loc']
[visit_enter] AST=Call line=5 MLIR_ops=['set_loc', 'set_loc', 'set_loc', 'set_loc', 'set_loc', 'set_loc', 'store']
[visit_enter] AST=Attribute line=5 MLIR_ops=['set_loc', 'set_loc']
[visit_enter] AST=Name line=5 MLIR_ops=[]
[visit_enter] AST=BinOp line=5 MLIR_ops=['set_loc', 'set_loc', 'set_loc', 'set_loc', 'splat', 'addptr']
[visit_enter] AST=BinOp line=5 MLIR_ops=['set_loc', 'set_loc', 'set_loc', 'set_loc', 'addptr']
[visit_enter] AST=Name line=5 MLIR_ops=[]
[visit_enter] AST=BinOp line=5 MLIR_ops=['set_loc', 'set_loc', 'set_loc', 'set_loc', 'int.cast', 'int.cast', 'mul', 'icmpSLE', 'icmpSGE', 'and', 'mul']
[visit_enter] AST=Name line=5 MLIR_ops=[]
[visit_enter] AST=Constant line=5 MLIR_ops=[]
[visit_enter] AST=Call line=5 MLIR_ops=['set_loc', 'set_loc', 'set_loc', 'set_loc', 'set_loc', 'set_loc', 'make.range']
[visit_enter] AST=Attribute line=5 MLIR_ops=['set_loc', 'set_loc']
[visit_enter] AST=Name line=5 MLIR_ops=[]
[visit_enter] AST=Constant line=5 MLIR_ops=[]
[visit_enter] AST=Constant line=5 MLIR_ops=[]
[visit_enter] AST=Name line=5 MLIR_ops=[]
[visit_enter] AST=Module line=0 MLIR_ops=['set_loc', 'set_loc']
[visit_enter] AST=FunctionDef line=1 MLIR_ops=['set_loc']
[visit_enter] AST=arguments line=0 MLIR_ops=['set_loc', 'set_loc', 'set_loc', 'set_loc']
[visit_enter] AST=arg line=1 MLIR_ops=[]
[visit_enter] AST=arg line=1 MLIR_ops=[]
[visit_enter] AST=list line=0 MLIR_ops=['set_loc', 'set_loc', 'set_loc', 'set_loc', 'set_loc', 'set_loc', 'set_loc', 'set_loc', 'set_loc', 'set_loc', 'set_loc', 'set_loc', 'set_loc', 'set_loc']
[visit_enter] AST=Assign line=2 MLIR_ops=['set_loc', 'set_loc', 'set_loc', 'set_loc']
[visit_enter] AST=Call line=2 MLIR_ops=['set_loc', 'set_loc', 'set_loc', 'set_loc', 'get.program.id']
[visit_enter] AST=Attribute line=2 MLIR_ops=['set_loc', 'set_loc']
[visit_enter] AST=Name line=2 MLIR_ops=[]
[visit_enter] AST=Constant line=2 MLIR_ops=[]
[visit_enter] AST=Name line=2 MLIR_ops=[]
[visit_enter] AST=Assign line=2 MLIR_ops=['set_loc', 'set_loc', 'set_loc', 'set_loc']
[visit_enter] AST=BinOp line=2 MLIR_ops=['set_loc', 'set_loc', 'set_loc', 'set_loc', 'splat', 'int.cast', 'int.cast', 'add', 'splat', 'icmpSLE', 'splat', 'icmpSGE', 'and', 'add']
[visit_enter] AST=BinOp line=2 MLIR_ops=['set_loc', 'set_loc', 'set_loc', 'set_loc', 'int.cast', 'int.cast', 'mul', 'icmpSLE', 'icmpSGE', 'and', 'mul']
[visit_enter] AST=Name line=2 MLIR_ops=[]
[visit_enter] AST=Constant line=2 MLIR_ops=[]
[visit_enter] AST=Call line=2 MLIR_ops=['set_loc', 'set_loc', 'set_loc', 'set_loc', 'set_loc', 'set_loc', 'make.range']
[visit_enter] AST=Attribute line=2 MLIR_ops=['set_loc', 'set_loc']
[visit_enter] AST=Name line=2 MLIR_ops=[]
[visit_enter] AST=Constant line=2 MLIR_ops=[]
[visit_enter] AST=Constant line=2 MLIR_ops=[]
[visit_enter] AST=Name line=2 MLIR_ops=[]
[visit_enter] AST=Assign line=3 MLIR_ops=['set_loc', 'set_loc', 'set_loc', 'set_loc']
[visit_enter] AST=Call line=3 MLIR_ops=['set_loc', 'set_loc', 'set_loc', 'set_loc', 'load']
[visit_enter] AST=Attribute line=3 MLIR_ops=['set_loc', 'set_loc']
[visit_enter] AST=Name line=3 MLIR_ops=[]
[visit_enter] AST=BinOp line=3 MLIR_ops=['set_loc', 'set_loc', 'set_loc', 'set_loc', 'splat', 'addptr']
[visit_enter] AST=Name line=3 MLIR_ops=[]
[visit_enter] AST=Name line=3 MLIR_ops=[]
[visit_enter] AST=Name line=3 MLIR_ops=[]
[visit_enter] AST=Assign line=3 MLIR_ops=['set_loc', 'set_loc', 'set_loc', 'set_loc']
[visit_enter] AST=Call line=3 MLIR_ops=['set_loc', 'set_loc', 'set_loc', 'set_loc', 'reshape']
[visit_enter] AST=Attribute line=3 MLIR_ops=['set_loc', 'set_loc']
[visit_enter] AST=Name line=3 MLIR_ops=[]
[visit_enter] AST=List line=3 MLIR_ops=['set_loc', 'set_loc', 'set_loc', 'set_loc', 'set_loc']
[visit_enter] AST=Load line=0 MLIR_ops=[]
[visit_enter] AST=Constant line=3 MLIR_ops=[]
[visit_enter] AST=Constant line=3 MLIR_ops=[]
[visit_enter] AST=Name line=3 MLIR_ops=[]
[visit_enter] AST=Assign line=3 MLIR_ops=['set_loc', 'set_loc', 'set_loc', 'set_loc']
[visit_enter] AST=Call line=3 MLIR_ops=['set_loc', 'set_loc', 'set_loc', 'set_loc', 'set_loc', 'set_loc']
[visit_enter] AST=Attribute line=3 MLIR_ops=['set_loc', 'set_loc']
[visit_enter] AST=Name line=3 MLIR_ops=[]
[visit_enter] AST=keyword line=3 MLIR_ops=['set_loc', 'set_loc']
[visit_enter] AST=Constant line=3 MLIR_ops=[]
[visit_enter] AST=Name line=3 MLIR_ops=[]
[visit_enter] AST=Module line=0 MLIR_ops=[]
[visit_enter] AST=FunctionDef line=1 MLIR_ops=[]
[visit_enter] AST=arguments line=0 MLIR_ops=[]
[visit_enter] AST=arg line=1 MLIR_ops=[]
[visit_enter] AST=arg line=1 MLIR_ops=[]
[visit_enter] AST=Assign line=0 MLIR_ops=[]
[visit_enter] AST=Constant line=1 MLIR_ops=[]
[visit_enter] AST=Name line=0 MLIR_ops=[]
[visit_enter] AST=list line=0 MLIR_ops=[]
[visit_enter] AST=Expr line=2 MLIR_ops=[]
[visit_enter] AST=Constant line=2 MLIR_ops=[]
[visit_enter] AST=Expr line=10 MLIR_ops=[]
[visit_enter] AST=Call line=10 MLIR_ops=[]
[visit_enter] AST=Attribute line=10 MLIR_ops=[]
[visit_enter] AST=Name line=10 MLIR_ops=[]
[visit_enter] AST=BoolOp line=10 MLIR_ops=[]
[visit_enter] AST=Compare line=10 MLIR_ops=[]
[visit_enter] AST=UnaryOp line=10 MLIR_ops=[]
[visit_enter] AST=Call line=10 MLIR_ops=[]
[visit_enter] AST=Name line=10 MLIR_ops=[]
[visit_enter] AST=Attribute line=10 MLIR_ops=[]
[visit_enter] AST=Name line=10 MLIR_ops=[]
[visit_enter] AST=Name line=10 MLIR_ops=[]
[visit_enter] AST=Compare line=10 MLIR_ops=[]
[visit_enter] AST=Name line=10 MLIR_ops=[]
[visit_enter] AST=Call line=10 MLIR_ops=[]
[visit_enter] AST=Name line=10 MLIR_ops=[]
[visit_enter] AST=Attribute line=10 MLIR_ops=[]
[visit_enter] AST=Name line=10 MLIR_ops=[]
[visit_enter] AST=AnnAssign line=11 MLIR_ops=[]
[visit_enter] AST=Attribute line=11 MLIR_ops=[]
[visit_enter] AST=Name line=11 MLIR_ops=[]
[visit_enter] AST=Name line=11 MLIR_ops=[]
[visit_enter] AST=Call line=11 MLIR_ops=[]
[visit_enter] AST=Name line=11 MLIR_ops=[]
[visit_enter] AST=Name line=11 MLIR_ops=[]
[visit_enter] AST=Attribute line=11 MLIR_ops=[]
[visit_enter] AST=Name line=11 MLIR_ops=[]
[visit_enter] AST=Expr line=12 MLIR_ops=[]
[visit_enter] AST=Call line=12 MLIR_ops=[]
[visit_enter] AST=Attribute line=12 MLIR_ops=[]
[visit_enter] AST=Name line=12 MLIR_ops=[]
[visit_enter] AST=Call line=12 MLIR_ops=[]
[visit_enter] AST=Name line=12 MLIR_ops=[]
[visit_enter] AST=Subscript line=12 MLIR_ops=[]
[visit_enter] AST=Subscript line=12 MLIR_ops=[]
[visit_enter] AST=Attribute line=12 MLIR_ops=[]
[visit_enter] AST=Name line=12 MLIR_ops=[]
[visit_enter] AST=Name line=12 MLIR_ops=[]
[visit_enter] AST=AnnAssign line=13 MLIR_ops=[]
[visit_enter] AST=Attribute line=13 MLIR_ops=[]
[visit_enter] AST=Name line=13 MLIR_ops=[]
[visit_enter] AST=Name line=13 MLIR_ops=[]
[visit_enter] AST=Call line=13 MLIR_ops=[]
[visit_enter] AST=Name line=13 MLIR_ops=[]
[visit_enter] AST=Subscript line=13 MLIR_ops=[]
[visit_enter] AST=Subscript line=13 MLIR_ops=[]
[visit_enter] AST=Attribute line=13 MLIR_ops=[]
[visit_enter] AST=Name line=13 MLIR_ops=[]
[visit_enter] AST=Name line=13 MLIR_ops=[]
[visit_enter] AST=Assign line=16 MLIR_ops=[]
[visit_enter] AST=Call line=16 MLIR_ops=[]
[visit_enter] AST=Name line=16 MLIR_ops=[]
[visit_enter] AST=keyword line=16 MLIR_ops=[]
[visit_enter] AST=Attribute line=16 MLIR_ops=[]
[visit_enter] AST=Attribute line=16 MLIR_ops=[]
[visit_enter] AST=Name line=16 MLIR_ops=[]
[visit_enter] AST=keyword line=16 MLIR_ops=[]
[visit_enter] AST=Constant line=16 MLIR_ops=[]
[visit_enter] AST=Name line=16 MLIR_ops=[]
[visit_enter] AST=Assign line=17 MLIR_ops=[]
[visit_enter] AST=Call line=17 MLIR_ops=[]
[visit_enter] AST=Attribute line=17 MLIR_ops=[]
[visit_enter] AST=Name line=17 MLIR_ops=[]
[visit_enter] AST=Call line=17 MLIR_ops=[]
[visit_enter] AST=Attribute line=17 MLIR_ops=[]
[visit_enter] AST=Name line=17 MLIR_ops=[]
[visit_enter] AST=keyword line=17 MLIR_ops=[]
[visit_enter] AST=Constant line=17 MLIR_ops=[]
[visit_enter] AST=Name line=17 MLIR_ops=[]
[visit_enter] AST=BinOp line=17 MLIR_ops=[]
[visit_enter] AST=BinOp line=17 MLIR_ops=[]
[visit_enter] AST=Subscript line=17 MLIR_ops=[]
[visit_enter] AST=Subscript line=17 MLIR_ops=[]
[visit_enter] AST=Attribute line=17 MLIR_ops=[]
[visit_enter] AST=Name line=17 MLIR_ops=[]
[visit_enter] AST=Slice line=17 MLIR_ops=[]
[visit_enter] AST=Name line=17 MLIR_ops=[]
[visit_enter] AST=BinOp line=17 MLIR_ops=[]
[visit_enter] AST=List line=17 MLIR_ops=[]
[visit_enter] AST=Load line=0 MLIR_ops=[]
[visit_enter] AST=Constant line=17 MLIR_ops=[]
[visit_enter] AST=Name line=17 MLIR_ops=[]
[visit_enter] AST=Subscript line=17 MLIR_ops=[]
[visit_enter] AST=Subscript line=17 MLIR_ops=[]
[visit_enter] AST=Attribute line=17 MLIR_ops=[]
[visit_enter] AST=Name line=17 MLIR_ops=[]
[visit_enter] AST=Slice line=17 MLIR_ops=[]
[visit_enter] AST=BinOp line=17 MLIR_ops=[]
[visit_enter] AST=Name line=17 MLIR_ops=[]
[visit_enter] AST=Constant line=17 MLIR_ops=[]
[visit_enter] AST=Name line=17 MLIR_ops=[]
[visit_enter] AST=For line=18 MLIR_ops=[]
[visit_enter] AST=Attribute line=18 MLIR_ops=[]
[visit_enter] AST=Name line=18 MLIR_ops=[]
[visit_enter] AST=Name line=18 MLIR_ops=[]
[visit_enter] AST=list line=0 MLIR_ops=[]
[visit_enter] AST=Assign line=19 MLIR_ops=[]
[visit_enter] AST=BinOp line=19 MLIR_ops=[]
[visit_enter] AST=Name line=19 MLIR_ops=[]
[visit_enter] AST=Call line=19 MLIR_ops=[]
[visit_enter] AST=Name line=19 MLIR_ops=[]
[visit_enter] AST=Name line=19 MLIR_ops=[]
[visit_enter] AST=BinOp line=19 MLIR_ops=[]
[visit_enter] AST=Name line=19 MLIR_ops=[]
[visit_enter] AST=Name line=19 MLIR_ops=[]
[visit_enter] AST=Constant line=19 MLIR_ops=[]
[visit_enter] AST=Module line=0 MLIR_ops=[]
[visit_enter] AST=FunctionDef line=1 MLIR_ops=[]
[visit_enter] AST=arguments line=0 MLIR_ops=[]
[visit_enter] AST=arg line=1 MLIR_ops=[]
[visit_enter] AST=arg line=1 MLIR_ops=[]
[visit_enter] AST=arg line=1 MLIR_ops=[]
[visit_enter] AST=Assign line=0 MLIR_ops=[]
[visit_enter] AST=Constant line=1 MLIR_ops=[]
[visit_enter] AST=Name line=0 MLIR_ops=[]
[visit_enter] AST=Assign line=0 MLIR_ops=[]
[visit_enter] AST=Constant line=1 MLIR_ops=[]
[visit_enter] AST=Name line=0 MLIR_ops=[]
[visit_enter] AST=list line=0 MLIR_ops=[]
[visit_enter] AST=Expr line=2 MLIR_ops=[]
[visit_enter] AST=Call line=2 MLIR_ops=[]
[visit_enter] AST=Attribute line=2 MLIR_ops=[]
[visit_enter] AST=Name line=2 MLIR_ops=[]
[visit_enter] AST=Call line=2 MLIR_ops=[]
[visit_enter] AST=Attribute line=2 MLIR_ops=[]
[visit_enter] AST=Attribute line=2 MLIR_ops=[]
[visit_enter] AST=Attribute line=2 MLIR_ops=[]
[visit_enter] AST=Name line=2 MLIR_ops=[]
[visit_enter] AST=Return line=3 MLIR_ops=[]
[visit_enter] AST=Call line=3 MLIR_ops=[]
[visit_enter] AST=Attribute line=3 MLIR_ops=[]
[visit_enter] AST=Name line=3 MLIR_ops=[]
[visit_enter] AST=keyword line=3 MLIR_ops=[]
[visit_enter] AST=Name line=3 MLIR_ops=[]
[visit_enter] AST=Name line=3 MLIR_ops=[]
[visit_enter] AST=Name line=3 MLIR_ops=[]
[visit_enter] AST=Name line=3 MLIR_ops=[]
[visit_enter] AST=Module line=0 MLIR_ops=[]
[visit_enter] AST=FunctionDef line=1 MLIR_ops=[]
[visit_enter] AST=arguments line=0 MLIR_ops=[]
[visit_enter] AST=arg line=1 MLIR_ops=[]
[visit_enter] AST=arg line=1 MLIR_ops=[]
[visit_enter] AST=list line=0 MLIR_ops=[]
[visit_enter] AST=Return line=2 MLIR_ops=[]
[visit_enter] AST=BinOp line=2 MLIR_ops=[]
[visit_enter] AST=Name line=2 MLIR_ops=[]
[visit_enter] AST=Name line=2 MLIR_ops=[]
[visit_enter] AST=Name line=19 MLIR_ops=[]
[visit_enter] AST=list line=0 MLIR_ops=[]
[visit_enter] AST=Assign line=19 MLIR_ops=[]
[visit_enter] AST=BinOp line=19 MLIR_ops=[]
[visit_enter] AST=Name line=19 MLIR_ops=[]
[visit_enter] AST=Call line=19 MLIR_ops=[]
[visit_enter] AST=Name line=19 MLIR_ops=[]
[visit_enter] AST=Name line=19 MLIR_ops=[]
[visit_enter] AST=BinOp line=19 MLIR_ops=[]
[visit_enter] AST=Name line=19 MLIR_ops=[]
[visit_enter] AST=Name line=19 MLIR_ops=[]
[visit_enter] AST=Constant line=19 MLIR_ops=[]
[visit_enter] AST=Module line=0 MLIR_ops=[]
[visit_enter] AST=FunctionDef line=1 MLIR_ops=[]
[visit_enter] AST=arguments line=0 MLIR_ops=[]
[visit_enter] AST=arg line=1 MLIR_ops=[]
[visit_enter] AST=arg line=1 MLIR_ops=[]
[visit_enter] AST=arg line=1 MLIR_ops=[]
[visit_enter] AST=Assign line=0 MLIR_ops=[]
[visit_enter] AST=Constant line=1 MLIR_ops=[]
[visit_enter] AST=Name line=0 MLIR_ops=[]
[visit_enter] AST=Assign line=0 MLIR_ops=[]
[visit_enter] AST=Constant line=1 MLIR_ops=[]
[visit_enter] AST=Name line=0 MLIR_ops=[]
[visit_enter] AST=list line=0 MLIR_ops=[]
[visit_enter] AST=Expr line=2 MLIR_ops=[]
[visit_enter] AST=Call line=2 MLIR_ops=[]
[visit_enter] AST=Attribute line=2 MLIR_ops=[]
[visit_enter] AST=Name line=2 MLIR_ops=[]
[visit_enter] AST=Call line=2 MLIR_ops=[]
[visit_enter] AST=Attribute line=2 MLIR_ops=[]
[visit_enter] AST=Attribute line=2 MLIR_ops=[]
[visit_enter] AST=Attribute line=2 MLIR_ops=[]
[visit_enter] AST=Name line=2 MLIR_ops=[]
[visit_enter] AST=Return line=3 MLIR_ops=[]
[visit_enter] AST=Call line=3 MLIR_ops=[]
[visit_enter] AST=Attribute line=3 MLIR_ops=[]
[visit_enter] AST=Name line=3 MLIR_ops=[]
[visit_enter] AST=keyword line=3 MLIR_ops=[]
[visit_enter] AST=Name line=3 MLIR_ops=[]
[visit_enter] AST=Name line=3 MLIR_ops=[]
[visit_enter] AST=Name line=3 MLIR_ops=[]
[visit_enter] AST=Name line=3 MLIR_ops=[]
[visit_enter] AST=Name line=19 MLIR_ops=[]
[visit_enter] AST=list line=0 MLIR_ops=[]
[visit_enter] AST=Assign line=19 MLIR_ops=[]
[visit_enter] AST=BinOp line=19 MLIR_ops=[]
[visit_enter] AST=Name line=19 MLIR_ops=[]
[visit_enter] AST=Call line=19 MLIR_ops=[]
[visit_enter] AST=Name line=19 MLIR_ops=[]
[visit_enter] AST=Name line=19 MLIR_ops=[]
[visit_enter] AST=BinOp line=19 MLIR_ops=[]
[visit_enter] AST=Name line=19 MLIR_ops=[]
[visit_enter] AST=Name line=19 MLIR_ops=[]
[visit_enter] AST=Constant line=19 MLIR_ops=[]
[visit_enter] AST=Module line=0 MLIR_ops=[]
[visit_enter] AST=FunctionDef line=1 MLIR_ops=[]
[visit_enter] AST=arguments line=0 MLIR_ops=[]
[visit_enter] AST=arg line=1 MLIR_ops=[]
[visit_enter] AST=arg line=1 MLIR_ops=[]
[visit_enter] AST=arg line=1 MLIR_ops=[]
[visit_enter] AST=Assign line=0 MLIR_ops=[]
[visit_enter] AST=Constant line=1 MLIR_ops=[]
[visit_enter] AST=Name line=0 MLIR_ops=[]
[visit_enter] AST=Assign line=0 MLIR_ops=[]
[visit_enter] AST=Constant line=1 MLIR_ops=[]
[visit_enter] AST=Name line=0 MLIR_ops=[]
[visit_enter] AST=list line=0 MLIR_ops=[]
[visit_enter] AST=Expr line=2 MLIR_ops=[]
[visit_enter] AST=Call line=2 MLIR_ops=[]
[visit_enter] AST=Attribute line=2 MLIR_ops=[]
[visit_enter] AST=Name line=2 MLIR_ops=[]
[visit_enter] AST=Call line=2 MLIR_ops=[]
[visit_enter] AST=Attribute line=2 MLIR_ops=[]
[visit_enter] AST=Attribute line=2 MLIR_ops=[]
[visit_enter] AST=Attribute line=2 MLIR_ops=[]
[visit_enter] AST=Name line=2 MLIR_ops=[]
[visit_enter] AST=Return line=3 MLIR_ops=[]
[visit_enter] AST=Call line=3 MLIR_ops=[]
[visit_enter] AST=Attribute line=3 MLIR_ops=[]
[visit_enter] AST=Name line=3 MLIR_ops=[]
[visit_enter] AST=keyword line=3 MLIR_ops=[]
[visit_enter] AST=Name line=3 MLIR_ops=[]
[visit_enter] AST=Name line=3 MLIR_ops=[]
[visit_enter] AST=Name line=3 MLIR_ops=[]
[visit_enter] AST=Name line=3 MLIR_ops=[]
[visit_enter] AST=Name line=19 MLIR_ops=[]
[visit_enter] AST=list line=0 MLIR_ops=[]
[visit_enter] AST=Assign line=19 MLIR_ops=[]
[visit_enter] AST=BinOp line=19 MLIR_ops=[]
[visit_enter] AST=Name line=19 MLIR_ops=[]
[visit_enter] AST=Call line=19 MLIR_ops=[]
[visit_enter] AST=Name line=19 MLIR_ops=[]
[visit_enter] AST=Name line=19 MLIR_ops=[]
[visit_enter] AST=BinOp line=19 MLIR_ops=[]
[visit_enter] AST=Name line=19 MLIR_ops=[]
[visit_enter] AST=Name line=19 MLIR_ops=[]
[visit_enter] AST=Constant line=19 MLIR_ops=[]
[visit_enter] AST=Module line=0 MLIR_ops=[]
[visit_enter] AST=FunctionDef line=1 MLIR_ops=[]
[visit_enter] AST=arguments line=0 MLIR_ops=[]
[visit_enter] AST=arg line=1 MLIR_ops=[]
[visit_enter] AST=arg line=1 MLIR_ops=[]
[visit_enter] AST=arg line=1 MLIR_ops=[]
[visit_enter] AST=Assign line=0 MLIR_ops=[]
[visit_enter] AST=Constant line=1 MLIR_ops=[]
[visit_enter] AST=Name line=0 MLIR_ops=[]
[visit_enter] AST=Assign line=0 MLIR_ops=[]
[visit_enter] AST=Constant line=1 MLIR_ops=[]
[visit_enter] AST=Name line=0 MLIR_ops=[]
[visit_enter] AST=list line=0 MLIR_ops=[]
[visit_enter] AST=Expr line=2 MLIR_ops=[]
[visit_enter] AST=Call line=2 MLIR_ops=[]
[visit_enter] AST=Attribute line=2 MLIR_ops=[]
[visit_enter] AST=Name line=2 MLIR_ops=[]
[visit_enter] AST=Call line=2 MLIR_ops=[]
[visit_enter] AST=Attribute line=2 MLIR_ops=[]
[visit_enter] AST=Attribute line=2 MLIR_ops=[]
[visit_enter] AST=Attribute line=2 MLIR_ops=[]
[visit_enter] AST=Name line=2 MLIR_ops=[]
[visit_enter] AST=Return line=3 MLIR_ops=[]
[visit_enter] AST=Call line=3 MLIR_ops=[]
[visit_enter] AST=Attribute line=3 MLIR_ops=[]
[visit_enter] AST=Name line=3 MLIR_ops=[]
[visit_enter] AST=keyword line=3 MLIR_ops=[]
[visit_enter] AST=Name line=3 MLIR_ops=[]
[visit_enter] AST=Name line=3 MLIR_ops=[]
[visit_enter] AST=Name line=3 MLIR_ops=[]
[visit_enter] AST=Name line=3 MLIR_ops=[]
[visit_enter] AST=Name line=19 MLIR_ops=[]
[visit_enter] AST=Assign line=20 MLIR_ops=[]
[visit_enter] AST=Call line=20 MLIR_ops=[]
[visit_enter] AST=Attribute line=20 MLIR_ops=[]
[visit_enter] AST=Call line=20 MLIR_ops=[]
[visit_enter] AST=Attribute line=20 MLIR_ops=[]
[visit_enter] AST=Name line=20 MLIR_ops=[]
[visit_enter] AST=Name line=20 MLIR_ops=[]
[visit_enter] AST=Attribute line=20 MLIR_ops=[]
[visit_enter] AST=Name line=20 MLIR_ops=[]
[visit_enter] AST=keyword line=20 MLIR_ops=[]
[visit_enter] AST=Constant line=20 MLIR_ops=[]
[visit_enter] AST=Attribute line=20 MLIR_ops=[]
[visit_enter] AST=Name line=20 MLIR_ops=[]
[visit_enter] AST=Name line=20 MLIR_ops=[]
[visit_enter] AST=Return line=21 MLIR_ops=[]
[visit_enter] AST=Name line=21 MLIR_ops=[]
[visit_enter] AST=Name line=3 MLIR_ops=[]
[visit_enter] AST=Assign line=3 MLIR_ops=['set_loc', 'set_loc', 'set_loc', 'set_loc']
[visit_enter] AST=Call line=3 MLIR_ops=['set_loc', 'set_loc', 'set_loc', 'set_loc']
[visit_enter] AST=Attribute line=3 MLIR_ops=['set_loc', 'set_loc']
[visit_enter] AST=Name line=3 MLIR_ops=[]
[visit_enter] AST=Name line=3 MLIR_ops=[]
[visit_enter] AST=Module line=0 MLIR_ops=[]
[visit_enter] AST=FunctionDef line=1 MLIR_ops=[]
[visit_enter] AST=arguments line=0 MLIR_ops=[]
[visit_enter] AST=arg line=1 MLIR_ops=[]
[visit_enter] AST=arg line=1 MLIR_ops=[]
[visit_enter] AST=Assign line=0 MLIR_ops=[]
[visit_enter] AST=Constant line=1 MLIR_ops=[]
[visit_enter] AST=Name line=0 MLIR_ops=[]
[visit_enter] AST=list line=0 MLIR_ops=[]
[visit_enter] AST=Expr line=2 MLIR_ops=[]
[visit_enter] AST=Constant line=2 MLIR_ops=[]
[visit_enter] AST=Return line=8 MLIR_ops=[]
[visit_enter] AST=Call line=8 MLIR_ops=[]
[visit_enter] AST=Attribute line=8 MLIR_ops=[]
[visit_enter] AST=Name line=8 MLIR_ops=[]
[visit_enter] AST=keyword line=8 MLIR_ops=[]
[visit_enter] AST=Name line=8 MLIR_ops=[]
[visit_enter] AST=Name line=8 MLIR_ops=[]
[visit_enter] AST=List line=8 MLIR_ops=[]
[visit_enter] AST=Load line=0 MLIR_ops=[]
[visit_enter] AST=Attribute line=8 MLIR_ops=[]
[visit_enter] AST=Name line=8 MLIR_ops=[]
[visit_enter] AST=Name line=3 MLIR_ops=[]
[visit_enter] AST=Expr line=4 MLIR_ops=['set_loc', 'set_loc']
[visit_enter] AST=Call line=4 MLIR_ops=['set_loc', 'set_loc', 'set_loc', 'set_loc', 'set_loc', 'set_loc', 'store']
[visit_enter] AST=Attribute line=4 MLIR_ops=['set_loc', 'set_loc']
[visit_enter] AST=Name line=4 MLIR_ops=[]
[visit_enter] AST=BinOp line=4 MLIR_ops=['set_loc', 'set_loc', 'set_loc', 'set_loc', 'splat', 'addptr']
[visit_enter] AST=Name line=4 MLIR_ops=[]
[visit_enter] AST=Name line=4 MLIR_ops=[]
[visit_enter] AST=Name line=4 MLIR_ops=[]
[visit_enter] AST=Module line=0 MLIR_ops=['set_loc', 'set_loc']
[visit_enter] AST=FunctionDef line=1 MLIR_ops=['set_loc']
[visit_enter] AST=arguments line=0 MLIR_ops=['set_loc', 'set_loc', 'set_loc', 'set_loc']
[visit_enter] AST=arg line=1 MLIR_ops=[]
[visit_enter] AST=arg line=1 MLIR_ops=[]
[visit_enter] AST=list line=0 MLIR_ops=['set_loc', 'set_loc', 'set_loc', 'set_loc', 'set_loc', 'set_loc', 'set_loc', 'set_loc', 'set_loc', 'set_loc', 'set_loc', 'set_loc', 'set_loc', 'set_loc']
[visit_enter] AST=Assign line=2 MLIR_ops=['set_loc', 'set_loc', 'set_loc', 'set_loc']
[visit_enter] AST=Call line=2 MLIR_ops=['set_loc', 'set_loc', 'set_loc', 'set_loc', 'get.program.id']
[visit_enter] AST=Attribute line=2 MLIR_ops=['set_loc', 'set_loc']
[visit_enter] AST=Name line=2 MLIR_ops=[]
[visit_enter] AST=Constant line=2 MLIR_ops=[]
[visit_enter] AST=Name line=2 MLIR_ops=[]
[visit_enter] AST=Assign line=2 MLIR_ops=['set_loc', 'set_loc', 'set_loc', 'set_loc']
[visit_enter] AST=BinOp line=2 MLIR_ops=['set_loc', 'set_loc', 'set_loc', 'set_loc', 'splat', 'int.cast', 'int.cast', 'add', 'splat', 'icmpSLE', 'splat', 'icmpSGE', 'and', 'add']
[visit_enter] AST=BinOp line=2 MLIR_ops=['set_loc', 'set_loc', 'set_loc', 'set_loc', 'int.cast', 'int.cast', 'mul', 'icmpSLE', 'icmpSGE', 'and', 'mul']
[visit_enter] AST=Name line=2 MLIR_ops=[]
[visit_enter] AST=Constant line=2 MLIR_ops=[]
[visit_enter] AST=Call line=2 MLIR_ops=['set_loc', 'set_loc', 'set_loc', 'set_loc', 'set_loc', 'set_loc', 'make.range']
[visit_enter] AST=Attribute line=2 MLIR_ops=['set_loc', 'set_loc']
[visit_enter] AST=Name line=2 MLIR_ops=[]
[visit_enter] AST=Constant line=2 MLIR_ops=[]
[visit_enter] AST=Constant line=2 MLIR_ops=[]
[visit_enter] AST=Name line=2 MLIR_ops=[]
[visit_enter] AST=Assign line=3 MLIR_ops=['set_loc', 'set_loc', 'set_loc', 'set_loc']
[visit_enter] AST=Call line=3 MLIR_ops=['set_loc', 'set_loc', 'set_loc', 'set_loc', 'load']
[visit_enter] AST=Attribute line=3 MLIR_ops=['set_loc', 'set_loc']
[visit_enter] AST=Name line=3 MLIR_ops=[]
[visit_enter] AST=BinOp line=3 MLIR_ops=['set_loc', 'set_loc', 'set_loc', 'set_loc', 'splat', 'addptr']
[visit_enter] AST=Name line=3 MLIR_ops=[]
[visit_enter] AST=Name line=3 MLIR_ops=[]
[visit_enter] AST=Name line=3 MLIR_ops=[]
[visit_enter] AST=Assign line=3 MLIR_ops=['set_loc', 'set_loc', 'set_loc', 'set_loc']
[visit_enter] AST=Call line=3 MLIR_ops=['set_loc', 'set_loc', 'set_loc', 'set_loc', 'set_loc', 'set_loc']
[visit_enter] AST=Attribute line=3 MLIR_ops=['set_loc', 'set_loc']
[visit_enter] AST=Name line=3 MLIR_ops=[]
[visit_enter] AST=keyword line=3 MLIR_ops=['set_loc', 'set_loc']
[visit_enter] AST=Constant line=3 MLIR_ops=[]
[visit_enter] AST=Name line=3 MLIR_ops=[]
[visit_enter] AST=Module line=0 MLIR_ops=[]
[visit_enter] AST=FunctionDef line=1 MLIR_ops=[]
[visit_enter] AST=arguments line=0 MLIR_ops=[]
[visit_enter] AST=arg line=1 MLIR_ops=[]
[visit_enter] AST=arg line=1 MLIR_ops=[]
[visit_enter] AST=arg line=1 MLIR_ops=[]
[visit_enter] AST=arg line=1 MLIR_ops=[]
[visit_enter] AST=Assign line=0 MLIR_ops=[]
[visit_enter] AST=Constant line=1 MLIR_ops=[]
[visit_enter] AST=Name line=0 MLIR_ops=[]
[visit_enter] AST=Assign line=0 MLIR_ops=[]
[visit_enter] AST=Constant line=1 MLIR_ops=[]
[visit_enter] AST=Name line=0 MLIR_ops=[]
[visit_enter] AST=list line=0 MLIR_ops=[]
[visit_enter] AST=Assign line=2 MLIR_ops=[]
[visit_enter] AST=Call line=2 MLIR_ops=[]
[visit_enter] AST=Name line=2 MLIR_ops=[]
[visit_enter] AST=keyword line=2 MLIR_ops=[]
[visit_enter] AST=Constant line=2 MLIR_ops=[]
[visit_enter] AST=keyword line=2 MLIR_ops=[]
[visit_enter] AST=Name line=2 MLIR_ops=[]
[visit_enter] AST=keyword line=2 MLIR_ops=[]
[visit_enter] AST=Name line=2 MLIR_ops=[]
[visit_enter] AST=Name line=2 MLIR_ops=[]
[visit_enter] AST=Name line=2 MLIR_ops=[]
[visit_enter] AST=Module line=0 MLIR_ops=[]
[visit_enter] AST=FunctionDef line=1 MLIR_ops=[]
[visit_enter] AST=arguments line=0 MLIR_ops=[]
[visit_enter] AST=arg line=1 MLIR_ops=[]
[visit_enter] AST=arg line=1 MLIR_ops=[]
[visit_enter] AST=arg line=1 MLIR_ops=[]
[visit_enter] AST=arg line=1 MLIR_ops=[]
[visit_enter] AST=arg line=1 MLIR_ops=[]
[visit_enter] AST=Assign line=0 MLIR_ops=[]
[visit_enter] AST=Constant line=1 MLIR_ops=[]
[visit_enter] AST=Name line=0 MLIR_ops=[]
[visit_enter] AST=Assign line=0 MLIR_ops=[]
[visit_enter] AST=Constant line=1 MLIR_ops=[]
[visit_enter] AST=Name line=0 MLIR_ops=[]
[visit_enter] AST=Assign line=0 MLIR_ops=[]
[visit_enter] AST=Constant line=1 MLIR_ops=[]
[visit_enter] AST=Name line=0 MLIR_ops=[]
[visit_enter] AST=Assign line=0 MLIR_ops=[]
[visit_enter] AST=Constant line=1 MLIR_ops=[]
[visit_enter] AST=Name line=0 MLIR_ops=[]
[visit_enter] AST=list line=0 MLIR_ops=[]
[visit_enter] AST=Assign line=2 MLIR_ops=[]
[visit_enter] AST=Call line=2 MLIR_ops=[]
[visit_enter] AST=Attribute line=2 MLIR_ops=[]
[visit_enter] AST=Name line=2 MLIR_ops=[]
[visit_enter] AST=Name line=2 MLIR_ops=[]
[visit_enter] AST=Name line=2 MLIR_ops=[]
[visit_enter] AST=If line=3 MLIR_ops=[]
[visit_enter] AST=Name line=3 MLIR_ops=[]
[visit_enter] AST=list line=0 MLIR_ops=[]
[visit_enter] AST=If line=4 MLIR_ops=[]
[visit_enter] AST=Name line=4 MLIR_ops=[]
[visit_enter] AST=list line=0 MLIR_ops=[]
[visit_enter] AST=Return line=5 MLIR_ops=[]
[visit_enter] AST=Call line=5 MLIR_ops=[]
[visit_enter] AST=Attribute line=5 MLIR_ops=[]
[visit_enter] AST=Name line=5 MLIR_ops=[]
[visit_enter] AST=keyword line=5 MLIR_ops=[]
[visit_enter] AST=Name line=5 MLIR_ops=[]
[visit_enter] AST=Name line=5 MLIR_ops=[]
[visit_enter] AST=Name line=5 MLIR_ops=[]
[visit_enter] AST=Name line=5 MLIR_ops=[]
[visit_enter] AST=Module line=0 MLIR_ops=[]
[visit_enter] AST=FunctionDef line=1 MLIR_ops=[]
[visit_enter] AST=arguments line=0 MLIR_ops=[]
[visit_enter] AST=arg line=1 MLIR_ops=[]
[visit_enter] AST=arg line=1 MLIR_ops=[]
[visit_enter] AST=arg line=1 MLIR_ops=[]
[visit_enter] AST=arg line=1 MLIR_ops=[]
[visit_enter] AST=list line=0 MLIR_ops=[]
[visit_enter] AST=Return line=2 MLIR_ops=[]
[visit_enter] AST=Call line=2 MLIR_ops=[]
[visit_enter] AST=Name line=2 MLIR_ops=[]
[visit_enter] AST=Name line=2 MLIR_ops=[]
[visit_enter] AST=Name line=2 MLIR_ops=[]
[visit_enter] AST=Name line=2 MLIR_ops=[]
[visit_enter] AST=Name line=2 MLIR_ops=[]
[visit_enter] AST=Constant line=2 MLIR_ops=[]
[visit_enter] AST=Module line=0 MLIR_ops=[]
[visit_enter] AST=FunctionDef line=1 MLIR_ops=[]
[visit_enter] AST=arguments line=0 MLIR_ops=[]
[visit_enter] AST=arg line=1 MLIR_ops=[]
[visit_enter] AST=arg line=1 MLIR_ops=[]
[visit_enter] AST=arg line=1 MLIR_ops=[]
[visit_enter] AST=arg line=1 MLIR_ops=[]
[visit_enter] AST=arg line=1 MLIR_ops=[]
[visit_enter] AST=list line=0 MLIR_ops=[]
[visit_enter] AST=If line=2 MLIR_ops=[]
[visit_enter] AST=Name line=2 MLIR_ops=[]
[visit_enter] AST=list line=0 MLIR_ops=[]
[visit_enter] AST=Assign line=3 MLIR_ops=[]
[visit_enter] AST=BoolOp line=3 MLIR_ops=[]
[visit_enter] AST=Compare line=3 MLIR_ops=[]
[visit_enter] AST=Name line=3 MLIR_ops=[]
[visit_enter] AST=Name line=3 MLIR_ops=[]
[visit_enter] AST=Compare line=3 MLIR_ops=[]
[visit_enter] AST=Name line=3 MLIR_ops=[]
[visit_enter] AST=Name line=3 MLIR_ops=[]
[visit_enter] AST=Name line=3 MLIR_ops=[]
[visit_enter] AST=Assign line=6 MLIR_ops=[]
[visit_enter] AST=BoolOp line=6 MLIR_ops=[]
[visit_enter] AST=Compare line=6 MLIR_ops=[]
[visit_enter] AST=Name line=6 MLIR_ops=[]
[visit_enter] AST=Name line=6 MLIR_ops=[]
[visit_enter] AST=Name line=6 MLIR_ops=[]
[visit_enter] AST=Name line=6 MLIR_ops=[]
[visit_enter] AST=Assign line=7 MLIR_ops=[]
[visit_enter] AST=Call line=7 MLIR_ops=[]
[visit_enter] AST=Attribute line=7 MLIR_ops=[]
[visit_enter] AST=Name line=7 MLIR_ops=[]
[visit_enter] AST=Name line=7 MLIR_ops=[]
[visit_enter] AST=Name line=7 MLIR_ops=[]
[visit_enter] AST=Name line=7 MLIR_ops=[]
[visit_enter] AST=Name line=7 MLIR_ops=[]
[visit_enter] AST=Assign line=8 MLIR_ops=[]
[visit_enter] AST=Call line=8 MLIR_ops=[]
[visit_enter] AST=Attribute line=8 MLIR_ops=[]
[visit_enter] AST=Name line=8 MLIR_ops=[]
[visit_enter] AST=Name line=8 MLIR_ops=[]
[visit_enter] AST=Name line=8 MLIR_ops=[]
[visit_enter] AST=Name line=8 MLIR_ops=[]
[visit_enter] AST=Name line=8 MLIR_ops=[]
[visit_enter] AST=Return line=9 MLIR_ops=[]
[visit_enter] AST=Tuple line=9 MLIR_ops=[]
[visit_enter] AST=Name line=9 MLIR_ops=[]
[visit_enter] AST=Name line=9 MLIR_ops=[]
[visit_enter] AST=Name line=2 MLIR_ops=[]
[visit_enter] AST=Name line=2 MLIR_ops=[]
[visit_enter] AST=Return line=3 MLIR_ops=[]
[visit_enter] AST=Name line=3 MLIR_ops=[]
[visit_enter] AST=Name line=3 MLIR_ops=[]
[visit_enter] AST=Assign line=3 MLIR_ops=['set_loc', 'set_loc', 'set_loc', 'set_loc']
[visit_enter] AST=Call line=3 MLIR_ops=['set_loc', 'set_loc', 'set_loc', 'set_loc', 'set_loc', 'set_loc']
[visit_enter] AST=Attribute line=3 MLIR_ops=['set_loc', 'set_loc']
[visit_enter] AST=Name line=3 MLIR_ops=[]
[visit_enter] AST=keyword line=3 MLIR_ops=['set_loc', 'set_loc']
[visit_enter] AST=Constant line=3 MLIR_ops=[]
[visit_enter] AST=Name line=3 MLIR_ops=[]
[visit_enter] AST=Module line=0 MLIR_ops=[]
[visit_enter] AST=FunctionDef line=1 MLIR_ops=[]
[visit_enter] AST=arguments line=0 MLIR_ops=[]
[visit_enter] AST=arg line=1 MLIR_ops=[]
[visit_enter] AST=arg line=1 MLIR_ops=[]
[visit_enter] AST=arg line=1 MLIR_ops=[]
[visit_enter] AST=arg line=1 MLIR_ops=[]
[visit_enter] AST=Assign line=0 MLIR_ops=[]
[visit_enter] AST=Constant line=1 MLIR_ops=[]
[visit_enter] AST=Name line=0 MLIR_ops=[]
[visit_enter] AST=Assign line=0 MLIR_ops=[]
[visit_enter] AST=Constant line=1 MLIR_ops=[]
[visit_enter] AST=Name line=0 MLIR_ops=[]
[visit_enter] AST=list line=0 MLIR_ops=[]
[visit_enter] AST=Assign line=2 MLIR_ops=[]
[visit_enter] AST=Call line=2 MLIR_ops=[]
[visit_enter] AST=Name line=2 MLIR_ops=[]
[visit_enter] AST=keyword line=2 MLIR_ops=[]
[visit_enter] AST=Constant line=2 MLIR_ops=[]
[visit_enter] AST=keyword line=2 MLIR_ops=[]
[visit_enter] AST=Name line=2 MLIR_ops=[]
[visit_enter] AST=keyword line=2 MLIR_ops=[]
[visit_enter] AST=Name line=2 MLIR_ops=[]
[visit_enter] AST=Name line=2 MLIR_ops=[]
[visit_enter] AST=Name line=2 MLIR_ops=[]
[visit_enter] AST=Module line=0 MLIR_ops=[]
[visit_enter] AST=FunctionDef line=1 MLIR_ops=[]
[visit_enter] AST=arguments line=0 MLIR_ops=[]
[visit_enter] AST=arg line=1 MLIR_ops=[]
[visit_enter] AST=arg line=1 MLIR_ops=[]
[visit_enter] AST=arg line=1 MLIR_ops=[]
[visit_enter] AST=arg line=1 MLIR_ops=[]
[visit_enter] AST=arg line=1 MLIR_ops=[]
[visit_enter] AST=Assign line=0 MLIR_ops=[]
[visit_enter] AST=Constant line=1 MLIR_ops=[]
[visit_enter] AST=Name line=0 MLIR_ops=[]
[visit_enter] AST=Assign line=0 MLIR_ops=[]
[visit_enter] AST=Constant line=1 MLIR_ops=[]
[visit_enter] AST=Name line=0 MLIR_ops=[]
[visit_enter] AST=Assign line=0 MLIR_ops=[]
[visit_enter] AST=Constant line=1 MLIR_ops=[]
[visit_enter] AST=Name line=0 MLIR_ops=[]
[visit_enter] AST=Assign line=0 MLIR_ops=[]
[visit_enter] AST=Constant line=1 MLIR_ops=[]
[visit_enter] AST=Name line=0 MLIR_ops=[]
[visit_enter] AST=list line=0 MLIR_ops=[]
[visit_enter] AST=Assign line=2 MLIR_ops=[]
[visit_enter] AST=Call line=2 MLIR_ops=[]
[visit_enter] AST=Attribute line=2 MLIR_ops=[]
[visit_enter] AST=Name line=2 MLIR_ops=[]
[visit_enter] AST=Name line=2 MLIR_ops=[]
[visit_enter] AST=Name line=2 MLIR_ops=[]
[visit_enter] AST=If line=3 MLIR_ops=[]
[visit_enter] AST=Name line=3 MLIR_ops=[]
[visit_enter] AST=list line=0 MLIR_ops=[]
[visit_enter] AST=If line=4 MLIR_ops=[]
[visit_enter] AST=Name line=4 MLIR_ops=[]
[visit_enter] AST=list line=0 MLIR_ops=[]
[visit_enter] AST=Return line=5 MLIR_ops=[]
[visit_enter] AST=Call line=5 MLIR_ops=[]
[visit_enter] AST=Attribute line=5 MLIR_ops=[]
[visit_enter] AST=Name line=5 MLIR_ops=[]
[visit_enter] AST=keyword line=5 MLIR_ops=[]
[visit_enter] AST=Name line=5 MLIR_ops=[]
[visit_enter] AST=Name line=5 MLIR_ops=[]
[visit_enter] AST=Name line=5 MLIR_ops=[]
[visit_enter] AST=Name line=5 MLIR_ops=[]
[visit_enter] AST=Module line=0 MLIR_ops=[]
[visit_enter] AST=FunctionDef line=1 MLIR_ops=[]
[visit_enter] AST=arguments line=0 MLIR_ops=[]
[visit_enter] AST=arg line=1 MLIR_ops=[]
[visit_enter] AST=arg line=1 MLIR_ops=[]
[visit_enter] AST=arg line=1 MLIR_ops=[]
[visit_enter] AST=arg line=1 MLIR_ops=[]
[visit_enter] AST=list line=0 MLIR_ops=[]
[visit_enter] AST=Return line=2 MLIR_ops=[]
[visit_enter] AST=Call line=2 MLIR_ops=[]
[visit_enter] AST=Name line=2 MLIR_ops=[]
[visit_enter] AST=Name line=2 MLIR_ops=[]
[visit_enter] AST=Name line=2 MLIR_ops=[]
[visit_enter] AST=Name line=2 MLIR_ops=[]
[visit_enter] AST=Name line=2 MLIR_ops=[]
[visit_enter] AST=Constant line=2 MLIR_ops=[]
[visit_enter] AST=Module line=0 MLIR_ops=[]
[visit_enter] AST=FunctionDef line=1 MLIR_ops=[]
[visit_enter] AST=arguments line=0 MLIR_ops=[]
[visit_enter] AST=arg line=1 MLIR_ops=[]
[visit_enter] AST=arg line=1 MLIR_ops=[]
[visit_enter] AST=arg line=1 MLIR_ops=[]
[visit_enter] AST=arg line=1 MLIR_ops=[]
[visit_enter] AST=arg line=1 MLIR_ops=[]
[visit_enter] AST=list line=0 MLIR_ops=[]
[visit_enter] AST=If line=2 MLIR_ops=[]
[visit_enter] AST=Name line=2 MLIR_ops=[]
[visit_enter] AST=list line=0 MLIR_ops=[]
[visit_enter] AST=Assign line=3 MLIR_ops=[]
[visit_enter] AST=BoolOp line=3 MLIR_ops=[]
[visit_enter] AST=Compare line=3 MLIR_ops=[]
[visit_enter] AST=Name line=3 MLIR_ops=[]
[visit_enter] AST=Name line=3 MLIR_ops=[]
[visit_enter] AST=Compare line=3 MLIR_ops=[]
[visit_enter] AST=Name line=3 MLIR_ops=[]
[visit_enter] AST=Name line=3 MLIR_ops=[]
[visit_enter] AST=Name line=3 MLIR_ops=[]
[visit_enter] AST=Assign line=6 MLIR_ops=[]
[visit_enter] AST=BoolOp line=6 MLIR_ops=[]
[visit_enter] AST=Compare line=6 MLIR_ops=[]
[visit_enter] AST=Name line=6 MLIR_ops=[]
[visit_enter] AST=Name line=6 MLIR_ops=[]
[visit_enter] AST=Name line=6 MLIR_ops=[]
[visit_enter] AST=Name line=6 MLIR_ops=[]
[visit_enter] AST=Assign line=7 MLIR_ops=[]
[visit_enter] AST=Call line=7 MLIR_ops=[]
[visit_enter] AST=Attribute line=7 MLIR_ops=[]
[visit_enter] AST=Name line=7 MLIR_ops=[]
[visit_enter] AST=Name line=7 MLIR_ops=[]
[visit_enter] AST=Name line=7 MLIR_ops=[]
[visit_enter] AST=Name line=7 MLIR_ops=[]
[visit_enter] AST=Name line=7 MLIR_ops=[]
[visit_enter] AST=Assign line=8 MLIR_ops=[]
[visit_enter] AST=Call line=8 MLIR_ops=[]
[visit_enter] AST=Attribute line=8 MLIR_ops=[]
[visit_enter] AST=Name line=8 MLIR_ops=[]
[visit_enter] AST=Name line=8 MLIR_ops=[]
[visit_enter] AST=Name line=8 MLIR_ops=[]
[visit_enter] AST=Name line=8 MLIR_ops=[]
[visit_enter] AST=Name line=8 MLIR_ops=[]
[visit_enter] AST=Return line=9 MLIR_ops=[]
[visit_enter] AST=Tuple line=9 MLIR_ops=[]
[visit_enter] AST=Name line=9 MLIR_ops=[]
[visit_enter] AST=Name line=9 MLIR_ops=[]
[visit_enter] AST=Name line=2 MLIR_ops=[]
[visit_enter] AST=Name line=2 MLIR_ops=[]
[visit_enter] AST=Return line=3 MLIR_ops=[]
[visit_enter] AST=Name line=3 MLIR_ops=[]
[visit_enter] AST=Name line=3 MLIR_ops=[]
[visit_enter] AST=Expr line=4 MLIR_ops=['set_loc', 'set_loc']
[visit_enter] AST=Call line=4 MLIR_ops=['set_loc', 'set_loc', 'set_loc', 'set_loc', 'set_loc', 'set_loc', 'si.to.fp', 'store']
[visit_enter] AST=Attribute line=4 MLIR_ops=['set_loc', 'set_loc']
[visit_enter] AST=Name line=4 MLIR_ops=[]
[visit_enter] AST=BinOp line=4 MLIR_ops=['set_loc', 'set_loc', 'set_loc', 'set_loc', 'addptr']
[visit_enter] AST=Name line=4 MLIR_ops=[]
[visit_enter] AST=BinOp line=4 MLIR_ops=['set_loc', 'set_loc', 'set_loc', 'set_loc', 'int.cast', 'int.cast', 'mul', 'icmpSLE', 'icmpSGE', 'and', 'mul']
[visit_enter] AST=Name line=4 MLIR_ops=[]
[visit_enter] AST=Constant line=4 MLIR_ops=[]
[visit_enter] AST=Name line=4 MLIR_ops=[]
[visit_enter] AST=Expr line=4 MLIR_ops=['set_loc', 'set_loc']
[visit_enter] AST=Call line=4 MLIR_ops=['set_loc', 'set_loc', 'set_loc', 'set_loc', 'set_loc', 'set_loc', 'si.to.fp', 'store']
[visit_enter] AST=Attribute line=4 MLIR_ops=['set_loc', 'set_loc']
[visit_enter] AST=Name line=4 MLIR_ops=[]
[visit_enter] AST=BinOp line=4 MLIR_ops=['set_loc', 'set_loc', 'set_loc', 'set_loc', 'addptr']
[visit_enter] AST=BinOp line=4 MLIR_ops=['set_loc', 'set_loc', 'set_loc', 'set_loc', 'addptr']
[visit_enter] AST=Name line=4 MLIR_ops=[]
[visit_enter] AST=BinOp line=4 MLIR_ops=['set_loc', 'set_loc', 'set_loc', 'set_loc', 'int.cast', 'int.cast', 'mul', 'icmpSLE', 'icmpSGE', 'and', 'mul']
[visit_enter] AST=Name line=4 MLIR_ops=[]
[visit_enter] AST=Constant line=4 MLIR_ops=[]
[visit_enter] AST=Constant line=4 MLIR_ops=[]
[visit_enter] AST=Name line=4 MLIR_ops=[]
[visit_enter] AST=Module line=0 MLIR_ops=['set_loc', 'set_loc']
[visit_enter] AST=FunctionDef line=1 MLIR_ops=['set_loc']
[visit_enter] AST=arguments line=0 MLIR_ops=['set_loc', 'set_loc', 'set_loc', 'set_loc']
[visit_enter] AST=arg line=1 MLIR_ops=[]
[visit_enter] AST=arg line=1 MLIR_ops=[]
[visit_enter] AST=list line=0 MLIR_ops=['set_loc', 'set_loc', 'set_loc', 'set_loc', 'set_loc', 'set_loc', 'set_loc', 'set_loc', 'set_loc', 'set_loc']
[visit_enter] AST=Assign line=2 MLIR_ops=['set_loc', 'set_loc', 'set_loc', 'set_loc']
[visit_enter] AST=Call line=2 MLIR_ops=['set_loc', 'set_loc', 'set_loc', 'set_loc', 'get.program.id']
[visit_enter] AST=Attribute line=2 MLIR_ops=['set_loc', 'set_loc']
[visit_enter] AST=Name line=2 MLIR_ops=[]
[visit_enter] AST=Constant line=2 MLIR_ops=[]
[visit_enter] AST=Name line=2 MLIR_ops=[]
[visit_enter] AST=Assign line=2 MLIR_ops=['set_loc', 'set_loc', 'set_loc', 'set_loc']
[visit_enter] AST=BinOp line=2 MLIR_ops=['set_loc', 'set_loc', 'set_loc', 'set_loc', 'splat', 'int.cast', 'int.cast', 'add', 'splat', 'icmpSLE', 'splat', 'icmpSGE', 'and', 'add']
[visit_enter] AST=BinOp line=2 MLIR_ops=['set_loc', 'set_loc', 'set_loc', 'set_loc', 'int.cast', 'int.cast', 'mul', 'icmpSLE', 'icmpSGE', 'and', 'mul']
[visit_enter] AST=Name line=2 MLIR_ops=[]
[visit_enter] AST=Constant line=2 MLIR_ops=[]
[visit_enter] AST=Call line=2 MLIR_ops=['set_loc', 'set_loc', 'set_loc', 'set_loc', 'set_loc', 'set_loc', 'make.range']
[visit_enter] AST=Attribute line=2 MLIR_ops=['set_loc', 'set_loc']
[visit_enter] AST=Name line=2 MLIR_ops=[]
[visit_enter] AST=Constant line=2 MLIR_ops=[]
[visit_enter] AST=Constant line=2 MLIR_ops=[]
[visit_enter] AST=Name line=2 MLIR_ops=[]
[visit_enter] AST=Assign line=3 MLIR_ops=['set_loc', 'set_loc', 'set_loc', 'set_loc']
[visit_enter] AST=Call line=3 MLIR_ops=['set_loc', 'set_loc', 'set_loc', 'set_loc', 'load']
[visit_enter] AST=Attribute line=3 MLIR_ops=['set_loc', 'set_loc']
[visit_enter] AST=Name line=3 MLIR_ops=[]
[visit_enter] AST=BinOp line=3 MLIR_ops=['set_loc', 'set_loc', 'set_loc', 'set_loc', 'splat', 'addptr']
[visit_enter] AST=Name line=3 MLIR_ops=[]
[visit_enter] AST=Name line=3 MLIR_ops=[]
[visit_enter] AST=Name line=3 MLIR_ops=[]
[visit_enter] AST=Assign line=3 MLIR_ops=['set_loc', 'set_loc', 'set_loc', 'set_loc']
[visit_enter] AST=Call line=3 MLIR_ops=['set_loc', 'set_loc', 'set_loc', 'set_loc', 'set_loc', 'set_loc']
[visit_enter] AST=Attribute line=3 MLIR_ops=['set_loc', 'set_loc']
[visit_enter] AST=Name line=3 MLIR_ops=[]
[visit_enter] AST=keyword line=3 MLIR_ops=['set_loc', 'set_loc']
[visit_enter] AST=Constant line=3 MLIR_ops=[]
[visit_enter] AST=Name line=3 MLIR_ops=[]
[visit_enter] AST=Module line=0 MLIR_ops=[]
[visit_enter] AST=FunctionDef line=1 MLIR_ops=[]
[visit_enter] AST=arguments line=0 MLIR_ops=[]
[visit_enter] AST=arg line=1 MLIR_ops=[]
[visit_enter] AST=arg line=1 MLIR_ops=[]
[visit_enter] AST=Attribute line=1 MLIR_ops=[]
[visit_enter] AST=Name line=1 MLIR_ops=[]
[visit_enter] AST=arg line=1 MLIR_ops=[]
[visit_enter] AST=Attribute line=1 MLIR_ops=[]
[visit_enter] AST=Name line=1 MLIR_ops=[]
[visit_enter] AST=AnnAssign line=0 MLIR_ops=[]
[visit_enter] AST=Attribute line=1 MLIR_ops=[]
[visit_enter] AST=Name line=1 MLIR_ops=[]
[visit_enter] AST=Name line=0 MLIR_ops=[]
[visit_enter] AST=Constant line=1 MLIR_ops=[]
[visit_enter] AST=list line=0 MLIR_ops=[]
[visit_enter] AST=Return line=2 MLIR_ops=[]
[visit_enter] AST=Call line=2 MLIR_ops=[]
[visit_enter] AST=Name line=2 MLIR_ops=[]
[visit_enter] AST=keyword line=2 MLIR_ops=[]
[visit_enter] AST=Name line=2 MLIR_ops=[]
[visit_enter] AST=keyword line=2 MLIR_ops=[]
[visit_enter] AST=Name line=2 MLIR_ops=[]
[visit_enter] AST=keyword line=2 MLIR_ops=[]
[visit_enter] AST=Constant line=2 MLIR_ops=[]
[visit_enter] AST=Name line=2 MLIR_ops=[]
[visit_enter] AST=Module line=0 MLIR_ops=[]
[visit_enter] AST=FunctionDef line=1 MLIR_ops=[]
[visit_enter] AST=arguments line=0 MLIR_ops=[]
[visit_enter] AST=arg line=1 MLIR_ops=[]
[visit_enter] AST=arg line=1 MLIR_ops=[]
[visit_enter] AST=Attribute line=1 MLIR_ops=[]
[visit_enter] AST=Name line=1 MLIR_ops=[]
[visit_enter] AST=arg line=1 MLIR_ops=[]
[visit_enter] AST=Attribute line=1 MLIR_ops=[]
[visit_enter] AST=Name line=1 MLIR_ops=[]
[visit_enter] AST=arg line=1 MLIR_ops=[]
[visit_enter] AST=Attribute line=1 MLIR_ops=[]
[visit_enter] AST=Name line=1 MLIR_ops=[]
[visit_enter] AST=AnnAssign line=0 MLIR_ops=[]
[visit_enter] AST=Attribute line=1 MLIR_ops=[]
[visit_enter] AST=Name line=1 MLIR_ops=[]
[visit_enter] AST=Name line=0 MLIR_ops=[]
[visit_enter] AST=Attribute line=1 MLIR_ops=[]
[visit_enter] AST=Name line=1 MLIR_ops=[]
[visit_enter] AST=AnnAssign line=0 MLIR_ops=[]
[visit_enter] AST=Attribute line=1 MLIR_ops=[]
[visit_enter] AST=Name line=1 MLIR_ops=[]
[visit_enter] AST=Name line=0 MLIR_ops=[]
[visit_enter] AST=Constant line=1 MLIR_ops=[]
[visit_enter] AST=AnnAssign line=0 MLIR_ops=[]
[visit_enter] AST=Attribute line=1 MLIR_ops=[]
[visit_enter] AST=Name line=1 MLIR_ops=[]
[visit_enter] AST=Name line=0 MLIR_ops=[]
[visit_enter] AST=Constant line=1 MLIR_ops=[]
[visit_enter] AST=list line=0 MLIR_ops=[]
[visit_enter] AST=Expr line=2 MLIR_ops=[]
[visit_enter] AST=Constant line=2 MLIR_ops=[]
[visit_enter] AST=AnnAssign line=15 MLIR_ops=[]
[visit_enter] AST=Attribute line=15 MLIR_ops=[]
[visit_enter] AST=Name line=15 MLIR_ops=[]
[visit_enter] AST=Name line=15 MLIR_ops=[]
[visit_enter] AST=IfExp line=15 MLIR_ops=[]
[visit_enter] AST=Compare line=15 MLIR_ops=[]
[visit_enter] AST=Name line=15 MLIR_ops=[]
[visit_enter] AST=Constant line=15 MLIR_ops=[]
[visit_enter] AST=BinOp line=15 MLIR_ops=[]
[visit_enter] AST=Call line=15 MLIR_ops=[]
[visit_enter] AST=Name line=15 MLIR_ops=[]
[visit_enter] AST=Attribute line=15 MLIR_ops=[]
[visit_enter] AST=Name line=15 MLIR_ops=[]
[visit_enter] AST=Constant line=15 MLIR_ops=[]
[visit_enter] AST=Expr line=16 MLIR_ops=[]
[visit_enter] AST=Call line=16 MLIR_ops=[]
[visit_enter] AST=Attribute line=16 MLIR_ops=[]
[visit_enter] AST=Name line=16 MLIR_ops=[]
[visit_enter] AST=Compare line=16 MLIR_ops=[]
[visit_enter] AST=Name line=16 MLIR_ops=[]
[visit_enter] AST=BinOp line=16 MLIR_ops=[]
[visit_enter] AST=Call line=16 MLIR_ops=[]
[visit_enter] AST=Name line=16 MLIR_ops=[]
[visit_enter] AST=Attribute line=16 MLIR_ops=[]
[visit_enter] AST=Name line=16 MLIR_ops=[]
[visit_enter] AST=Constant line=16 MLIR_ops=[]
[visit_enter] AST=AnnAssign line=18 MLIR_ops=[]
[visit_enter] AST=Attribute line=18 MLIR_ops=[]
[visit_enter] AST=Name line=18 MLIR_ops=[]
[visit_enter] AST=Name line=18 MLIR_ops=[]
[visit_enter] AST=Call line=18 MLIR_ops=[]
[visit_enter] AST=Name line=18 MLIR_ops=[]
[visit_enter] AST=Subscript line=18 MLIR_ops=[]
[visit_enter] AST=Subscript line=18 MLIR_ops=[]
[visit_enter] AST=Attribute line=18 MLIR_ops=[]
[visit_enter] AST=Name line=18 MLIR_ops=[]
[visit_enter] AST=Name line=18 MLIR_ops=[]
[visit_enter] AST=AnnAssign line=19 MLIR_ops=[]
[visit_enter] AST=Attribute line=19 MLIR_ops=[]
[visit_enter] AST=Name line=19 MLIR_ops=[]
[visit_enter] AST=Name line=19 MLIR_ops=[]
[visit_enter] AST=IfExp line=19 MLIR_ops=[]
[visit_enter] AST=Compare line=19 MLIR_ops=[]
[visit_enter] AST=Name line=19 MLIR_ops=[]
[visit_enter] AST=Constant line=19 MLIR_ops=[]
[visit_enter] AST=Call line=19 MLIR_ops=[]
[visit_enter] AST=Name line=19 MLIR_ops=[]
[visit_enter] AST=Name line=19 MLIR_ops=[]
[visit_enter] AST=AnnAssign line=21 MLIR_ops=[]
[visit_enter] AST=Attribute line=21 MLIR_ops=[]
[visit_enter] AST=Name line=21 MLIR_ops=[]
[visit_enter] AST=Name line=21 MLIR_ops=[]
[visit_enter] AST=Call line=21 MLIR_ops=[]
[visit_enter] AST=Name line=21 MLIR_ops=[]
[visit_enter] AST=Attribute line=21 MLIR_ops=[]
[visit_enter] AST=Name line=21 MLIR_ops=[]
[visit_enter] AST=Assign line=24 MLIR_ops=[]
[visit_enter] AST=Call line=24 MLIR_ops=[]
[visit_enter] AST=Attribute line=24 MLIR_ops=[]
[visit_enter] AST=Name line=24 MLIR_ops=[]
[visit_enter] AST=Name line=24 MLIR_ops=[]
[visit_enter] AST=IfExp line=24 MLIR_ops=[]
[visit_enter] AST=Name line=24 MLIR_ops=[]
[visit_enter] AST=BinOp line=24 MLIR_ops=[]
[visit_enter] AST=List line=24 MLIR_ops=[]
[visit_enter] AST=Load line=0 MLIR_ops=[]
[visit_enter] AST=Constant line=24 MLIR_ops=[]
[visit_enter] AST=Name line=24 MLIR_ops=[]
[visit_enter] AST=Name line=24 MLIR_ops=[]
[visit_enter] AST=For line=27 MLIR_ops=[]
[visit_enter] AST=Attribute line=27 MLIR_ops=[]
[visit_enter] AST=Name line=27 MLIR_ops=[]
[visit_enter] AST=Constant line=27 MLIR_ops=[]
[visit_enter] AST=BinOp line=27 MLIR_ops=[]
[visit_enter] AST=Name line=27 MLIR_ops=[]
[visit_enter] AST=Constant line=27 MLIR_ops=[]
[visit_enter] AST=list line=0 MLIR_ops=[]
[visit_enter] AST=Assign line=28 MLIR_ops=[]
[visit_enter] AST=Call line=28 MLIR_ops=[]
[visit_enter] AST=Name line=28 MLIR_ops=[]
[visit_enter] AST=Name line=28 MLIR_ops=[]
[visit_enter] AST=Name line=28 MLIR_ops=[]
[visit_enter] AST=IfExp line=28 MLIR_ops=[]
[visit_enter] AST=Compare line=28 MLIR_ops=[]
[visit_enter] AST=Name line=28 MLIR_ops=[]
[visit_enter] AST=Name line=28 MLIR_ops=[]
[visit_enter] AST=Constant line=28 MLIR_ops=[]
[visit_enter] AST=Module line=0 MLIR_ops=[]
[visit_enter] AST=FunctionDef line=1 MLIR_ops=[]
[visit_enter] AST=arguments line=0 MLIR_ops=[]
[visit_enter] AST=arg line=1 MLIR_ops=[]
[visit_enter] AST=arg line=1 MLIR_ops=[]
[visit_enter] AST=Attribute line=1 MLIR_ops=[]
[visit_enter] AST=Name line=1 MLIR_ops=[]
[visit_enter] AST=arg line=1 MLIR_ops=[]
[visit_enter] AST=Attribute line=1 MLIR_ops=[]
[visit_enter] AST=Name line=1 MLIR_ops=[]
[visit_enter] AST=list line=0 MLIR_ops=[]
[visit_enter] AST=Expr line=2 MLIR_ops=[]
[visit_enter] AST=Constant line=2 MLIR_ops=[]
[visit_enter] AST=If line=12 MLIR_ops=[]
[visit_enter] AST=Compare line=12 MLIR_ops=[]
[visit_enter] AST=Name line=12 MLIR_ops=[]
[visit_enter] AST=Constant line=12 MLIR_ops=[]
[visit_enter] AST=list line=0 MLIR_ops=[]
[visit_enter] AST=Assign line=13 MLIR_ops=[]
[visit_enter] AST=Call line=13 MLIR_ops=[]
[visit_enter] AST=Name line=13 MLIR_ops=[]
[visit_enter] AST=Call line=13 MLIR_ops=[]
[visit_enter] AST=Name line=13 MLIR_ops=[]
[visit_enter] AST=Attribute line=13 MLIR_ops=[]
[visit_enter] AST=Name line=13 MLIR_ops=[]
[visit_enter] AST=Name line=13 MLIR_ops=[]
[visit_enter] AST=Module line=0 MLIR_ops=[]
[visit_enter] AST=FunctionDef line=1 MLIR_ops=[]
[visit_enter] AST=arguments line=0 MLIR_ops=[]
[visit_enter] AST=arg line=1 MLIR_ops=[]
[visit_enter] AST=Attribute line=1 MLIR_ops=[]
[visit_enter] AST=Name line=1 MLIR_ops=[]
[visit_enter] AST=arg line=1 MLIR_ops=[]
[visit_enter] AST=Attribute line=1 MLIR_ops=[]
[visit_enter] AST=Name line=1 MLIR_ops=[]
[visit_enter] AST=list line=0 MLIR_ops=[]
[visit_enter] AST=Assign line=2 MLIR_ops=[]
[visit_enter] AST=Call line=2 MLIR_ops=[]
[visit_enter] AST=Attribute line=2 MLIR_ops=[]
[visit_enter] AST=Name line=2 MLIR_ops=[]
[visit_enter] AST=Constant line=2 MLIR_ops=[]
[visit_enter] AST=Constant line=2 MLIR_ops=[]
[visit_enter] AST=Name line=2 MLIR_ops=[]
[visit_enter] AST=Assign line=3 MLIR_ops=[]
[visit_enter] AST=Call line=3 MLIR_ops=[]
[visit_enter] AST=Attribute line=3 MLIR_ops=[]
[visit_enter] AST=Name line=3 MLIR_ops=[]
[visit_enter] AST=Name line=3 MLIR_ops=[]
[visit_enter] AST=BinOp line=3 MLIR_ops=[]
[visit_enter] AST=BinOp line=3 MLIR_ops=[]
[visit_enter] AST=BinOp line=3 MLIR_ops=[]
[visit_enter] AST=List line=3 MLIR_ops=[]
[visit_enter] AST=Load line=0 MLIR_ops=[]
[visit_enter] AST=Constant line=3 MLIR_ops=[]
[visit_enter] AST=BinOp line=3 MLIR_ops=[]
[visit_enter] AST=BinOp line=3 MLIR_ops=[]
[visit_enter] AST=Name line=3 MLIR_ops=[]
[visit_enter] AST=Name line=3 MLIR_ops=[]
[visit_enter] AST=Constant line=3 MLIR_ops=[]
[visit_enter] AST=List line=3 MLIR_ops=[]
[visit_enter] AST=Load line=0 MLIR_ops=[]
[visit_enter] AST=Constant line=3 MLIR_ops=[]
[visit_enter] AST=BinOp line=3 MLIR_ops=[]
[visit_enter] AST=List line=3 MLIR_ops=[]
[visit_enter] AST=Load line=0 MLIR_ops=[]
[visit_enter] AST=Constant line=3 MLIR_ops=[]
[visit_enter] AST=Name line=3 MLIR_ops=[]
[visit_enter] AST=Name line=3 MLIR_ops=[]
[visit_enter] AST=Return line=4 MLIR_ops=[]
[visit_enter] AST=Name line=4 MLIR_ops=[]
[visit_enter] AST=Name line=13 MLIR_ops=[]
[visit_enter] AST=For line=17 MLIR_ops=[]
[visit_enter] AST=Attribute line=17 MLIR_ops=[]
[visit_enter] AST=Name line=17 MLIR_ops=[]
[visit_enter] AST=Name line=17 MLIR_ops=[]
[visit_enter] AST=list line=0 MLIR_ops=[]
[visit_enter] AST=Assign line=18 MLIR_ops=[]
[visit_enter] AST=Call line=18 MLIR_ops=[]
[visit_enter] AST=Name line=18 MLIR_ops=[]
[visit_enter] AST=Name line=18 MLIR_ops=[]
[visit_enter] AST=Name line=18 MLIR_ops=[]
[visit_enter] AST=BinOp line=18 MLIR_ops=[]
[visit_enter] AST=BinOp line=18 MLIR_ops=[]
[visit_enter] AST=Name line=18 MLIR_ops=[]
[visit_enter] AST=Constant line=18 MLIR_ops=[]
[visit_enter] AST=Name line=18 MLIR_ops=[]
[visit_enter] AST=Module line=0 MLIR_ops=[]
[visit_enter] AST=FunctionDef line=1 MLIR_ops=[]
[visit_enter] AST=arguments line=0 MLIR_ops=[]
[visit_enter] AST=arg line=1 MLIR_ops=[]
[visit_enter] AST=arg line=1 MLIR_ops=[]
[visit_enter] AST=arg line=1 MLIR_ops=[]
[visit_enter] AST=Attribute line=1 MLIR_ops=[]
[visit_enter] AST=Name line=1 MLIR_ops=[]
[visit_enter] AST=list line=0 MLIR_ops=[]
[visit_enter] AST=AnnAssign line=3 MLIR_ops=[]
[visit_enter] AST=Attribute line=3 MLIR_ops=[]
[visit_enter] AST=Name line=3 MLIR_ops=[]
[visit_enter] AST=Name line=3 MLIR_ops=[]
[visit_enter] AST=Call line=3 MLIR_ops=[]
[visit_enter] AST=Name line=3 MLIR_ops=[]
[visit_enter] AST=Attribute line=3 MLIR_ops=[]
[visit_enter] AST=Name line=3 MLIR_ops=[]
[visit_enter] AST=Assign line=6 MLIR_ops=[]
[visit_enter] AST=Call line=6 MLIR_ops=[]
[visit_enter] AST=Name line=6 MLIR_ops=[]
[visit_enter] AST=keyword line=6 MLIR_ops=[]
[visit_enter] AST=Attribute line=6 MLIR_ops=[]
[visit_enter] AST=Attribute line=6 MLIR_ops=[]
[visit_enter] AST=Name line=6 MLIR_ops=[]
[visit_enter] AST=keyword line=6 MLIR_ops=[]
[visit_enter] AST=Constant line=6 MLIR_ops=[]
[visit_enter] AST=Name line=6 MLIR_ops=[]
[visit_enter] AST=Assign line=7 MLIR_ops=[]
[visit_enter] AST=Call line=7 MLIR_ops=[]
[visit_enter] AST=Attribute line=7 MLIR_ops=[]
[visit_enter] AST=Name line=7 MLIR_ops=[]
[visit_enter] AST=keyword line=7 MLIR_ops=[]
[visit_enter] AST=Constant line=7 MLIR_ops=[]
[visit_enter] AST=Name line=7 MLIR_ops=[]
[visit_enter] AST=Name line=7 MLIR_ops=[]
[visit_enter] AST=Assign line=8 MLIR_ops=[]
[visit_enter] AST=BinOp line=8 MLIR_ops=[]
[visit_enter] AST=Name line=8 MLIR_ops=[]
[visit_enter] AST=Call line=8 MLIR_ops=[]
[visit_enter] AST=Name line=8 MLIR_ops=[]
[visit_enter] AST=Name line=8 MLIR_ops=[]
[visit_enter] AST=BinOp line=8 MLIR_ops=[]
[visit_enter] AST=BinOp line=8 MLIR_ops=[]
[visit_enter] AST=Name line=8 MLIR_ops=[]
[visit_enter] AST=Constant line=8 MLIR_ops=[]
[visit_enter] AST=Name line=8 MLIR_ops=[]
[visit_enter] AST=Constant line=8 MLIR_ops=[]
[visit_enter] AST=Module line=0 MLIR_ops=[]
[visit_enter] AST=FunctionDef line=1 MLIR_ops=[]
[visit_enter] AST=arguments line=0 MLIR_ops=[]
[visit_enter] AST=arg line=1 MLIR_ops=[]
[visit_enter] AST=arg line=1 MLIR_ops=[]
[visit_enter] AST=arg line=1 MLIR_ops=[]
[visit_enter] AST=Assign line=0 MLIR_ops=[]
[visit_enter] AST=Constant line=1 MLIR_ops=[]
[visit_enter] AST=Name line=0 MLIR_ops=[]
[visit_enter] AST=Assign line=0 MLIR_ops=[]
[visit_enter] AST=Constant line=1 MLIR_ops=[]
[visit_enter] AST=Name line=0 MLIR_ops=[]
[visit_enter] AST=list line=0 MLIR_ops=[]
[visit_enter] AST=Expr line=2 MLIR_ops=[]
[visit_enter] AST=Call line=2 MLIR_ops=[]
[visit_enter] AST=Attribute line=2 MLIR_ops=[]
[visit_enter] AST=Name line=2 MLIR_ops=[]
[visit_enter] AST=Call line=2 MLIR_ops=[]
[visit_enter] AST=Attribute line=2 MLIR_ops=[]
[visit_enter] AST=Attribute line=2 MLIR_ops=[]
[visit_enter] AST=Attribute line=2 MLIR_ops=[]
[visit_enter] AST=Name line=2 MLIR_ops=[]
[visit_enter] AST=Return line=3 MLIR_ops=[]
[visit_enter] AST=Call line=3 MLIR_ops=[]
[visit_enter] AST=Attribute line=3 MLIR_ops=[]
[visit_enter] AST=Name line=3 MLIR_ops=[]
[visit_enter] AST=keyword line=3 MLIR_ops=[]
[visit_enter] AST=Name line=3 MLIR_ops=[]
[visit_enter] AST=Name line=3 MLIR_ops=[]
[visit_enter] AST=Name line=3 MLIR_ops=[]
[visit_enter] AST=Name line=3 MLIR_ops=[]
[visit_enter] AST=Module line=0 MLIR_ops=[]
[visit_enter] AST=FunctionDef line=1 MLIR_ops=[]
[visit_enter] AST=arguments line=0 MLIR_ops=[]
[visit_enter] AST=arg line=1 MLIR_ops=[]
[visit_enter] AST=arg line=1 MLIR_ops=[]
[visit_enter] AST=list line=0 MLIR_ops=[]
[visit_enter] AST=Return line=2 MLIR_ops=[]
[visit_enter] AST=BinOp line=2 MLIR_ops=[]
[visit_enter] AST=Name line=2 MLIR_ops=[]
[visit_enter] AST=Name line=2 MLIR_ops=[]
[visit_enter] AST=Name line=8 MLIR_ops=[]
[visit_enter] AST=Assign line=9 MLIR_ops=[]
[visit_enter] AST=Call line=9 MLIR_ops=[]
[visit_enter] AST=Attribute line=9 MLIR_ops=[]
[visit_enter] AST=Name line=9 MLIR_ops=[]
[visit_enter] AST=keyword line=9 MLIR_ops=[]
[visit_enter] AST=Constant line=9 MLIR_ops=[]
[visit_enter] AST=Attribute line=9 MLIR_ops=[]
[visit_enter] AST=Name line=9 MLIR_ops=[]
[visit_enter] AST=Name line=9 MLIR_ops=[]
[visit_enter] AST=Assign line=12 MLIR_ops=[]
[visit_enter] AST=Call line=12 MLIR_ops=[]
[visit_enter] AST=Name line=12 MLIR_ops=[]
[visit_enter] AST=Name line=12 MLIR_ops=[]
[visit_enter] AST=Name line=12 MLIR_ops=[]
[visit_enter] AST=Module line=0 MLIR_ops=[]
[visit_enter] AST=FunctionDef line=1 MLIR_ops=[]
[visit_enter] AST=arguments line=0 MLIR_ops=[]
[visit_enter] AST=arg line=1 MLIR_ops=[]
[visit_enter] AST=Attribute line=1 MLIR_ops=[]
[visit_enter] AST=Name line=1 MLIR_ops=[]
[visit_enter] AST=arg line=1 MLIR_ops=[]
[visit_enter] AST=Attribute line=1 MLIR_ops=[]
[visit_enter] AST=Name line=1 MLIR_ops=[]
[visit_enter] AST=list line=0 MLIR_ops=[]
[visit_enter] AST=Assign line=2 MLIR_ops=[]
[visit_enter] AST=Call line=2 MLIR_ops=[]
[visit_enter] AST=Attribute line=2 MLIR_ops=[]
[visit_enter] AST=Name line=2 MLIR_ops=[]
[visit_enter] AST=Constant line=2 MLIR_ops=[]
[visit_enter] AST=Constant line=2 MLIR_ops=[]
[visit_enter] AST=Name line=2 MLIR_ops=[]
[visit_enter] AST=Assign line=3 MLIR_ops=[]
[visit_enter] AST=Call line=3 MLIR_ops=[]
[visit_enter] AST=Attribute line=3 MLIR_ops=[]
[visit_enter] AST=Name line=3 MLIR_ops=[]
[visit_enter] AST=Name line=3 MLIR_ops=[]
[visit_enter] AST=BinOp line=3 MLIR_ops=[]
[visit_enter] AST=BinOp line=3 MLIR_ops=[]
[visit_enter] AST=BinOp line=3 MLIR_ops=[]
[visit_enter] AST=List line=3 MLIR_ops=[]
[visit_enter] AST=Load line=0 MLIR_ops=[]
[visit_enter] AST=Constant line=3 MLIR_ops=[]
[visit_enter] AST=BinOp line=3 MLIR_ops=[]
[visit_enter] AST=BinOp line=3 MLIR_ops=[]
[visit_enter] AST=Name line=3 MLIR_ops=[]
[visit_enter] AST=Name line=3 MLIR_ops=[]
[visit_enter] AST=Constant line=3 MLIR_ops=[]
[visit_enter] AST=List line=3 MLIR_ops=[]
[visit_enter] AST=Load line=0 MLIR_ops=[]
[visit_enter] AST=Constant line=3 MLIR_ops=[]
[visit_enter] AST=BinOp line=3 MLIR_ops=[]
[visit_enter] AST=List line=3 MLIR_ops=[]
[visit_enter] AST=Load line=0 MLIR_ops=[]
[visit_enter] AST=Constant line=3 MLIR_ops=[]
[visit_enter] AST=Name line=3 MLIR_ops=[]
[visit_enter] AST=Name line=3 MLIR_ops=[]
[visit_enter] AST=Return line=4 MLIR_ops=[]
[visit_enter] AST=Name line=4 MLIR_ops=[]
[visit_enter] AST=Name line=12 MLIR_ops=[]
[visit_enter] AST=Assign line=15 MLIR_ops=[]
[visit_enter] AST=Call line=15 MLIR_ops=[]
[visit_enter] AST=Attribute line=15 MLIR_ops=[]
[visit_enter] AST=Name line=15 MLIR_ops=[]
[visit_enter] AST=Compare line=15 MLIR_ops=[]
[visit_enter] AST=Compare line=15 MLIR_ops=[]
[visit_enter] AST=Name line=15 MLIR_ops=[]
[visit_enter] AST=Name line=15 MLIR_ops=[]
[visit_enter] AST=BinOp line=15 MLIR_ops=[]
[visit_enter] AST=Name line=15 MLIR_ops=[]
[visit_enter] AST=Name line=15 MLIR_ops=[]
[visit_enter] AST=Name line=15 MLIR_ops=[]
[visit_enter] AST=Name line=15 MLIR_ops=[]
[visit_enter] AST=Name line=15 MLIR_ops=[]
[visit_enter] AST=Return line=16 MLIR_ops=[]
[visit_enter] AST=Name line=16 MLIR_ops=[]
[visit_enter] AST=Name line=18 MLIR_ops=[]
[visit_enter] AST=Return line=19 MLIR_ops=[]
[visit_enter] AST=Name line=19 MLIR_ops=[]
[visit_enter] AST=Name line=28 MLIR_ops=[]
[visit_enter] AST=list line=0 MLIR_ops=[]
[visit_enter] AST=Assign line=28 MLIR_ops=[]
[visit_enter] AST=Call line=28 MLIR_ops=[]
[visit_enter] AST=Name line=28 MLIR_ops=[]
[visit_enter] AST=Name line=28 MLIR_ops=[]
[visit_enter] AST=Name line=28 MLIR_ops=[]
[visit_enter] AST=IfExp line=28 MLIR_ops=[]
[visit_enter] AST=Compare line=28 MLIR_ops=[]
[visit_enter] AST=Name line=28 MLIR_ops=[]
[visit_enter] AST=Name line=28 MLIR_ops=[]
[visit_enter] AST=Constant line=28 MLIR_ops=[]
[visit_enter] AST=Module line=0 MLIR_ops=[]
[visit_enter] AST=FunctionDef line=1 MLIR_ops=[]
[visit_enter] AST=arguments line=0 MLIR_ops=[]
[visit_enter] AST=arg line=1 MLIR_ops=[]
[visit_enter] AST=arg line=1 MLIR_ops=[]
[visit_enter] AST=Attribute line=1 MLIR_ops=[]
[visit_enter] AST=Name line=1 MLIR_ops=[]
[visit_enter] AST=arg line=1 MLIR_ops=[]
[visit_enter] AST=Attribute line=1 MLIR_ops=[]
[visit_enter] AST=Name line=1 MLIR_ops=[]
[visit_enter] AST=list line=0 MLIR_ops=[]
[visit_enter] AST=Expr line=2 MLIR_ops=[]
[visit_enter] AST=Constant line=2 MLIR_ops=[]
[visit_enter] AST=If line=12 MLIR_ops=[]
[visit_enter] AST=Compare line=12 MLIR_ops=[]
[visit_enter] AST=Name line=12 MLIR_ops=[]
[visit_enter] AST=Constant line=12 MLIR_ops=[]
[visit_enter] AST=list line=0 MLIR_ops=[]
[visit_enter] AST=Assign line=13 MLIR_ops=[]
[visit_enter] AST=Call line=13 MLIR_ops=[]
[visit_enter] AST=Name line=13 MLIR_ops=[]
[visit_enter] AST=Call line=13 MLIR_ops=[]
[visit_enter] AST=Name line=13 MLIR_ops=[]
[visit_enter] AST=Attribute line=13 MLIR_ops=[]
[visit_enter] AST=Name line=13 MLIR_ops=[]
[visit_enter] AST=Name line=13 MLIR_ops=[]
[visit_enter] AST=Module line=0 MLIR_ops=[]
[visit_enter] AST=FunctionDef line=1 MLIR_ops=[]
[visit_enter] AST=arguments line=0 MLIR_ops=[]
[visit_enter] AST=arg line=1 MLIR_ops=[]
[visit_enter] AST=Attribute line=1 MLIR_ops=[]
[visit_enter] AST=Name line=1 MLIR_ops=[]
[visit_enter] AST=arg line=1 MLIR_ops=[]
[visit_enter] AST=Attribute line=1 MLIR_ops=[]
[visit_enter] AST=Name line=1 MLIR_ops=[]
[visit_enter] AST=list line=0 MLIR_ops=[]
[visit_enter] AST=Assign line=2 MLIR_ops=[]
[visit_enter] AST=Call line=2 MLIR_ops=[]
[visit_enter] AST=Attribute line=2 MLIR_ops=[]
[visit_enter] AST=Name line=2 MLIR_ops=[]
[visit_enter] AST=Constant line=2 MLIR_ops=[]
[visit_enter] AST=Constant line=2 MLIR_ops=[]
[visit_enter] AST=Name line=2 MLIR_ops=[]
[visit_enter] AST=Assign line=3 MLIR_ops=[]
[visit_enter] AST=Call line=3 MLIR_ops=[]
[visit_enter] AST=Attribute line=3 MLIR_ops=[]
[visit_enter] AST=Name line=3 MLIR_ops=[]
[visit_enter] AST=Name line=3 MLIR_ops=[]
[visit_enter] AST=BinOp line=3 MLIR_ops=[]
[visit_enter] AST=BinOp line=3 MLIR_ops=[]
[visit_enter] AST=BinOp line=3 MLIR_ops=[]
[visit_enter] AST=List line=3 MLIR_ops=[]
[visit_enter] AST=Load line=0 MLIR_ops=[]
[visit_enter] AST=Constant line=3 MLIR_ops=[]
[visit_enter] AST=BinOp line=3 MLIR_ops=[]
[visit_enter] AST=BinOp line=3 MLIR_ops=[]
[visit_enter] AST=Name line=3 MLIR_ops=[]
[visit_enter] AST=Name line=3 MLIR_ops=[]
[visit_enter] AST=Constant line=3 MLIR_ops=[]
[visit_enter] AST=List line=3 MLIR_ops=[]
[visit_enter] AST=Load line=0 MLIR_ops=[]
[visit_enter] AST=Constant line=3 MLIR_ops=[]
[visit_enter] AST=BinOp line=3 MLIR_ops=[]
[visit_enter] AST=List line=3 MLIR_ops=[]
[visit_enter] AST=Load line=0 MLIR_ops=[]
[visit_enter] AST=Constant line=3 MLIR_ops=[]
[visit_enter] AST=Name line=3 MLIR_ops=[]
[visit_enter] AST=Name line=3 MLIR_ops=[]
[visit_enter] AST=Return line=4 MLIR_ops=[]
[visit_enter] AST=Name line=4 MLIR_ops=[]
[visit_enter] AST=Name line=13 MLIR_ops=[]
[visit_enter] AST=For line=17 MLIR_ops=[]
[visit_enter] AST=Attribute line=17 MLIR_ops=[]
[visit_enter] AST=Name line=17 MLIR_ops=[]
[visit_enter] AST=Name line=17 MLIR_ops=[]
[visit_enter] AST=list line=0 MLIR_ops=[]
[visit_enter] AST=Assign line=18 MLIR_ops=[]
[visit_enter] AST=Call line=18 MLIR_ops=[]
[visit_enter] AST=Name line=18 MLIR_ops=[]
[visit_enter] AST=Name line=18 MLIR_ops=[]
[visit_enter] AST=Name line=18 MLIR_ops=[]
[visit_enter] AST=BinOp line=18 MLIR_ops=[]
[visit_enter] AST=BinOp line=18 MLIR_ops=[]
[visit_enter] AST=Name line=18 MLIR_ops=[]
[visit_enter] AST=Constant line=18 MLIR_ops=[]
[visit_enter] AST=Name line=18 MLIR_ops=[]
[visit_enter] AST=Module line=0 MLIR_ops=[]
[visit_enter] AST=FunctionDef line=1 MLIR_ops=[]
[visit_enter] AST=arguments line=0 MLIR_ops=[]
[visit_enter] AST=arg line=1 MLIR_ops=[]
[visit_enter] AST=arg line=1 MLIR_ops=[]
[visit_enter] AST=arg line=1 MLIR_ops=[]
[visit_enter] AST=Attribute line=1 MLIR_ops=[]
[visit_enter] AST=Name line=1 MLIR_ops=[]
[visit_enter] AST=list line=0 MLIR_ops=[]
[visit_enter] AST=AnnAssign line=3 MLIR_ops=[]
[visit_enter] AST=Attribute line=3 MLIR_ops=[]
[visit_enter] AST=Name line=3 MLIR_ops=[]
[visit_enter] AST=Name line=3 MLIR_ops=[]
[visit_enter] AST=Call line=3 MLIR_ops=[]
[visit_enter] AST=Name line=3 MLIR_ops=[]
[visit_enter] AST=Attribute line=3 MLIR_ops=[]
[visit_enter] AST=Name line=3 MLIR_ops=[]
[visit_enter] AST=Assign line=6 MLIR_ops=[]
[visit_enter] AST=Call line=6 MLIR_ops=[]
[visit_enter] AST=Name line=6 MLIR_ops=[]
[visit_enter] AST=keyword line=6 MLIR_ops=[]
[visit_enter] AST=Attribute line=6 MLIR_ops=[]
[visit_enter] AST=Attribute line=6 MLIR_ops=[]
[visit_enter] AST=Name line=6 MLIR_ops=[]
[visit_enter] AST=keyword line=6 MLIR_ops=[]
[visit_enter] AST=Constant line=6 MLIR_ops=[]
[visit_enter] AST=Name line=6 MLIR_ops=[]
[visit_enter] AST=Assign line=7 MLIR_ops=[]
[visit_enter] AST=Call line=7 MLIR_ops=[]
[visit_enter] AST=Attribute line=7 MLIR_ops=[]
[visit_enter] AST=Name line=7 MLIR_ops=[]
[visit_enter] AST=keyword line=7 MLIR_ops=[]
[visit_enter] AST=Constant line=7 MLIR_ops=[]
[visit_enter] AST=Name line=7 MLIR_ops=[]
[visit_enter] AST=Name line=7 MLIR_ops=[]
[visit_enter] AST=Assign line=8 MLIR_ops=[]
[visit_enter] AST=BinOp line=8 MLIR_ops=[]
[visit_enter] AST=Name line=8 MLIR_ops=[]
[visit_enter] AST=Call line=8 MLIR_ops=[]
[visit_enter] AST=Name line=8 MLIR_ops=[]
[visit_enter] AST=Name line=8 MLIR_ops=[]
[visit_enter] AST=BinOp line=8 MLIR_ops=[]
[visit_enter] AST=BinOp line=8 MLIR_ops=[]
[visit_enter] AST=Name line=8 MLIR_ops=[]
[visit_enter] AST=Constant line=8 MLIR_ops=[]
[visit_enter] AST=Name line=8 MLIR_ops=[]
[visit_enter] AST=Constant line=8 MLIR_ops=[]
[visit_enter] AST=Module line=0 MLIR_ops=[]
[visit_enter] AST=FunctionDef line=1 MLIR_ops=[]
[visit_enter] AST=arguments line=0 MLIR_ops=[]
[visit_enter] AST=arg line=1 MLIR_ops=[]
[visit_enter] AST=arg line=1 MLIR_ops=[]
[visit_enter] AST=arg line=1 MLIR_ops=[]
[visit_enter] AST=Assign line=0 MLIR_ops=[]
[visit_enter] AST=Constant line=1 MLIR_ops=[]
[visit_enter] AST=Name line=0 MLIR_ops=[]
[visit_enter] AST=Assign line=0 MLIR_ops=[]
[visit_enter] AST=Constant line=1 MLIR_ops=[]
[visit_enter] AST=Name line=0 MLIR_ops=[]
[visit_enter] AST=list line=0 MLIR_ops=[]
[visit_enter] AST=Expr line=2 MLIR_ops=[]
[visit_enter] AST=Call line=2 MLIR_ops=[]
[visit_enter] AST=Attribute line=2 MLIR_ops=[]
[visit_enter] AST=Name line=2 MLIR_ops=[]
[visit_enter] AST=Call line=2 MLIR_ops=[]
[visit_enter] AST=Attribute line=2 MLIR_ops=[]
[visit_enter] AST=Attribute line=2 MLIR_ops=[]
[visit_enter] AST=Attribute line=2 MLIR_ops=[]
[visit_enter] AST=Name line=2 MLIR_ops=[]
[visit_enter] AST=Return line=3 MLIR_ops=[]
[visit_enter] AST=Call line=3 MLIR_ops=[]
[visit_enter] AST=Attribute line=3 MLIR_ops=[]
[visit_enter] AST=Name line=3 MLIR_ops=[]
[visit_enter] AST=keyword line=3 MLIR_ops=[]
[visit_enter] AST=Name line=3 MLIR_ops=[]
[visit_enter] AST=Name line=3 MLIR_ops=[]
[visit_enter] AST=Name line=3 MLIR_ops=[]
[visit_enter] AST=Name line=3 MLIR_ops=[]
[visit_enter] AST=Name line=8 MLIR_ops=[]
[visit_enter] AST=Assign line=9 MLIR_ops=[]
[visit_enter] AST=Call line=9 MLIR_ops=[]
[visit_enter] AST=Attribute line=9 MLIR_ops=[]
[visit_enter] AST=Name line=9 MLIR_ops=[]
[visit_enter] AST=keyword line=9 MLIR_ops=[]
[visit_enter] AST=Constant line=9 MLIR_ops=[]
[visit_enter] AST=Attribute line=9 MLIR_ops=[]
[visit_enter] AST=Name line=9 MLIR_ops=[]
[visit_enter] AST=Name line=9 MLIR_ops=[]
[visit_enter] AST=Assign line=12 MLIR_ops=[]
[visit_enter] AST=Call line=12 MLIR_ops=[]
[visit_enter] AST=Name line=12 MLIR_ops=[]
[visit_enter] AST=Name line=12 MLIR_ops=[]
[visit_enter] AST=Name line=12 MLIR_ops=[]
[visit_enter] AST=Name line=12 MLIR_ops=[]
[visit_enter] AST=Assign line=15 MLIR_ops=[]
[visit_enter] AST=Call line=15 MLIR_ops=[]
[visit_enter] AST=Attribute line=15 MLIR_ops=[]
[visit_enter] AST=Name line=15 MLIR_ops=[]
[visit_enter] AST=Compare line=15 MLIR_ops=[]
[visit_enter] AST=Compare line=15 MLIR_ops=[]
[visit_enter] AST=Name line=15 MLIR_ops=[]
[visit_enter] AST=Name line=15 MLIR_ops=[]
[visit_enter] AST=BinOp line=15 MLIR_ops=[]
[visit_enter] AST=Name line=15 MLIR_ops=[]
[visit_enter] AST=Name line=15 MLIR_ops=[]
[visit_enter] AST=Name line=15 MLIR_ops=[]
[visit_enter] AST=Name line=15 MLIR_ops=[]
[visit_enter] AST=Name line=15 MLIR_ops=[]
[visit_enter] AST=Return line=16 MLIR_ops=[]
[visit_enter] AST=Name line=16 MLIR_ops=[]
[visit_enter] AST=Name line=18 MLIR_ops=[]
[visit_enter] AST=list line=0 MLIR_ops=[]
[visit_enter] AST=Assign line=18 MLIR_ops=[]
[visit_enter] AST=Call line=18 MLIR_ops=[]
[visit_enter] AST=Name line=18 MLIR_ops=[]
[visit_enter] AST=Name line=18 MLIR_ops=[]
[visit_enter] AST=Name line=18 MLIR_ops=[]
[visit_enter] AST=BinOp line=18 MLIR_ops=[]
[visit_enter] AST=BinOp line=18 MLIR_ops=[]
[visit_enter] AST=Name line=18 MLIR_ops=[]
[visit_enter] AST=Constant line=18 MLIR_ops=[]
[visit_enter] AST=Name line=18 MLIR_ops=[]
[visit_enter] AST=Module line=0 MLIR_ops=[]
[visit_enter] AST=FunctionDef line=1 MLIR_ops=[]
[visit_enter] AST=arguments line=0 MLIR_ops=[]
[visit_enter] AST=arg line=1 MLIR_ops=[]
[visit_enter] AST=arg line=1 MLIR_ops=[]
[visit_enter] AST=arg line=1 MLIR_ops=[]
[visit_enter] AST=Attribute line=1 MLIR_ops=[]
[visit_enter] AST=Name line=1 MLIR_ops=[]
[visit_enter] AST=list line=0 MLIR_ops=[]
[visit_enter] AST=AnnAssign line=3 MLIR_ops=[]
[visit_enter] AST=Attribute line=3 MLIR_ops=[]
[visit_enter] AST=Name line=3 MLIR_ops=[]
[visit_enter] AST=Name line=3 MLIR_ops=[]
[visit_enter] AST=Call line=3 MLIR_ops=[]
[visit_enter] AST=Name line=3 MLIR_ops=[]
[visit_enter] AST=Attribute line=3 MLIR_ops=[]
[visit_enter] AST=Name line=3 MLIR_ops=[]
[visit_enter] AST=Assign line=6 MLIR_ops=[]
[visit_enter] AST=Call line=6 MLIR_ops=[]
[visit_enter] AST=Name line=6 MLIR_ops=[]
[visit_enter] AST=keyword line=6 MLIR_ops=[]
[visit_enter] AST=Attribute line=6 MLIR_ops=[]
[visit_enter] AST=Attribute line=6 MLIR_ops=[]
[visit_enter] AST=Name line=6 MLIR_ops=[]
[visit_enter] AST=keyword line=6 MLIR_ops=[]
[visit_enter] AST=Constant line=6 MLIR_ops=[]
[visit_enter] AST=Name line=6 MLIR_ops=[]
[visit_enter] AST=Assign line=7 MLIR_ops=[]
[visit_enter] AST=Call line=7 MLIR_ops=[]
[visit_enter] AST=Attribute line=7 MLIR_ops=[]
[visit_enter] AST=Name line=7 MLIR_ops=[]
[visit_enter] AST=keyword line=7 MLIR_ops=[]
[visit_enter] AST=Constant line=7 MLIR_ops=[]
[visit_enter] AST=Name line=7 MLIR_ops=[]
[visit_enter] AST=Name line=7 MLIR_ops=[]
[visit_enter] AST=Assign line=8 MLIR_ops=[]
[visit_enter] AST=BinOp line=8 MLIR_ops=[]
[visit_enter] AST=Name line=8 MLIR_ops=[]
[visit_enter] AST=Call line=8 MLIR_ops=[]
[visit_enter] AST=Name line=8 MLIR_ops=[]
[visit_enter] AST=Name line=8 MLIR_ops=[]
[visit_enter] AST=BinOp line=8 MLIR_ops=[]
[visit_enter] AST=BinOp line=8 MLIR_ops=[]
[visit_enter] AST=Name line=8 MLIR_ops=[]
[visit_enter] AST=Constant line=8 MLIR_ops=[]
[visit_enter] AST=Name line=8 MLIR_ops=[]
[visit_enter] AST=Constant line=8 MLIR_ops=[]
[visit_enter] AST=Name line=8 MLIR_ops=[]
[visit_enter] AST=Assign line=9 MLIR_ops=[]
[visit_enter] AST=Call line=9 MLIR_ops=[]
[visit_enter] AST=Attribute line=9 MLIR_ops=[]
[visit_enter] AST=Name line=9 MLIR_ops=[]
[visit_enter] AST=keyword line=9 MLIR_ops=[]
[visit_enter] AST=Constant line=9 MLIR_ops=[]
[visit_enter] AST=Attribute line=9 MLIR_ops=[]
[visit_enter] AST=Name line=9 MLIR_ops=[]
[visit_enter] AST=Name line=9 MLIR_ops=[]
[visit_enter] AST=Assign line=12 MLIR_ops=[]
[visit_enter] AST=Call line=12 MLIR_ops=[]
[visit_enter] AST=Name line=12 MLIR_ops=[]
[visit_enter] AST=Name line=12 MLIR_ops=[]
[visit_enter] AST=Name line=12 MLIR_ops=[]
[visit_enter] AST=Name line=12 MLIR_ops=[]
[visit_enter] AST=Assign line=15 MLIR_ops=[]
[visit_enter] AST=Call line=15 MLIR_ops=[]
[visit_enter] AST=Attribute line=15 MLIR_ops=[]
[visit_enter] AST=Name line=15 MLIR_ops=[]
[visit_enter] AST=Compare line=15 MLIR_ops=[]
[visit_enter] AST=Compare line=15 MLIR_ops=[]
[visit_enter] AST=Name line=15 MLIR_ops=[]
[visit_enter] AST=Name line=15 MLIR_ops=[]
[visit_enter] AST=BinOp line=15 MLIR_ops=[]
[visit_enter] AST=Name line=15 MLIR_ops=[]
[visit_enter] AST=Name line=15 MLIR_ops=[]
[visit_enter] AST=Name line=15 MLIR_ops=[]
[visit_enter] AST=Name line=15 MLIR_ops=[]
[visit_enter] AST=Name line=15 MLIR_ops=[]
[visit_enter] AST=Return line=16 MLIR_ops=[]
[visit_enter] AST=Name line=16 MLIR_ops=[]
[visit_enter] AST=Name line=18 MLIR_ops=[]
[visit_enter] AST=Return line=19 MLIR_ops=[]
[visit_enter] AST=Name line=19 MLIR_ops=[]
[visit_enter] AST=Name line=28 MLIR_ops=[]
[visit_enter] AST=list line=0 MLIR_ops=[]
[visit_enter] AST=Assign line=28 MLIR_ops=[]
[visit_enter] AST=Call line=28 MLIR_ops=[]
[visit_enter] AST=Name line=28 MLIR_ops=[]
[visit_enter] AST=Name line=28 MLIR_ops=[]
[visit_enter] AST=Name line=28 MLIR_ops=[]
[visit_enter] AST=IfExp line=28 MLIR_ops=[]
[visit_enter] AST=Compare line=28 MLIR_ops=[]
[visit_enter] AST=Name line=28 MLIR_ops=[]
[visit_enter] AST=Name line=28 MLIR_ops=[]
[visit_enter] AST=Constant line=28 MLIR_ops=[]
[visit_enter] AST=Module line=0 MLIR_ops=[]
[visit_enter] AST=FunctionDef line=1 MLIR_ops=[]
[visit_enter] AST=arguments line=0 MLIR_ops=[]
[visit_enter] AST=arg line=1 MLIR_ops=[]
[visit_enter] AST=arg line=1 MLIR_ops=[]
[visit_enter] AST=Attribute line=1 MLIR_ops=[]
[visit_enter] AST=Name line=1 MLIR_ops=[]
[visit_enter] AST=arg line=1 MLIR_ops=[]
[visit_enter] AST=Attribute line=1 MLIR_ops=[]
[visit_enter] AST=Name line=1 MLIR_ops=[]
[visit_enter] AST=list line=0 MLIR_ops=[]
[visit_enter] AST=Expr line=2 MLIR_ops=[]
[visit_enter] AST=Constant line=2 MLIR_ops=[]
[visit_enter] AST=If line=12 MLIR_ops=[]
[visit_enter] AST=Compare line=12 MLIR_ops=[]
[visit_enter] AST=Name line=12 MLIR_ops=[]
[visit_enter] AST=Constant line=12 MLIR_ops=[]
[visit_enter] AST=list line=0 MLIR_ops=[]
[visit_enter] AST=Assign line=13 MLIR_ops=[]
[visit_enter] AST=Call line=13 MLIR_ops=[]
[visit_enter] AST=Name line=13 MLIR_ops=[]
[visit_enter] AST=Call line=13 MLIR_ops=[]
[visit_enter] AST=Name line=13 MLIR_ops=[]
[visit_enter] AST=Attribute line=13 MLIR_ops=[]
[visit_enter] AST=Name line=13 MLIR_ops=[]
[visit_enter] AST=Name line=13 MLIR_ops=[]
[visit_enter] AST=Module line=0 MLIR_ops=[]
[visit_enter] AST=FunctionDef line=1 MLIR_ops=[]
[visit_enter] AST=arguments line=0 MLIR_ops=[]
[visit_enter] AST=arg line=1 MLIR_ops=[]
[visit_enter] AST=Attribute line=1 MLIR_ops=[]
[visit_enter] AST=Name line=1 MLIR_ops=[]
[visit_enter] AST=arg line=1 MLIR_ops=[]
[visit_enter] AST=Attribute line=1 MLIR_ops=[]
[visit_enter] AST=Name line=1 MLIR_ops=[]
[visit_enter] AST=list line=0 MLIR_ops=[]
[visit_enter] AST=Assign line=2 MLIR_ops=[]
[visit_enter] AST=Call line=2 MLIR_ops=[]
[visit_enter] AST=Attribute line=2 MLIR_ops=[]
[visit_enter] AST=Name line=2 MLIR_ops=[]
[visit_enter] AST=Constant line=2 MLIR_ops=[]
[visit_enter] AST=Constant line=2 MLIR_ops=[]
[visit_enter] AST=Name line=2 MLIR_ops=[]
[visit_enter] AST=Assign line=3 MLIR_ops=[]
[visit_enter] AST=Call line=3 MLIR_ops=[]
[visit_enter] AST=Attribute line=3 MLIR_ops=[]
[visit_enter] AST=Name line=3 MLIR_ops=[]
[visit_enter] AST=Name line=3 MLIR_ops=[]
[visit_enter] AST=BinOp line=3 MLIR_ops=[]
[visit_enter] AST=BinOp line=3 MLIR_ops=[]
[visit_enter] AST=BinOp line=3 MLIR_ops=[]
[visit_enter] AST=List line=3 MLIR_ops=[]
[visit_enter] AST=Load line=0 MLIR_ops=[]
[visit_enter] AST=Constant line=3 MLIR_ops=[]
[visit_enter] AST=BinOp line=3 MLIR_ops=[]
[visit_enter] AST=BinOp line=3 MLIR_ops=[]
[visit_enter] AST=Name line=3 MLIR_ops=[]
[visit_enter] AST=Name line=3 MLIR_ops=[]
[visit_enter] AST=Constant line=3 MLIR_ops=[]
[visit_enter] AST=List line=3 MLIR_ops=[]
[visit_enter] AST=Load line=0 MLIR_ops=[]
[visit_enter] AST=Constant line=3 MLIR_ops=[]
[visit_enter] AST=BinOp line=3 MLIR_ops=[]
[visit_enter] AST=List line=3 MLIR_ops=[]
[visit_enter] AST=Load line=0 MLIR_ops=[]
[visit_enter] AST=Constant line=3 MLIR_ops=[]
[visit_enter] AST=Name line=3 MLIR_ops=[]
[visit_enter] AST=Name line=3 MLIR_ops=[]
[visit_enter] AST=Return line=4 MLIR_ops=[]
[visit_enter] AST=Name line=4 MLIR_ops=[]
[visit_enter] AST=Name line=13 MLIR_ops=[]
[visit_enter] AST=For line=17 MLIR_ops=[]
[visit_enter] AST=Attribute line=17 MLIR_ops=[]
[visit_enter] AST=Name line=17 MLIR_ops=[]
[visit_enter] AST=Name line=17 MLIR_ops=[]
[visit_enter] AST=list line=0 MLIR_ops=[]
[visit_enter] AST=Assign line=18 MLIR_ops=[]
[visit_enter] AST=Call line=18 MLIR_ops=[]
[visit_enter] AST=Name line=18 MLIR_ops=[]
[visit_enter] AST=Name line=18 MLIR_ops=[]
[visit_enter] AST=Name line=18 MLIR_ops=[]
[visit_enter] AST=BinOp line=18 MLIR_ops=[]
[visit_enter] AST=BinOp line=18 MLIR_ops=[]
[visit_enter] AST=Name line=18 MLIR_ops=[]
[visit_enter] AST=Constant line=18 MLIR_ops=[]
[visit_enter] AST=Name line=18 MLIR_ops=[]
[visit_enter] AST=Module line=0 MLIR_ops=[]
[visit_enter] AST=FunctionDef line=1 MLIR_ops=[]
[visit_enter] AST=arguments line=0 MLIR_ops=[]
[visit_enter] AST=arg line=1 MLIR_ops=[]
[visit_enter] AST=arg line=1 MLIR_ops=[]
[visit_enter] AST=arg line=1 MLIR_ops=[]
[visit_enter] AST=Attribute line=1 MLIR_ops=[]
[visit_enter] AST=Name line=1 MLIR_ops=[]
[visit_enter] AST=list line=0 MLIR_ops=[]
[visit_enter] AST=AnnAssign line=3 MLIR_ops=[]
[visit_enter] AST=Attribute line=3 MLIR_ops=[]
[visit_enter] AST=Name line=3 MLIR_ops=[]
[visit_enter] AST=Name line=3 MLIR_ops=[]
[visit_enter] AST=Call line=3 MLIR_ops=[]
[visit_enter] AST=Name line=3 MLIR_ops=[]
[visit_enter] AST=Attribute line=3 MLIR_ops=[]
[visit_enter] AST=Name line=3 MLIR_ops=[]
[visit_enter] AST=Assign line=6 MLIR_ops=[]
[visit_enter] AST=Call line=6 MLIR_ops=[]
[visit_enter] AST=Name line=6 MLIR_ops=[]
[visit_enter] AST=keyword line=6 MLIR_ops=[]
[visit_enter] AST=Attribute line=6 MLIR_ops=[]
[visit_enter] AST=Attribute line=6 MLIR_ops=[]
[visit_enter] AST=Name line=6 MLIR_ops=[]
[visit_enter] AST=keyword line=6 MLIR_ops=[]
[visit_enter] AST=Constant line=6 MLIR_ops=[]
[visit_enter] AST=Name line=6 MLIR_ops=[]
[visit_enter] AST=Assign line=7 MLIR_ops=[]
[visit_enter] AST=Call line=7 MLIR_ops=[]
[visit_enter] AST=Attribute line=7 MLIR_ops=[]
[visit_enter] AST=Name line=7 MLIR_ops=[]
[visit_enter] AST=keyword line=7 MLIR_ops=[]
[visit_enter] AST=Constant line=7 MLIR_ops=[]
[visit_enter] AST=Name line=7 MLIR_ops=[]
[visit_enter] AST=Name line=7 MLIR_ops=[]
[visit_enter] AST=Assign line=8 MLIR_ops=[]
[visit_enter] AST=BinOp line=8 MLIR_ops=[]
[visit_enter] AST=Name line=8 MLIR_ops=[]
[visit_enter] AST=Call line=8 MLIR_ops=[]
[visit_enter] AST=Name line=8 MLIR_ops=[]
[visit_enter] AST=Name line=8 MLIR_ops=[]
[visit_enter] AST=BinOp line=8 MLIR_ops=[]
[visit_enter] AST=BinOp line=8 MLIR_ops=[]
[visit_enter] AST=Name line=8 MLIR_ops=[]
[visit_enter] AST=Constant line=8 MLIR_ops=[]
[visit_enter] AST=Name line=8 MLIR_ops=[]
[visit_enter] AST=Constant line=8 MLIR_ops=[]
[visit_enter] AST=Module line=0 MLIR_ops=[]
[visit_enter] AST=FunctionDef line=1 MLIR_ops=[]
[visit_enter] AST=arguments line=0 MLIR_ops=[]
[visit_enter] AST=arg line=1 MLIR_ops=[]
[visit_enter] AST=arg line=1 MLIR_ops=[]
[visit_enter] AST=arg line=1 MLIR_ops=[]
[visit_enter] AST=Assign line=0 MLIR_ops=[]
[visit_enter] AST=Constant line=1 MLIR_ops=[]
[visit_enter] AST=Name line=0 MLIR_ops=[]
[visit_enter] AST=Assign line=0 MLIR_ops=[]
[visit_enter] AST=Constant line=1 MLIR_ops=[]
[visit_enter] AST=Name line=0 MLIR_ops=[]
[visit_enter] AST=list line=0 MLIR_ops=[]
[visit_enter] AST=Expr line=2 MLIR_ops=[]
[visit_enter] AST=Call line=2 MLIR_ops=[]
[visit_enter] AST=Attribute line=2 MLIR_ops=[]
[visit_enter] AST=Name line=2 MLIR_ops=[]
[visit_enter] AST=Call line=2 MLIR_ops=[]
[visit_enter] AST=Attribute line=2 MLIR_ops=[]
[visit_enter] AST=Attribute line=2 MLIR_ops=[]
[visit_enter] AST=Attribute line=2 MLIR_ops=[]
[visit_enter] AST=Name line=2 MLIR_ops=[]
[visit_enter] AST=Return line=3 MLIR_ops=[]
[visit_enter] AST=Call line=3 MLIR_ops=[]
[visit_enter] AST=Attribute line=3 MLIR_ops=[]
[visit_enter] AST=Name line=3 MLIR_ops=[]
[visit_enter] AST=keyword line=3 MLIR_ops=[]
[visit_enter] AST=Name line=3 MLIR_ops=[]
[visit_enter] AST=Name line=3 MLIR_ops=[]
[visit_enter] AST=Name line=3 MLIR_ops=[]
[visit_enter] AST=Name line=3 MLIR_ops=[]
[visit_enter] AST=Name line=8 MLIR_ops=[]
[visit_enter] AST=Assign line=9 MLIR_ops=[]
[visit_enter] AST=Call line=9 MLIR_ops=[]
[visit_enter] AST=Attribute line=9 MLIR_ops=[]
[visit_enter] AST=Name line=9 MLIR_ops=[]
[visit_enter] AST=keyword line=9 MLIR_ops=[]
[visit_enter] AST=Constant line=9 MLIR_ops=[]
[visit_enter] AST=Attribute line=9 MLIR_ops=[]
[visit_enter] AST=Name line=9 MLIR_ops=[]
[visit_enter] AST=Name line=9 MLIR_ops=[]
[visit_enter] AST=Assign line=12 MLIR_ops=[]
[visit_enter] AST=Call line=12 MLIR_ops=[]
[visit_enter] AST=Name line=12 MLIR_ops=[]
[visit_enter] AST=Name line=12 MLIR_ops=[]
[visit_enter] AST=Name line=12 MLIR_ops=[]
[visit_enter] AST=Name line=12 MLIR_ops=[]
[visit_enter] AST=Assign line=15 MLIR_ops=[]
[visit_enter] AST=Call line=15 MLIR_ops=[]
[visit_enter] AST=Attribute line=15 MLIR_ops=[]
[visit_enter] AST=Name line=15 MLIR_ops=[]
[visit_enter] AST=Compare line=15 MLIR_ops=[]
[visit_enter] AST=Compare line=15 MLIR_ops=[]
[visit_enter] AST=Name line=15 MLIR_ops=[]
[visit_enter] AST=Name line=15 MLIR_ops=[]
[visit_enter] AST=BinOp line=15 MLIR_ops=[]
[visit_enter] AST=Name line=15 MLIR_ops=[]
[visit_enter] AST=Name line=15 MLIR_ops=[]
[visit_enter] AST=Name line=15 MLIR_ops=[]
[visit_enter] AST=Name line=15 MLIR_ops=[]
[visit_enter] AST=Name line=15 MLIR_ops=[]
[visit_enter] AST=Return line=16 MLIR_ops=[]
[visit_enter] AST=Name line=16 MLIR_ops=[]
[visit_enter] AST=Name line=18 MLIR_ops=[]
[visit_enter] AST=list line=0 MLIR_ops=[]
[visit_enter] AST=Assign line=18 MLIR_ops=[]
[visit_enter] AST=Call line=18 MLIR_ops=[]
[visit_enter] AST=Name line=18 MLIR_ops=[]
[visit_enter] AST=Name line=18 MLIR_ops=[]
[visit_enter] AST=Name line=18 MLIR_ops=[]
[visit_enter] AST=BinOp line=18 MLIR_ops=[]
[visit_enter] AST=BinOp line=18 MLIR_ops=[]
[visit_enter] AST=Name line=18 MLIR_ops=[]
[visit_enter] AST=Constant line=18 MLIR_ops=[]
[visit_enter] AST=Name line=18 MLIR_ops=[]
[visit_enter] AST=Module line=0 MLIR_ops=[]
[visit_enter] AST=FunctionDef line=1 MLIR_ops=[]
[visit_enter] AST=arguments line=0 MLIR_ops=[]
[visit_enter] AST=arg line=1 MLIR_ops=[]
[visit_enter] AST=arg line=1 MLIR_ops=[]
[visit_enter] AST=arg line=1 MLIR_ops=[]
[visit_enter] AST=Attribute line=1 MLIR_ops=[]
[visit_enter] AST=Name line=1 MLIR_ops=[]
[visit_enter] AST=list line=0 MLIR_ops=[]
[visit_enter] AST=AnnAssign line=3 MLIR_ops=[]
[visit_enter] AST=Attribute line=3 MLIR_ops=[]
[visit_enter] AST=Name line=3 MLIR_ops=[]
[visit_enter] AST=Name line=3 MLIR_ops=[]
[visit_enter] AST=Call line=3 MLIR_ops=[]
[visit_enter] AST=Name line=3 MLIR_ops=[]
[visit_enter] AST=Attribute line=3 MLIR_ops=[]
[visit_enter] AST=Name line=3 MLIR_ops=[]
[visit_enter] AST=Assign line=6 MLIR_ops=[]
[visit_enter] AST=Call line=6 MLIR_ops=[]
[visit_enter] AST=Name line=6 MLIR_ops=[]
[visit_enter] AST=keyword line=6 MLIR_ops=[]
[visit_enter] AST=Attribute line=6 MLIR_ops=[]
[visit_enter] AST=Attribute line=6 MLIR_ops=[]
[visit_enter] AST=Name line=6 MLIR_ops=[]
[visit_enter] AST=keyword line=6 MLIR_ops=[]
[visit_enter] AST=Constant line=6 MLIR_ops=[]
[visit_enter] AST=Name line=6 MLIR_ops=[]
[visit_enter] AST=Assign line=7 MLIR_ops=[]
[visit_enter] AST=Call line=7 MLIR_ops=[]
[visit_enter] AST=Attribute line=7 MLIR_ops=[]
[visit_enter] AST=Name line=7 MLIR_ops=[]
[visit_enter] AST=keyword line=7 MLIR_ops=[]
[visit_enter] AST=Constant line=7 MLIR_ops=[]
[visit_enter] AST=Name line=7 MLIR_ops=[]
[visit_enter] AST=Name line=7 MLIR_ops=[]
[visit_enter] AST=Assign line=8 MLIR_ops=[]
[visit_enter] AST=BinOp line=8 MLIR_ops=[]
[visit_enter] AST=Name line=8 MLIR_ops=[]
[visit_enter] AST=Call line=8 MLIR_ops=[]
[visit_enter] AST=Name line=8 MLIR_ops=[]
[visit_enter] AST=Name line=8 MLIR_ops=[]
[visit_enter] AST=BinOp line=8 MLIR_ops=[]
[visit_enter] AST=BinOp line=8 MLIR_ops=[]
[visit_enter] AST=Name line=8 MLIR_ops=[]
[visit_enter] AST=Constant line=8 MLIR_ops=[]
[visit_enter] AST=Name line=8 MLIR_ops=[]
[visit_enter] AST=Constant line=8 MLIR_ops=[]
[visit_enter] AST=Name line=8 MLIR_ops=[]
[visit_enter] AST=Assign line=9 MLIR_ops=[]
[visit_enter] AST=Call line=9 MLIR_ops=[]
[visit_enter] AST=Attribute line=9 MLIR_ops=[]
[visit_enter] AST=Name line=9 MLIR_ops=[]
[visit_enter] AST=keyword line=9 MLIR_ops=[]
[visit_enter] AST=Constant line=9 MLIR_ops=[]
[visit_enter] AST=Attribute line=9 MLIR_ops=[]
[visit_enter] AST=Name line=9 MLIR_ops=[]
[visit_enter] AST=Name line=9 MLIR_ops=[]
[visit_enter] AST=Assign line=12 MLIR_ops=[]
[visit_enter] AST=Call line=12 MLIR_ops=[]
[visit_enter] AST=Name line=12 MLIR_ops=[]
[visit_enter] AST=Name line=12 MLIR_ops=[]
[visit_enter] AST=Name line=12 MLIR_ops=[]
[visit_enter] AST=Name line=12 MLIR_ops=[]
[visit_enter] AST=Assign line=15 MLIR_ops=[]
[visit_enter] AST=Call line=15 MLIR_ops=[]
[visit_enter] AST=Attribute line=15 MLIR_ops=[]
[visit_enter] AST=Name line=15 MLIR_ops=[]
[visit_enter] AST=Compare line=15 MLIR_ops=[]
[visit_enter] AST=Compare line=15 MLIR_ops=[]
[visit_enter] AST=Name line=15 MLIR_ops=[]
[visit_enter] AST=Name line=15 MLIR_ops=[]
[visit_enter] AST=BinOp line=15 MLIR_ops=[]
[visit_enter] AST=Name line=15 MLIR_ops=[]
[visit_enter] AST=Name line=15 MLIR_ops=[]
[visit_enter] AST=Name line=15 MLIR_ops=[]
[visit_enter] AST=Name line=15 MLIR_ops=[]
[visit_enter] AST=Name line=15 MLIR_ops=[]
[visit_enter] AST=Return line=16 MLIR_ops=[]
[visit_enter] AST=Name line=16 MLIR_ops=[]
[visit_enter] AST=Name line=18 MLIR_ops=[]
[visit_enter] AST=list line=0 MLIR_ops=[]
[visit_enter] AST=Assign line=18 MLIR_ops=[]
[visit_enter] AST=Call line=18 MLIR_ops=[]
[visit_enter] AST=Name line=18 MLIR_ops=[]
[visit_enter] AST=Name line=18 MLIR_ops=[]
[visit_enter] AST=Name line=18 MLIR_ops=[]
[visit_enter] AST=BinOp line=18 MLIR_ops=[]
[visit_enter] AST=BinOp line=18 MLIR_ops=[]
[visit_enter] AST=Name line=18 MLIR_ops=[]
[visit_enter] AST=Constant line=18 MLIR_ops=[]
[visit_enter] AST=Name line=18 MLIR_ops=[]
[visit_enter] AST=Module line=0 MLIR_ops=[]
[visit_enter] AST=FunctionDef line=1 MLIR_ops=[]
[visit_enter] AST=arguments line=0 MLIR_ops=[]
[visit_enter] AST=arg line=1 MLIR_ops=[]
[visit_enter] AST=arg line=1 MLIR_ops=[]
[visit_enter] AST=arg line=1 MLIR_ops=[]
[visit_enter] AST=Attribute line=1 MLIR_ops=[]
[visit_enter] AST=Name line=1 MLIR_ops=[]
[visit_enter] AST=list line=0 MLIR_ops=[]
[visit_enter] AST=AnnAssign line=3 MLIR_ops=[]
[visit_enter] AST=Attribute line=3 MLIR_ops=[]
[visit_enter] AST=Name line=3 MLIR_ops=[]
[visit_enter] AST=Name line=3 MLIR_ops=[]
[visit_enter] AST=Call line=3 MLIR_ops=[]
[visit_enter] AST=Name line=3 MLIR_ops=[]
[visit_enter] AST=Attribute line=3 MLIR_ops=[]
[visit_enter] AST=Name line=3 MLIR_ops=[]
[visit_enter] AST=Assign line=6 MLIR_ops=[]
[visit_enter] AST=Call line=6 MLIR_ops=[]
[visit_enter] AST=Name line=6 MLIR_ops=[]
[visit_enter] AST=keyword line=6 MLIR_ops=[]
[visit_enter] AST=Attribute line=6 MLIR_ops=[]
[visit_enter] AST=Attribute line=6 MLIR_ops=[]
[visit_enter] AST=Name line=6 MLIR_ops=[]
[visit_enter] AST=keyword line=6 MLIR_ops=[]
[visit_enter] AST=Constant line=6 MLIR_ops=[]
[visit_enter] AST=Name line=6 MLIR_ops=[]
[visit_enter] AST=Assign line=7 MLIR_ops=[]
[visit_enter] AST=Call line=7 MLIR_ops=[]
[visit_enter] AST=Attribute line=7 MLIR_ops=[]
[visit_enter] AST=Name line=7 MLIR_ops=[]
[visit_enter] AST=keyword line=7 MLIR_ops=[]
[visit_enter] AST=Constant line=7 MLIR_ops=[]
[visit_enter] AST=Name line=7 MLIR_ops=[]
[visit_enter] AST=Name line=7 MLIR_ops=[]
[visit_enter] AST=Assign line=8 MLIR_ops=[]
[visit_enter] AST=BinOp line=8 MLIR_ops=[]
[visit_enter] AST=Name line=8 MLIR_ops=[]
[visit_enter] AST=Call line=8 MLIR_ops=[]
[visit_enter] AST=Name line=8 MLIR_ops=[]
[visit_enter] AST=Name line=8 MLIR_ops=[]
[visit_enter] AST=BinOp line=8 MLIR_ops=[]
[visit_enter] AST=BinOp line=8 MLIR_ops=[]
[visit_enter] AST=Name line=8 MLIR_ops=[]
[visit_enter] AST=Constant line=8 MLIR_ops=[]
[visit_enter] AST=Name line=8 MLIR_ops=[]
[visit_enter] AST=Constant line=8 MLIR_ops=[]
[visit_enter] AST=Name line=8 MLIR_ops=[]
[visit_enter] AST=Assign line=9 MLIR_ops=[]
[visit_enter] AST=Call line=9 MLIR_ops=[]
[visit_enter] AST=Attribute line=9 MLIR_ops=[]
[visit_enter] AST=Name line=9 MLIR_ops=[]
[visit_enter] AST=keyword line=9 MLIR_ops=[]
[visit_enter] AST=Constant line=9 MLIR_ops=[]
[visit_enter] AST=Attribute line=9 MLIR_ops=[]
[visit_enter] AST=Name line=9 MLIR_ops=[]
[visit_enter] AST=Name line=9 MLIR_ops=[]
[visit_enter] AST=Assign line=12 MLIR_ops=[]
[visit_enter] AST=Call line=12 MLIR_ops=[]
[visit_enter] AST=Name line=12 MLIR_ops=[]
[visit_enter] AST=Name line=12 MLIR_ops=[]
[visit_enter] AST=Name line=12 MLIR_ops=[]
[visit_enter] AST=Name line=12 MLIR_ops=[]
[visit_enter] AST=Assign line=15 MLIR_ops=[]
[visit_enter] AST=Call line=15 MLIR_ops=[]
[visit_enter] AST=Attribute line=15 MLIR_ops=[]
[visit_enter] AST=Name line=15 MLIR_ops=[]
[visit_enter] AST=Compare line=15 MLIR_ops=[]
[visit_enter] AST=Compare line=15 MLIR_ops=[]
[visit_enter] AST=Name line=15 MLIR_ops=[]
[visit_enter] AST=Name line=15 MLIR_ops=[]
[visit_enter] AST=BinOp line=15 MLIR_ops=[]
[visit_enter] AST=Name line=15 MLIR_ops=[]
[visit_enter] AST=Name line=15 MLIR_ops=[]
[visit_enter] AST=Name line=15 MLIR_ops=[]
[visit_enter] AST=Name line=15 MLIR_ops=[]
[visit_enter] AST=Name line=15 MLIR_ops=[]
[visit_enter] AST=Return line=16 MLIR_ops=[]
[visit_enter] AST=Name line=16 MLIR_ops=[]
[visit_enter] AST=Name line=18 MLIR_ops=[]
[visit_enter] AST=Return line=19 MLIR_ops=[]
[visit_enter] AST=Name line=19 MLIR_ops=[]
[visit_enter] AST=Name line=28 MLIR_ops=[]
[visit_enter] AST=For line=32 MLIR_ops=[]
[visit_enter] AST=Attribute line=32 MLIR_ops=[]
[visit_enter] AST=Name line=32 MLIR_ops=[]
[visit_enter] AST=BinOp line=32 MLIR_ops=[]
[visit_enter] AST=Name line=32 MLIR_ops=[]
[visit_enter] AST=Constant line=32 MLIR_ops=[]
[visit_enter] AST=BinOp line=32 MLIR_ops=[]
[visit_enter] AST=Name line=32 MLIR_ops=[]
[visit_enter] AST=Constant line=32 MLIR_ops=[]
[visit_enter] AST=list line=0 MLIR_ops=[]
[visit_enter] AST=Assign line=33 MLIR_ops=[]
[visit_enter] AST=IfExp line=33 MLIR_ops=[]
[visit_enter] AST=Name line=33 MLIR_ops=[]
[visit_enter] AST=Call line=33 MLIR_ops=[]
[visit_enter] AST=Name line=33 MLIR_ops=[]
[visit_enter] AST=keyword line=33 MLIR_ops=[]
[visit_enter] AST=BinOp line=33 MLIR_ops=[]
[visit_enter] AST=BinOp line=33 MLIR_ops=[]
[visit_enter] AST=Call line=33 MLIR_ops=[]
[visit_enter] AST=Name line=33 MLIR_ops=[]
[visit_enter] AST=Attribute line=33 MLIR_ops=[]
[visit_enter] AST=Name line=33 MLIR_ops=[]
[visit_enter] AST=Constant line=33 MLIR_ops=[]
[visit_enter] AST=Name line=33 MLIR_ops=[]
[visit_enter] AST=Name line=33 MLIR_ops=[]
[visit_enter] AST=Module line=0 MLIR_ops=[]
[visit_enter] AST=FunctionDef line=1 MLIR_ops=[]
[visit_enter] AST=arguments line=0 MLIR_ops=[]
[visit_enter] AST=arg line=1 MLIR_ops=[]
[visit_enter] AST=arg line=1 MLIR_ops=[]
[visit_enter] AST=arg line=1 MLIR_ops=[]
[visit_enter] AST=arg line=1 MLIR_ops=[]
[visit_enter] AST=arg line=1 MLIR_ops=[]
[visit_enter] AST=Assign line=0 MLIR_ops=[]
[visit_enter] AST=Constant line=1 MLIR_ops=[]
[visit_enter] AST=Name line=0 MLIR_ops=[]
[visit_enter] AST=Assign line=0 MLIR_ops=[]
[visit_enter] AST=Constant line=1 MLIR_ops=[]
[visit_enter] AST=Name line=0 MLIR_ops=[]
[visit_enter] AST=Assign line=0 MLIR_ops=[]
[visit_enter] AST=Constant line=1 MLIR_ops=[]
[visit_enter] AST=Name line=0 MLIR_ops=[]
[visit_enter] AST=Assign line=0 MLIR_ops=[]
[visit_enter] AST=Constant line=1 MLIR_ops=[]
[visit_enter] AST=Name line=0 MLIR_ops=[]
[visit_enter] AST=list line=0 MLIR_ops=[]
[visit_enter] AST=Assign line=2 MLIR_ops=[]
[visit_enter] AST=Call line=2 MLIR_ops=[]
[visit_enter] AST=Attribute line=2 MLIR_ops=[]
[visit_enter] AST=Name line=2 MLIR_ops=[]
[visit_enter] AST=Name line=2 MLIR_ops=[]
[visit_enter] AST=Name line=2 MLIR_ops=[]
[visit_enter] AST=If line=3 MLIR_ops=[]
[visit_enter] AST=Name line=3 MLIR_ops=[]
[visit_enter] AST=list line=0 MLIR_ops=[]
[visit_enter] AST=If line=9 MLIR_ops=[]
[visit_enter] AST=Compare line=9 MLIR_ops=[]
[visit_enter] AST=Call line=9 MLIR_ops=[]
[visit_enter] AST=Attribute line=9 MLIR_ops=[]
[visit_enter] AST=Name line=9 MLIR_ops=[]
[visit_enter] AST=Attribute line=9 MLIR_ops=[]
[visit_enter] AST=Attribute line=9 MLIR_ops=[]
[visit_enter] AST=Name line=9 MLIR_ops=[]
[visit_enter] AST=Call line=9 MLIR_ops=[]
[visit_enter] AST=Attribute line=9 MLIR_ops=[]
[visit_enter] AST=Name line=9 MLIR_ops=[]
[visit_enter] AST=Constant line=9 MLIR_ops=[]
[visit_enter] AST=list line=0 MLIR_ops=[]
[visit_enter] AST=Return line=15 MLIR_ops=[]
[visit_enter] AST=Call line=15 MLIR_ops=[]
[visit_enter] AST=Attribute line=15 MLIR_ops=[]
[visit_enter] AST=Name line=15 MLIR_ops=[]
[visit_enter] AST=keyword line=15 MLIR_ops=[]
[visit_enter] AST=Name line=15 MLIR_ops=[]
[visit_enter] AST=Name line=15 MLIR_ops=[]
[visit_enter] AST=Name line=15 MLIR_ops=[]
[visit_enter] AST=Name line=15 MLIR_ops=[]
[visit_enter] AST=Module line=0 MLIR_ops=[]
[visit_enter] AST=FunctionDef line=1 MLIR_ops=[]
[visit_enter] AST=arguments line=0 MLIR_ops=[]
[visit_enter] AST=arg line=1 MLIR_ops=[]
[visit_enter] AST=arg line=1 MLIR_ops=[]
[visit_enter] AST=list line=0 MLIR_ops=[]
[visit_enter] AST=Return line=2 MLIR_ops=[]
[visit_enter] AST=Call line=2 MLIR_ops=[]
[visit_enter] AST=Attribute line=2 MLIR_ops=[]
[visit_enter] AST=Name line=2 MLIR_ops=[]
[visit_enter] AST=Name line=2 MLIR_ops=[]
[visit_enter] AST=Name line=2 MLIR_ops=[]
[visit_enter] AST=Name line=33 MLIR_ops=[]
[visit_enter] AST=Assign line=34 MLIR_ops=[]
[visit_enter] AST=Call line=34 MLIR_ops=[]
[visit_enter] AST=Name line=34 MLIR_ops=[]
[visit_enter] AST=Name line=34 MLIR_ops=[]
[visit_enter] AST=Name line=34 MLIR_ops=[]
[visit_enter] AST=IfExp line=34 MLIR_ops=[]
[visit_enter] AST=Compare line=34 MLIR_ops=[]
[visit_enter] AST=Name line=34 MLIR_ops=[]
[visit_enter] AST=Name line=34 MLIR_ops=[]
[visit_enter] AST=Constant line=34 MLIR_ops=[]
[visit_enter] AST=Module line=0 MLIR_ops=[]
[visit_enter] AST=FunctionDef line=1 MLIR_ops=[]
[visit_enter] AST=arguments line=0 MLIR_ops=[]
[visit_enter] AST=arg line=1 MLIR_ops=[]
[visit_enter] AST=arg line=1 MLIR_ops=[]
[visit_enter] AST=Attribute line=1 MLIR_ops=[]
[visit_enter] AST=Name line=1 MLIR_ops=[]
[visit_enter] AST=arg line=1 MLIR_ops=[]
[visit_enter] AST=Attribute line=1 MLIR_ops=[]
[visit_enter] AST=Name line=1 MLIR_ops=[]
[visit_enter] AST=list line=0 MLIR_ops=[]
[visit_enter] AST=Expr line=2 MLIR_ops=[]
[visit_enter] AST=Constant line=2 MLIR_ops=[]
[visit_enter] AST=If line=12 MLIR_ops=[]
[visit_enter] AST=Compare line=12 MLIR_ops=[]
[visit_enter] AST=Name line=12 MLIR_ops=[]
[visit_enter] AST=Constant line=12 MLIR_ops=[]
[visit_enter] AST=list line=0 MLIR_ops=[]
[visit_enter] AST=Assign line=13 MLIR_ops=[]
[visit_enter] AST=Call line=13 MLIR_ops=[]
[visit_enter] AST=Name line=13 MLIR_ops=[]
[visit_enter] AST=Call line=13 MLIR_ops=[]
[visit_enter] AST=Name line=13 MLIR_ops=[]
[visit_enter] AST=Attribute line=13 MLIR_ops=[]
[visit_enter] AST=Name line=13 MLIR_ops=[]
[visit_enter] AST=Name line=13 MLIR_ops=[]
[visit_enter] AST=Module line=0 MLIR_ops=[]
[visit_enter] AST=FunctionDef line=1 MLIR_ops=[]
[visit_enter] AST=arguments line=0 MLIR_ops=[]
[visit_enter] AST=arg line=1 MLIR_ops=[]
[visit_enter] AST=Attribute line=1 MLIR_ops=[]
[visit_enter] AST=Name line=1 MLIR_ops=[]
[visit_enter] AST=arg line=1 MLIR_ops=[]
[visit_enter] AST=Attribute line=1 MLIR_ops=[]
[visit_enter] AST=Name line=1 MLIR_ops=[]
[visit_enter] AST=list line=0 MLIR_ops=[]
[visit_enter] AST=Assign line=2 MLIR_ops=[]
[visit_enter] AST=Call line=2 MLIR_ops=[]
[visit_enter] AST=Attribute line=2 MLIR_ops=[]
[visit_enter] AST=Name line=2 MLIR_ops=[]
[visit_enter] AST=Constant line=2 MLIR_ops=[]
[visit_enter] AST=Constant line=2 MLIR_ops=[]
[visit_enter] AST=Name line=2 MLIR_ops=[]
[visit_enter] AST=Assign line=3 MLIR_ops=[]
[visit_enter] AST=Call line=3 MLIR_ops=[]
[visit_enter] AST=Attribute line=3 MLIR_ops=[]
[visit_enter] AST=Name line=3 MLIR_ops=[]
[visit_enter] AST=Name line=3 MLIR_ops=[]
[visit_enter] AST=BinOp line=3 MLIR_ops=[]
[visit_enter] AST=BinOp line=3 MLIR_ops=[]
[visit_enter] AST=BinOp line=3 MLIR_ops=[]
[visit_enter] AST=List line=3 MLIR_ops=[]
[visit_enter] AST=Load line=0 MLIR_ops=[]
[visit_enter] AST=Constant line=3 MLIR_ops=[]
[visit_enter] AST=BinOp line=3 MLIR_ops=[]
[visit_enter] AST=BinOp line=3 MLIR_ops=[]
[visit_enter] AST=Name line=3 MLIR_ops=[]
[visit_enter] AST=Name line=3 MLIR_ops=[]
[visit_enter] AST=Constant line=3 MLIR_ops=[]
[visit_enter] AST=List line=3 MLIR_ops=[]
[visit_enter] AST=Load line=0 MLIR_ops=[]
[visit_enter] AST=Constant line=3 MLIR_ops=[]
[visit_enter] AST=BinOp line=3 MLIR_ops=[]
[visit_enter] AST=List line=3 MLIR_ops=[]
[visit_enter] AST=Load line=0 MLIR_ops=[]
[visit_enter] AST=Constant line=3 MLIR_ops=[]
[visit_enter] AST=Name line=3 MLIR_ops=[]
[visit_enter] AST=Name line=3 MLIR_ops=[]
[visit_enter] AST=Return line=4 MLIR_ops=[]
[visit_enter] AST=Name line=4 MLIR_ops=[]
[visit_enter] AST=Name line=13 MLIR_ops=[]
[visit_enter] AST=For line=17 MLIR_ops=[]
[visit_enter] AST=Attribute line=17 MLIR_ops=[]
[visit_enter] AST=Name line=17 MLIR_ops=[]
[visit_enter] AST=Name line=17 MLIR_ops=[]
[visit_enter] AST=list line=0 MLIR_ops=[]
[visit_enter] AST=Assign line=18 MLIR_ops=[]
[visit_enter] AST=Call line=18 MLIR_ops=[]
[visit_enter] AST=Name line=18 MLIR_ops=[]
[visit_enter] AST=Name line=18 MLIR_ops=[]
[visit_enter] AST=Name line=18 MLIR_ops=[]
[visit_enter] AST=BinOp line=18 MLIR_ops=[]
[visit_enter] AST=BinOp line=18 MLIR_ops=[]
[visit_enter] AST=Name line=18 MLIR_ops=[]
[visit_enter] AST=Constant line=18 MLIR_ops=[]
[visit_enter] AST=Name line=18 MLIR_ops=[]
[visit_enter] AST=Module line=0 MLIR_ops=[]
[visit_enter] AST=FunctionDef line=1 MLIR_ops=[]
[visit_enter] AST=arguments line=0 MLIR_ops=[]
[visit_enter] AST=arg line=1 MLIR_ops=[]
[visit_enter] AST=arg line=1 MLIR_ops=[]
[visit_enter] AST=arg line=1 MLIR_ops=[]
[visit_enter] AST=Attribute line=1 MLIR_ops=[]
[visit_enter] AST=Name line=1 MLIR_ops=[]
[visit_enter] AST=list line=0 MLIR_ops=[]
[visit_enter] AST=AnnAssign line=3 MLIR_ops=[]
[visit_enter] AST=Attribute line=3 MLIR_ops=[]
[visit_enter] AST=Name line=3 MLIR_ops=[]
[visit_enter] AST=Name line=3 MLIR_ops=[]
[visit_enter] AST=Call line=3 MLIR_ops=[]
[visit_enter] AST=Name line=3 MLIR_ops=[]
[visit_enter] AST=Attribute line=3 MLIR_ops=[]
[visit_enter] AST=Name line=3 MLIR_ops=[]
[visit_enter] AST=Assign line=6 MLIR_ops=[]
[visit_enter] AST=Call line=6 MLIR_ops=[]
[visit_enter] AST=Name line=6 MLIR_ops=[]
[visit_enter] AST=keyword line=6 MLIR_ops=[]
[visit_enter] AST=Attribute line=6 MLIR_ops=[]
[visit_enter] AST=Attribute line=6 MLIR_ops=[]
[visit_enter] AST=Name line=6 MLIR_ops=[]
[visit_enter] AST=keyword line=6 MLIR_ops=[]
[visit_enter] AST=Constant line=6 MLIR_ops=[]
[visit_enter] AST=Name line=6 MLIR_ops=[]
[visit_enter] AST=Assign line=7 MLIR_ops=[]
[visit_enter] AST=Call line=7 MLIR_ops=[]
[visit_enter] AST=Attribute line=7 MLIR_ops=[]
[visit_enter] AST=Name line=7 MLIR_ops=[]
[visit_enter] AST=keyword line=7 MLIR_ops=[]
[visit_enter] AST=Constant line=7 MLIR_ops=[]
[visit_enter] AST=Name line=7 MLIR_ops=[]
[visit_enter] AST=Name line=7 MLIR_ops=[]
[visit_enter] AST=Assign line=8 MLIR_ops=[]
[visit_enter] AST=BinOp line=8 MLIR_ops=[]
[visit_enter] AST=Name line=8 MLIR_ops=[]
[visit_enter] AST=Call line=8 MLIR_ops=[]
[visit_enter] AST=Name line=8 MLIR_ops=[]
[visit_enter] AST=Name line=8 MLIR_ops=[]
[visit_enter] AST=BinOp line=8 MLIR_ops=[]
[visit_enter] AST=BinOp line=8 MLIR_ops=[]
[visit_enter] AST=Name line=8 MLIR_ops=[]
[visit_enter] AST=Constant line=8 MLIR_ops=[]
[visit_enter] AST=Name line=8 MLIR_ops=[]
[visit_enter] AST=Constant line=8 MLIR_ops=[]
[visit_enter] AST=Module line=0 MLIR_ops=[]
[visit_enter] AST=FunctionDef line=1 MLIR_ops=[]
[visit_enter] AST=arguments line=0 MLIR_ops=[]
[visit_enter] AST=arg line=1 MLIR_ops=[]
[visit_enter] AST=arg line=1 MLIR_ops=[]
[visit_enter] AST=arg line=1 MLIR_ops=[]
[visit_enter] AST=Assign line=0 MLIR_ops=[]
[visit_enter] AST=Constant line=1 MLIR_ops=[]
[visit_enter] AST=Name line=0 MLIR_ops=[]
[visit_enter] AST=Assign line=0 MLIR_ops=[]
[visit_enter] AST=Constant line=1 MLIR_ops=[]
[visit_enter] AST=Name line=0 MLIR_ops=[]
[visit_enter] AST=list line=0 MLIR_ops=[]
[visit_enter] AST=Expr line=2 MLIR_ops=[]
[visit_enter] AST=Call line=2 MLIR_ops=[]
[visit_enter] AST=Attribute line=2 MLIR_ops=[]
[visit_enter] AST=Name line=2 MLIR_ops=[]
[visit_enter] AST=Call line=2 MLIR_ops=[]
[visit_enter] AST=Attribute line=2 MLIR_ops=[]
[visit_enter] AST=Attribute line=2 MLIR_ops=[]
[visit_enter] AST=Attribute line=2 MLIR_ops=[]
[visit_enter] AST=Name line=2 MLIR_ops=[]
[visit_enter] AST=Return line=3 MLIR_ops=[]
[visit_enter] AST=Call line=3 MLIR_ops=[]
[visit_enter] AST=Attribute line=3 MLIR_ops=[]
[visit_enter] AST=Name line=3 MLIR_ops=[]
[visit_enter] AST=keyword line=3 MLIR_ops=[]
[visit_enter] AST=Name line=3 MLIR_ops=[]
[visit_enter] AST=Name line=3 MLIR_ops=[]
[visit_enter] AST=Name line=3 MLIR_ops=[]
[visit_enter] AST=Name line=3 MLIR_ops=[]
[visit_enter] AST=Name line=8 MLIR_ops=[]
[visit_enter] AST=Assign line=9 MLIR_ops=[]
[visit_enter] AST=Call line=9 MLIR_ops=[]
[visit_enter] AST=Attribute line=9 MLIR_ops=[]
[visit_enter] AST=Name line=9 MLIR_ops=[]
[visit_enter] AST=keyword line=9 MLIR_ops=[]
[visit_enter] AST=Constant line=9 MLIR_ops=[]
[visit_enter] AST=Attribute line=9 MLIR_ops=[]
[visit_enter] AST=Name line=9 MLIR_ops=[]
[visit_enter] AST=Name line=9 MLIR_ops=[]
[visit_enter] AST=Assign line=12 MLIR_ops=[]
[visit_enter] AST=Call line=12 MLIR_ops=[]
[visit_enter] AST=Name line=12 MLIR_ops=[]
[visit_enter] AST=Name line=12 MLIR_ops=[]
[visit_enter] AST=Name line=12 MLIR_ops=[]
[visit_enter] AST=Module line=0 MLIR_ops=[]
[visit_enter] AST=FunctionDef line=1 MLIR_ops=[]
[visit_enter] AST=arguments line=0 MLIR_ops=[]
[visit_enter] AST=arg line=1 MLIR_ops=[]
[visit_enter] AST=Attribute line=1 MLIR_ops=[]
[visit_enter] AST=Name line=1 MLIR_ops=[]
[visit_enter] AST=arg line=1 MLIR_ops=[]
[visit_enter] AST=Attribute line=1 MLIR_ops=[]
[visit_enter] AST=Name line=1 MLIR_ops=[]
[visit_enter] AST=list line=0 MLIR_ops=[]
[visit_enter] AST=Assign line=2 MLIR_ops=[]
[visit_enter] AST=Call line=2 MLIR_ops=[]
[visit_enter] AST=Attribute line=2 MLIR_ops=[]
[visit_enter] AST=Name line=2 MLIR_ops=[]
[visit_enter] AST=Constant line=2 MLIR_ops=[]
[visit_enter] AST=Constant line=2 MLIR_ops=[]
[visit_enter] AST=Name line=2 MLIR_ops=[]
[visit_enter] AST=Assign line=3 MLIR_ops=[]
[visit_enter] AST=Call line=3 MLIR_ops=[]
[visit_enter] AST=Attribute line=3 MLIR_ops=[]
[visit_enter] AST=Name line=3 MLIR_ops=[]
[visit_enter] AST=Name line=3 MLIR_ops=[]
[visit_enter] AST=BinOp line=3 MLIR_ops=[]
[visit_enter] AST=BinOp line=3 MLIR_ops=[]
[visit_enter] AST=BinOp line=3 MLIR_ops=[]
[visit_enter] AST=List line=3 MLIR_ops=[]
[visit_enter] AST=Load line=0 MLIR_ops=[]
[visit_enter] AST=Constant line=3 MLIR_ops=[]
[visit_enter] AST=BinOp line=3 MLIR_ops=[]
[visit_enter] AST=BinOp line=3 MLIR_ops=[]
[visit_enter] AST=Name line=3 MLIR_ops=[]
[visit_enter] AST=Name line=3 MLIR_ops=[]
[visit_enter] AST=Constant line=3 MLIR_ops=[]
[visit_enter] AST=List line=3 MLIR_ops=[]
[visit_enter] AST=Load line=0 MLIR_ops=[]
[visit_enter] AST=Constant line=3 MLIR_ops=[]
[visit_enter] AST=BinOp line=3 MLIR_ops=[]
[visit_enter] AST=List line=3 MLIR_ops=[]
[visit_enter] AST=Load line=0 MLIR_ops=[]
[visit_enter] AST=Constant line=3 MLIR_ops=[]
[visit_enter] AST=Name line=3 MLIR_ops=[]
[visit_enter] AST=Name line=3 MLIR_ops=[]
[visit_enter] AST=Return line=4 MLIR_ops=[]
[visit_enter] AST=Name line=4 MLIR_ops=[]
[visit_enter] AST=Name line=12 MLIR_ops=[]
[visit_enter] AST=Assign line=15 MLIR_ops=[]
[visit_enter] AST=Call line=15 MLIR_ops=[]
[visit_enter] AST=Attribute line=15 MLIR_ops=[]
[visit_enter] AST=Name line=15 MLIR_ops=[]
[visit_enter] AST=Compare line=15 MLIR_ops=[]
[visit_enter] AST=Compare line=15 MLIR_ops=[]
[visit_enter] AST=Name line=15 MLIR_ops=[]
[visit_enter] AST=Name line=15 MLIR_ops=[]
[visit_enter] AST=BinOp line=15 MLIR_ops=[]
[visit_enter] AST=Name line=15 MLIR_ops=[]
[visit_enter] AST=Name line=15 MLIR_ops=[]
[visit_enter] AST=Name line=15 MLIR_ops=[]
[visit_enter] AST=Name line=15 MLIR_ops=[]
[visit_enter] AST=Name line=15 MLIR_ops=[]
[visit_enter] AST=Return line=16 MLIR_ops=[]
[visit_enter] AST=Name line=16 MLIR_ops=[]
[visit_enter] AST=Name line=18 MLIR_ops=[]
[visit_enter] AST=list line=0 MLIR_ops=[]
[visit_enter] AST=Assign line=18 MLIR_ops=[]
[visit_enter] AST=Call line=18 MLIR_ops=[]
[visit_enter] AST=Name line=18 MLIR_ops=[]
[visit_enter] AST=Name line=18 MLIR_ops=[]
[visit_enter] AST=Name line=18 MLIR_ops=[]
[visit_enter] AST=BinOp line=18 MLIR_ops=[]
[visit_enter] AST=BinOp line=18 MLIR_ops=[]
[visit_enter] AST=Name line=18 MLIR_ops=[]
[visit_enter] AST=Constant line=18 MLIR_ops=[]
[visit_enter] AST=Name line=18 MLIR_ops=[]
[visit_enter] AST=Module line=0 MLIR_ops=[]
[visit_enter] AST=FunctionDef line=1 MLIR_ops=[]
[visit_enter] AST=arguments line=0 MLIR_ops=[]
[visit_enter] AST=arg line=1 MLIR_ops=[]
[visit_enter] AST=arg line=1 MLIR_ops=[]
[visit_enter] AST=arg line=1 MLIR_ops=[]
[visit_enter] AST=Attribute line=1 MLIR_ops=[]
[visit_enter] AST=Name line=1 MLIR_ops=[]
[visit_enter] AST=list line=0 MLIR_ops=[]
[visit_enter] AST=AnnAssign line=3 MLIR_ops=[]
[visit_enter] AST=Attribute line=3 MLIR_ops=[]
[visit_enter] AST=Name line=3 MLIR_ops=[]
[visit_enter] AST=Name line=3 MLIR_ops=[]
[visit_enter] AST=Call line=3 MLIR_ops=[]
[visit_enter] AST=Name line=3 MLIR_ops=[]
[visit_enter] AST=Attribute line=3 MLIR_ops=[]
[visit_enter] AST=Name line=3 MLIR_ops=[]
[visit_enter] AST=Assign line=6 MLIR_ops=[]
[visit_enter] AST=Call line=6 MLIR_ops=[]
[visit_enter] AST=Name line=6 MLIR_ops=[]
[visit_enter] AST=keyword line=6 MLIR_ops=[]
[visit_enter] AST=Attribute line=6 MLIR_ops=[]
[visit_enter] AST=Attribute line=6 MLIR_ops=[]
[visit_enter] AST=Name line=6 MLIR_ops=[]
[visit_enter] AST=keyword line=6 MLIR_ops=[]
[visit_enter] AST=Constant line=6 MLIR_ops=[]
[visit_enter] AST=Name line=6 MLIR_ops=[]
[visit_enter] AST=Assign line=7 MLIR_ops=[]
[visit_enter] AST=Call line=7 MLIR_ops=[]
[visit_enter] AST=Attribute line=7 MLIR_ops=[]
[visit_enter] AST=Name line=7 MLIR_ops=[]
[visit_enter] AST=keyword line=7 MLIR_ops=[]
[visit_enter] AST=Constant line=7 MLIR_ops=[]
[visit_enter] AST=Name line=7 MLIR_ops=[]
[visit_enter] AST=Name line=7 MLIR_ops=[]
[visit_enter] AST=Assign line=8 MLIR_ops=[]
[visit_enter] AST=BinOp line=8 MLIR_ops=[]
[visit_enter] AST=Name line=8 MLIR_ops=[]
[visit_enter] AST=Call line=8 MLIR_ops=[]
[visit_enter] AST=Name line=8 MLIR_ops=[]
[visit_enter] AST=Name line=8 MLIR_ops=[]
[visit_enter] AST=BinOp line=8 MLIR_ops=[]
[visit_enter] AST=BinOp line=8 MLIR_ops=[]
[visit_enter] AST=Name line=8 MLIR_ops=[]
[visit_enter] AST=Constant line=8 MLIR_ops=[]
[visit_enter] AST=Name line=8 MLIR_ops=[]
[visit_enter] AST=Constant line=8 MLIR_ops=[]
[visit_enter] AST=Module line=0 MLIR_ops=[]
[visit_enter] AST=FunctionDef line=1 MLIR_ops=[]
[visit_enter] AST=arguments line=0 MLIR_ops=[]
[visit_enter] AST=arg line=1 MLIR_ops=[]
[visit_enter] AST=arg line=1 MLIR_ops=[]
[visit_enter] AST=arg line=1 MLIR_ops=[]
[visit_enter] AST=Assign line=0 MLIR_ops=[]
[visit_enter] AST=Constant line=1 MLIR_ops=[]
[visit_enter] AST=Name line=0 MLIR_ops=[]
[visit_enter] AST=Assign line=0 MLIR_ops=[]
[visit_enter] AST=Constant line=1 MLIR_ops=[]
[visit_enter] AST=Name line=0 MLIR_ops=[]
[visit_enter] AST=list line=0 MLIR_ops=[]
[visit_enter] AST=Expr line=2 MLIR_ops=[]
[visit_enter] AST=Call line=2 MLIR_ops=[]
[visit_enter] AST=Attribute line=2 MLIR_ops=[]
[visit_enter] AST=Name line=2 MLIR_ops=[]
[visit_enter] AST=Call line=2 MLIR_ops=[]
[visit_enter] AST=Attribute line=2 MLIR_ops=[]
[visit_enter] AST=Attribute line=2 MLIR_ops=[]
[visit_enter] AST=Attribute line=2 MLIR_ops=[]
[visit_enter] AST=Name line=2 MLIR_ops=[]
[visit_enter] AST=Return line=3 MLIR_ops=[]
[visit_enter] AST=Call line=3 MLIR_ops=[]
[visit_enter] AST=Attribute line=3 MLIR_ops=[]
[visit_enter] AST=Name line=3 MLIR_ops=[]
[visit_enter] AST=keyword line=3 MLIR_ops=[]
[visit_enter] AST=Name line=3 MLIR_ops=[]
[visit_enter] AST=Name line=3 MLIR_ops=[]
[visit_enter] AST=Name line=3 MLIR_ops=[]
[visit_enter] AST=Name line=3 MLIR_ops=[]
[visit_enter] AST=Name line=8 MLIR_ops=[]
[visit_enter] AST=Assign line=9 MLIR_ops=[]
[visit_enter] AST=Call line=9 MLIR_ops=[]
[visit_enter] AST=Attribute line=9 MLIR_ops=[]
[visit_enter] AST=Name line=9 MLIR_ops=[]
[visit_enter] AST=keyword line=9 MLIR_ops=[]
[visit_enter] AST=Constant line=9 MLIR_ops=[]
[visit_enter] AST=Attribute line=9 MLIR_ops=[]
[visit_enter] AST=Name line=9 MLIR_ops=[]
[visit_enter] AST=Name line=9 MLIR_ops=[]
[visit_enter] AST=Assign line=12 MLIR_ops=[]
[visit_enter] AST=Call line=12 MLIR_ops=[]
[visit_enter] AST=Name line=12 MLIR_ops=[]
[visit_enter] AST=Name line=12 MLIR_ops=[]
[visit_enter] AST=Name line=12 MLIR_ops=[]
[visit_enter] AST=Module line=0 MLIR_ops=[]
[visit_enter] AST=FunctionDef line=1 MLIR_ops=[]
[visit_enter] AST=arguments line=0 MLIR_ops=[]
[visit_enter] AST=arg line=1 MLIR_ops=[]
[visit_enter] AST=Attribute line=1 MLIR_ops=[]
[visit_enter] AST=Name line=1 MLIR_ops=[]
[visit_enter] AST=arg line=1 MLIR_ops=[]
[visit_enter] AST=Attribute line=1 MLIR_ops=[]
[visit_enter] AST=Name line=1 MLIR_ops=[]
[visit_enter] AST=list line=0 MLIR_ops=[]
[visit_enter] AST=Assign line=2 MLIR_ops=[]
[visit_enter] AST=Call line=2 MLIR_ops=[]
[visit_enter] AST=Attribute line=2 MLIR_ops=[]
[visit_enter] AST=Name line=2 MLIR_ops=[]
[visit_enter] AST=Constant line=2 MLIR_ops=[]
[visit_enter] AST=Constant line=2 MLIR_ops=[]
[visit_enter] AST=Name line=2 MLIR_ops=[]
[visit_enter] AST=Assign line=3 MLIR_ops=[]
[visit_enter] AST=Call line=3 MLIR_ops=[]
[visit_enter] AST=Attribute line=3 MLIR_ops=[]
[visit_enter] AST=Name line=3 MLIR_ops=[]
[visit_enter] AST=Name line=3 MLIR_ops=[]
[visit_enter] AST=BinOp line=3 MLIR_ops=[]
[visit_enter] AST=BinOp line=3 MLIR_ops=[]
[visit_enter] AST=BinOp line=3 MLIR_ops=[]
[visit_enter] AST=List line=3 MLIR_ops=[]
[visit_enter] AST=Load line=0 MLIR_ops=[]
[visit_enter] AST=Constant line=3 MLIR_ops=[]
[visit_enter] AST=BinOp line=3 MLIR_ops=[]
[visit_enter] AST=BinOp line=3 MLIR_ops=[]
[visit_enter] AST=Name line=3 MLIR_ops=[]
[visit_enter] AST=Name line=3 MLIR_ops=[]
[visit_enter] AST=Constant line=3 MLIR_ops=[]
[visit_enter] AST=List line=3 MLIR_ops=[]
[visit_enter] AST=Load line=0 MLIR_ops=[]
[visit_enter] AST=Constant line=3 MLIR_ops=[]
[visit_enter] AST=BinOp line=3 MLIR_ops=[]
[visit_enter] AST=List line=3 MLIR_ops=[]
[visit_enter] AST=Load line=0 MLIR_ops=[]
[visit_enter] AST=Constant line=3 MLIR_ops=[]
[visit_enter] AST=Name line=3 MLIR_ops=[]
[visit_enter] AST=Name line=3 MLIR_ops=[]
[visit_enter] AST=Return line=4 MLIR_ops=[]
[visit_enter] AST=Name line=4 MLIR_ops=[]
[visit_enter] AST=Name line=12 MLIR_ops=[]
[visit_enter] AST=Assign line=15 MLIR_ops=[]
[visit_enter] AST=Call line=15 MLIR_ops=[]
[visit_enter] AST=Attribute line=15 MLIR_ops=[]
[visit_enter] AST=Name line=15 MLIR_ops=[]
[visit_enter] AST=Compare line=15 MLIR_ops=[]
[visit_enter] AST=Compare line=15 MLIR_ops=[]
[visit_enter] AST=Name line=15 MLIR_ops=[]
[visit_enter] AST=Name line=15 MLIR_ops=[]
[visit_enter] AST=BinOp line=15 MLIR_ops=[]
[visit_enter] AST=Name line=15 MLIR_ops=[]
[visit_enter] AST=Name line=15 MLIR_ops=[]
[visit_enter] AST=Name line=15 MLIR_ops=[]
[visit_enter] AST=Name line=15 MLIR_ops=[]
[visit_enter] AST=Name line=15 MLIR_ops=[]
[visit_enter] AST=Return line=16 MLIR_ops=[]
[visit_enter] AST=Name line=16 MLIR_ops=[]
[visit_enter] AST=Name line=18 MLIR_ops=[]
[visit_enter] AST=list line=0 MLIR_ops=[]
[visit_enter] AST=Assign line=18 MLIR_ops=[]
[visit_enter] AST=Call line=18 MLIR_ops=[]
[visit_enter] AST=Name line=18 MLIR_ops=[]
[visit_enter] AST=Name line=18 MLIR_ops=[]
[visit_enter] AST=Name line=18 MLIR_ops=[]
[visit_enter] AST=BinOp line=18 MLIR_ops=[]
[visit_enter] AST=BinOp line=18 MLIR_ops=[]
[visit_enter] AST=Name line=18 MLIR_ops=[]
[visit_enter] AST=Constant line=18 MLIR_ops=[]
[visit_enter] AST=Name line=18 MLIR_ops=[]
[visit_enter] AST=Module line=0 MLIR_ops=[]
[visit_enter] AST=FunctionDef line=1 MLIR_ops=[]
[visit_enter] AST=arguments line=0 MLIR_ops=[]
[visit_enter] AST=arg line=1 MLIR_ops=[]
[visit_enter] AST=arg line=1 MLIR_ops=[]
[visit_enter] AST=arg line=1 MLIR_ops=[]
[visit_enter] AST=Attribute line=1 MLIR_ops=[]
[visit_enter] AST=Name line=1 MLIR_ops=[]
[visit_enter] AST=list line=0 MLIR_ops=[]
[visit_enter] AST=AnnAssign line=3 MLIR_ops=[]
[visit_enter] AST=Attribute line=3 MLIR_ops=[]
[visit_enter] AST=Name line=3 MLIR_ops=[]
[visit_enter] AST=Name line=3 MLIR_ops=[]
[visit_enter] AST=Call line=3 MLIR_ops=[]
[visit_enter] AST=Name line=3 MLIR_ops=[]
[visit_enter] AST=Attribute line=3 MLIR_ops=[]
[visit_enter] AST=Name line=3 MLIR_ops=[]
[visit_enter] AST=Assign line=6 MLIR_ops=[]
[visit_enter] AST=Call line=6 MLIR_ops=[]
[visit_enter] AST=Name line=6 MLIR_ops=[]
[visit_enter] AST=keyword line=6 MLIR_ops=[]
[visit_enter] AST=Attribute line=6 MLIR_ops=[]
[visit_enter] AST=Attribute line=6 MLIR_ops=[]
[visit_enter] AST=Name line=6 MLIR_ops=[]
[visit_enter] AST=keyword line=6 MLIR_ops=[]
[visit_enter] AST=Constant line=6 MLIR_ops=[]
[visit_enter] AST=Name line=6 MLIR_ops=[]
[visit_enter] AST=Assign line=7 MLIR_ops=[]
[visit_enter] AST=Call line=7 MLIR_ops=[]
[visit_enter] AST=Attribute line=7 MLIR_ops=[]
[visit_enter] AST=Name line=7 MLIR_ops=[]
[visit_enter] AST=keyword line=7 MLIR_ops=[]
[visit_enter] AST=Constant line=7 MLIR_ops=[]
[visit_enter] AST=Name line=7 MLIR_ops=[]
[visit_enter] AST=Name line=7 MLIR_ops=[]
[visit_enter] AST=Assign line=8 MLIR_ops=[]
[visit_enter] AST=BinOp line=8 MLIR_ops=[]
[visit_enter] AST=Name line=8 MLIR_ops=[]
[visit_enter] AST=Call line=8 MLIR_ops=[]
[visit_enter] AST=Name line=8 MLIR_ops=[]
[visit_enter] AST=Name line=8 MLIR_ops=[]
[visit_enter] AST=BinOp line=8 MLIR_ops=[]
[visit_enter] AST=BinOp line=8 MLIR_ops=[]
[visit_enter] AST=Name line=8 MLIR_ops=[]
[visit_enter] AST=Constant line=8 MLIR_ops=[]
[visit_enter] AST=Name line=8 MLIR_ops=[]
[visit_enter] AST=Constant line=8 MLIR_ops=[]
[visit_enter] AST=Module line=0 MLIR_ops=[]
[visit_enter] AST=FunctionDef line=1 MLIR_ops=[]
[visit_enter] AST=arguments line=0 MLIR_ops=[]
[visit_enter] AST=arg line=1 MLIR_ops=[]
[visit_enter] AST=arg line=1 MLIR_ops=[]
[visit_enter] AST=arg line=1 MLIR_ops=[]
[visit_enter] AST=Assign line=0 MLIR_ops=[]
[visit_enter] AST=Constant line=1 MLIR_ops=[]
[visit_enter] AST=Name line=0 MLIR_ops=[]
[visit_enter] AST=Assign line=0 MLIR_ops=[]
[visit_enter] AST=Constant line=1 MLIR_ops=[]
[visit_enter] AST=Name line=0 MLIR_ops=[]
[visit_enter] AST=list line=0 MLIR_ops=[]
[visit_enter] AST=Expr line=2 MLIR_ops=[]
[visit_enter] AST=Call line=2 MLIR_ops=[]
[visit_enter] AST=Attribute line=2 MLIR_ops=[]
[visit_enter] AST=Name line=2 MLIR_ops=[]
[visit_enter] AST=Call line=2 MLIR_ops=[]
[visit_enter] AST=Attribute line=2 MLIR_ops=[]
[visit_enter] AST=Attribute line=2 MLIR_ops=[]
[visit_enter] AST=Attribute line=2 MLIR_ops=[]
[visit_enter] AST=Name line=2 MLIR_ops=[]
[visit_enter] AST=Return line=3 MLIR_ops=[]
[visit_enter] AST=Call line=3 MLIR_ops=[]
[visit_enter] AST=Attribute line=3 MLIR_ops=[]
[visit_enter] AST=Name line=3 MLIR_ops=[]
[visit_enter] AST=keyword line=3 MLIR_ops=[]
[visit_enter] AST=Name line=3 MLIR_ops=[]
[visit_enter] AST=Name line=3 MLIR_ops=[]
[visit_enter] AST=Name line=3 MLIR_ops=[]
[visit_enter] AST=Name line=3 MLIR_ops=[]
[visit_enter] AST=Name line=8 MLIR_ops=[]
[visit_enter] AST=Assign line=9 MLIR_ops=[]
[visit_enter] AST=Call line=9 MLIR_ops=[]
[visit_enter] AST=Attribute line=9 MLIR_ops=[]
[visit_enter] AST=Name line=9 MLIR_ops=[]
[visit_enter] AST=keyword line=9 MLIR_ops=[]
[visit_enter] AST=Constant line=9 MLIR_ops=[]
[visit_enter] AST=Attribute line=9 MLIR_ops=[]
[visit_enter] AST=Name line=9 MLIR_ops=[]
[visit_enter] AST=Name line=9 MLIR_ops=[]
[visit_enter] AST=Assign line=12 MLIR_ops=[]
[visit_enter] AST=Call line=12 MLIR_ops=[]
[visit_enter] AST=Name line=12 MLIR_ops=[]
[visit_enter] AST=Name line=12 MLIR_ops=[]
[visit_enter] AST=Name line=12 MLIR_ops=[]
[visit_enter] AST=Module line=0 MLIR_ops=[]
[visit_enter] AST=FunctionDef line=1 MLIR_ops=[]
[visit_enter] AST=arguments line=0 MLIR_ops=[]
[visit_enter] AST=arg line=1 MLIR_ops=[]
[visit_enter] AST=Attribute line=1 MLIR_ops=[]
[visit_enter] AST=Name line=1 MLIR_ops=[]
[visit_enter] AST=arg line=1 MLIR_ops=[]
[visit_enter] AST=Attribute line=1 MLIR_ops=[]
[visit_enter] AST=Name line=1 MLIR_ops=[]
[visit_enter] AST=list line=0 MLIR_ops=[]
[visit_enter] AST=Assign line=2 MLIR_ops=[]
[visit_enter] AST=Call line=2 MLIR_ops=[]
[visit_enter] AST=Attribute line=2 MLIR_ops=[]
[visit_enter] AST=Name line=2 MLIR_ops=[]
[visit_enter] AST=Constant line=2 MLIR_ops=[]
[visit_enter] AST=Constant line=2 MLIR_ops=[]
[visit_enter] AST=Name line=2 MLIR_ops=[]
[visit_enter] AST=Assign line=3 MLIR_ops=[]
[visit_enter] AST=Call line=3 MLIR_ops=[]
[visit_enter] AST=Attribute line=3 MLIR_ops=[]
[visit_enter] AST=Name line=3 MLIR_ops=[]
[visit_enter] AST=Name line=3 MLIR_ops=[]
[visit_enter] AST=BinOp line=3 MLIR_ops=[]
[visit_enter] AST=BinOp line=3 MLIR_ops=[]
[visit_enter] AST=BinOp line=3 MLIR_ops=[]
[visit_enter] AST=List line=3 MLIR_ops=[]
[visit_enter] AST=Load line=0 MLIR_ops=[]
[visit_enter] AST=Constant line=3 MLIR_ops=[]
[visit_enter] AST=BinOp line=3 MLIR_ops=[]
[visit_enter] AST=BinOp line=3 MLIR_ops=[]
[visit_enter] AST=Name line=3 MLIR_ops=[]
[visit_enter] AST=Name line=3 MLIR_ops=[]
[visit_enter] AST=Constant line=3 MLIR_ops=[]
[visit_enter] AST=List line=3 MLIR_ops=[]
[visit_enter] AST=Load line=0 MLIR_ops=[]
[visit_enter] AST=Constant line=3 MLIR_ops=[]
[visit_enter] AST=BinOp line=3 MLIR_ops=[]
[visit_enter] AST=List line=3 MLIR_ops=[]
[visit_enter] AST=Load line=0 MLIR_ops=[]
[visit_enter] AST=Constant line=3 MLIR_ops=[]
[visit_enter] AST=Name line=3 MLIR_ops=[]
[visit_enter] AST=Name line=3 MLIR_ops=[]
[visit_enter] AST=Return line=4 MLIR_ops=[]
[visit_enter] AST=Name line=4 MLIR_ops=[]
[visit_enter] AST=Name line=12 MLIR_ops=[]
[visit_enter] AST=Assign line=15 MLIR_ops=[]
[visit_enter] AST=Call line=15 MLIR_ops=[]
[visit_enter] AST=Attribute line=15 MLIR_ops=[]
[visit_enter] AST=Name line=15 MLIR_ops=[]
[visit_enter] AST=Compare line=15 MLIR_ops=[]
[visit_enter] AST=Compare line=15 MLIR_ops=[]
[visit_enter] AST=Name line=15 MLIR_ops=[]
[visit_enter] AST=Name line=15 MLIR_ops=[]
[visit_enter] AST=BinOp line=15 MLIR_ops=[]
[visit_enter] AST=Name line=15 MLIR_ops=[]
[visit_enter] AST=Name line=15 MLIR_ops=[]
[visit_enter] AST=Name line=15 MLIR_ops=[]
[visit_enter] AST=Name line=15 MLIR_ops=[]
[visit_enter] AST=Name line=15 MLIR_ops=[]
[visit_enter] AST=Return line=16 MLIR_ops=[]
[visit_enter] AST=Name line=16 MLIR_ops=[]
[visit_enter] AST=Name line=18 MLIR_ops=[]
[visit_enter] AST=Return line=19 MLIR_ops=[]
[visit_enter] AST=Name line=19 MLIR_ops=[]
[visit_enter] AST=Name line=34 MLIR_ops=[]
[visit_enter] AST=list line=0 MLIR_ops=[]
[visit_enter] AST=Assign line=33 MLIR_ops=[]
[visit_enter] AST=IfExp line=33 MLIR_ops=[]
[visit_enter] AST=Name line=33 MLIR_ops=[]
[visit_enter] AST=Call line=33 MLIR_ops=[]
[visit_enter] AST=Name line=33 MLIR_ops=[]
[visit_enter] AST=keyword line=33 MLIR_ops=[]
[visit_enter] AST=BinOp line=33 MLIR_ops=[]
[visit_enter] AST=BinOp line=33 MLIR_ops=[]
[visit_enter] AST=Call line=33 MLIR_ops=[]
[visit_enter] AST=Name line=33 MLIR_ops=[]
[visit_enter] AST=Attribute line=33 MLIR_ops=[]
[visit_enter] AST=Name line=33 MLIR_ops=[]
[visit_enter] AST=Constant line=33 MLIR_ops=[]
[visit_enter] AST=Name line=33 MLIR_ops=[]
[visit_enter] AST=Name line=33 MLIR_ops=[]
[visit_enter] AST=Module line=0 MLIR_ops=[]
[visit_enter] AST=FunctionDef line=1 MLIR_ops=[]
[visit_enter] AST=arguments line=0 MLIR_ops=[]
[visit_enter] AST=arg line=1 MLIR_ops=[]
[visit_enter] AST=arg line=1 MLIR_ops=[]
[visit_enter] AST=arg line=1 MLIR_ops=[]
[visit_enter] AST=arg line=1 MLIR_ops=[]
[visit_enter] AST=arg line=1 MLIR_ops=[]
[visit_enter] AST=Assign line=0 MLIR_ops=[]
[visit_enter] AST=Constant line=1 MLIR_ops=[]
[visit_enter] AST=Name line=0 MLIR_ops=[]
[visit_enter] AST=Assign line=0 MLIR_ops=[]
[visit_enter] AST=Constant line=1 MLIR_ops=[]
[visit_enter] AST=Name line=0 MLIR_ops=[]
[visit_enter] AST=Assign line=0 MLIR_ops=[]
[visit_enter] AST=Constant line=1 MLIR_ops=[]
[visit_enter] AST=Name line=0 MLIR_ops=[]
[visit_enter] AST=Assign line=0 MLIR_ops=[]
[visit_enter] AST=Constant line=1 MLIR_ops=[]
[visit_enter] AST=Name line=0 MLIR_ops=[]
[visit_enter] AST=list line=0 MLIR_ops=[]
[visit_enter] AST=Assign line=2 MLIR_ops=[]
[visit_enter] AST=Call line=2 MLIR_ops=[]
[visit_enter] AST=Attribute line=2 MLIR_ops=[]
[visit_enter] AST=Name line=2 MLIR_ops=[]
[visit_enter] AST=Name line=2 MLIR_ops=[]
[visit_enter] AST=Name line=2 MLIR_ops=[]
[visit_enter] AST=If line=3 MLIR_ops=[]
[visit_enter] AST=Name line=3 MLIR_ops=[]
[visit_enter] AST=list line=0 MLIR_ops=[]
[visit_enter] AST=If line=9 MLIR_ops=[]
[visit_enter] AST=Compare line=9 MLIR_ops=[]
[visit_enter] AST=Call line=9 MLIR_ops=[]
[visit_enter] AST=Attribute line=9 MLIR_ops=[]
[visit_enter] AST=Name line=9 MLIR_ops=[]
[visit_enter] AST=Attribute line=9 MLIR_ops=[]
[visit_enter] AST=Attribute line=9 MLIR_ops=[]
[visit_enter] AST=Name line=9 MLIR_ops=[]
[visit_enter] AST=Call line=9 MLIR_ops=[]
[visit_enter] AST=Attribute line=9 MLIR_ops=[]
[visit_enter] AST=Name line=9 MLIR_ops=[]
[visit_enter] AST=Constant line=9 MLIR_ops=[]
[visit_enter] AST=list line=0 MLIR_ops=[]
[visit_enter] AST=Return line=15 MLIR_ops=[]
[visit_enter] AST=Call line=15 MLIR_ops=[]
[visit_enter] AST=Attribute line=15 MLIR_ops=[]
[visit_enter] AST=Name line=15 MLIR_ops=[]
[visit_enter] AST=keyword line=15 MLIR_ops=[]
[visit_enter] AST=Name line=15 MLIR_ops=[]
[visit_enter] AST=Name line=15 MLIR_ops=[]
[visit_enter] AST=Name line=15 MLIR_ops=[]
[visit_enter] AST=Name line=15 MLIR_ops=[]
[visit_enter] AST=Name line=33 MLIR_ops=[]
[visit_enter] AST=Assign line=34 MLIR_ops=[]
[visit_enter] AST=Call line=34 MLIR_ops=[]
[visit_enter] AST=Name line=34 MLIR_ops=[]
[visit_enter] AST=Name line=34 MLIR_ops=[]
[visit_enter] AST=Name line=34 MLIR_ops=[]
[visit_enter] AST=IfExp line=34 MLIR_ops=[]
[visit_enter] AST=Compare line=34 MLIR_ops=[]
[visit_enter] AST=Name line=34 MLIR_ops=[]
[visit_enter] AST=Name line=34 MLIR_ops=[]
[visit_enter] AST=Constant line=34 MLIR_ops=[]
[visit_enter] AST=Module line=0 MLIR_ops=[]
[visit_enter] AST=FunctionDef line=1 MLIR_ops=[]
[visit_enter] AST=arguments line=0 MLIR_ops=[]
[visit_enter] AST=arg line=1 MLIR_ops=[]
[visit_enter] AST=arg line=1 MLIR_ops=[]
[visit_enter] AST=Attribute line=1 MLIR_ops=[]
[visit_enter] AST=Name line=1 MLIR_ops=[]
[visit_enter] AST=arg line=1 MLIR_ops=[]
[visit_enter] AST=Attribute line=1 MLIR_ops=[]
[visit_enter] AST=Name line=1 MLIR_ops=[]
[visit_enter] AST=list line=0 MLIR_ops=[]
[visit_enter] AST=Expr line=2 MLIR_ops=[]
[visit_enter] AST=Constant line=2 MLIR_ops=[]
[visit_enter] AST=If line=12 MLIR_ops=[]
[visit_enter] AST=Compare line=12 MLIR_ops=[]
[visit_enter] AST=Name line=12 MLIR_ops=[]
[visit_enter] AST=Constant line=12 MLIR_ops=[]
[visit_enter] AST=list line=0 MLIR_ops=[]
[visit_enter] AST=Assign line=13 MLIR_ops=[]
[visit_enter] AST=Call line=13 MLIR_ops=[]
[visit_enter] AST=Name line=13 MLIR_ops=[]
[visit_enter] AST=Call line=13 MLIR_ops=[]
[visit_enter] AST=Name line=13 MLIR_ops=[]
[visit_enter] AST=Attribute line=13 MLIR_ops=[]
[visit_enter] AST=Name line=13 MLIR_ops=[]
[visit_enter] AST=Name line=13 MLIR_ops=[]
[visit_enter] AST=Module line=0 MLIR_ops=[]
[visit_enter] AST=FunctionDef line=1 MLIR_ops=[]
[visit_enter] AST=arguments line=0 MLIR_ops=[]
[visit_enter] AST=arg line=1 MLIR_ops=[]
[visit_enter] AST=Attribute line=1 MLIR_ops=[]
[visit_enter] AST=Name line=1 MLIR_ops=[]
[visit_enter] AST=arg line=1 MLIR_ops=[]
[visit_enter] AST=Attribute line=1 MLIR_ops=[]
[visit_enter] AST=Name line=1 MLIR_ops=[]
[visit_enter] AST=list line=0 MLIR_ops=[]
[visit_enter] AST=Assign line=2 MLIR_ops=[]
[visit_enter] AST=Call line=2 MLIR_ops=[]
[visit_enter] AST=Attribute line=2 MLIR_ops=[]
[visit_enter] AST=Name line=2 MLIR_ops=[]
[visit_enter] AST=Constant line=2 MLIR_ops=[]
[visit_enter] AST=Constant line=2 MLIR_ops=[]
[visit_enter] AST=Name line=2 MLIR_ops=[]
[visit_enter] AST=Assign line=3 MLIR_ops=[]
[visit_enter] AST=Call line=3 MLIR_ops=[]
[visit_enter] AST=Attribute line=3 MLIR_ops=[]
[visit_enter] AST=Name line=3 MLIR_ops=[]
[visit_enter] AST=Name line=3 MLIR_ops=[]
[visit_enter] AST=BinOp line=3 MLIR_ops=[]
[visit_enter] AST=BinOp line=3 MLIR_ops=[]
[visit_enter] AST=BinOp line=3 MLIR_ops=[]
[visit_enter] AST=List line=3 MLIR_ops=[]
[visit_enter] AST=Load line=0 MLIR_ops=[]
[visit_enter] AST=Constant line=3 MLIR_ops=[]
[visit_enter] AST=BinOp line=3 MLIR_ops=[]
[visit_enter] AST=BinOp line=3 MLIR_ops=[]
[visit_enter] AST=Name line=3 MLIR_ops=[]
[visit_enter] AST=Name line=3 MLIR_ops=[]
[visit_enter] AST=Constant line=3 MLIR_ops=[]
[visit_enter] AST=List line=3 MLIR_ops=[]
[visit_enter] AST=Load line=0 MLIR_ops=[]
[visit_enter] AST=Constant line=3 MLIR_ops=[]
[visit_enter] AST=BinOp line=3 MLIR_ops=[]
[visit_enter] AST=List line=3 MLIR_ops=[]
[visit_enter] AST=Load line=0 MLIR_ops=[]
[visit_enter] AST=Constant line=3 MLIR_ops=[]
[visit_enter] AST=Name line=3 MLIR_ops=[]
[visit_enter] AST=Name line=3 MLIR_ops=[]
[visit_enter] AST=Return line=4 MLIR_ops=[]
[visit_enter] AST=Name line=4 MLIR_ops=[]
[visit_enter] AST=Name line=13 MLIR_ops=[]
[visit_enter] AST=For line=17 MLIR_ops=[]
[visit_enter] AST=Attribute line=17 MLIR_ops=[]
[visit_enter] AST=Name line=17 MLIR_ops=[]
[visit_enter] AST=Name line=17 MLIR_ops=[]
[visit_enter] AST=list line=0 MLIR_ops=[]
[visit_enter] AST=Assign line=18 MLIR_ops=[]
[visit_enter] AST=Call line=18 MLIR_ops=[]
[visit_enter] AST=Name line=18 MLIR_ops=[]
[visit_enter] AST=Name line=18 MLIR_ops=[]
[visit_enter] AST=Name line=18 MLIR_ops=[]
[visit_enter] AST=BinOp line=18 MLIR_ops=[]
[visit_enter] AST=BinOp line=18 MLIR_ops=[]
[visit_enter] AST=Name line=18 MLIR_ops=[]
[visit_enter] AST=Constant line=18 MLIR_ops=[]
[visit_enter] AST=Name line=18 MLIR_ops=[]
[visit_enter] AST=Module line=0 MLIR_ops=[]
[visit_enter] AST=FunctionDef line=1 MLIR_ops=[]
[visit_enter] AST=arguments line=0 MLIR_ops=[]
[visit_enter] AST=arg line=1 MLIR_ops=[]
[visit_enter] AST=arg line=1 MLIR_ops=[]
[visit_enter] AST=arg line=1 MLIR_ops=[]
[visit_enter] AST=Attribute line=1 MLIR_ops=[]
[visit_enter] AST=Name line=1 MLIR_ops=[]
[visit_enter] AST=list line=0 MLIR_ops=[]
[visit_enter] AST=AnnAssign line=3 MLIR_ops=[]
[visit_enter] AST=Attribute line=3 MLIR_ops=[]
[visit_enter] AST=Name line=3 MLIR_ops=[]
[visit_enter] AST=Name line=3 MLIR_ops=[]
[visit_enter] AST=Call line=3 MLIR_ops=[]
[visit_enter] AST=Name line=3 MLIR_ops=[]
[visit_enter] AST=Attribute line=3 MLIR_ops=[]
[visit_enter] AST=Name line=3 MLIR_ops=[]
[visit_enter] AST=Assign line=6 MLIR_ops=[]
[visit_enter] AST=Call line=6 MLIR_ops=[]
[visit_enter] AST=Name line=6 MLIR_ops=[]
[visit_enter] AST=keyword line=6 MLIR_ops=[]
[visit_enter] AST=Attribute line=6 MLIR_ops=[]
[visit_enter] AST=Attribute line=6 MLIR_ops=[]
[visit_enter] AST=Name line=6 MLIR_ops=[]
[visit_enter] AST=keyword line=6 MLIR_ops=[]
[visit_enter] AST=Constant line=6 MLIR_ops=[]
[visit_enter] AST=Name line=6 MLIR_ops=[]
[visit_enter] AST=Assign line=7 MLIR_ops=[]
[visit_enter] AST=Call line=7 MLIR_ops=[]
[visit_enter] AST=Attribute line=7 MLIR_ops=[]
[visit_enter] AST=Name line=7 MLIR_ops=[]
[visit_enter] AST=keyword line=7 MLIR_ops=[]
[visit_enter] AST=Constant line=7 MLIR_ops=[]
[visit_enter] AST=Name line=7 MLIR_ops=[]
[visit_enter] AST=Name line=7 MLIR_ops=[]
[visit_enter] AST=Assign line=8 MLIR_ops=[]
[visit_enter] AST=BinOp line=8 MLIR_ops=[]
[visit_enter] AST=Name line=8 MLIR_ops=[]
[visit_enter] AST=Call line=8 MLIR_ops=[]
[visit_enter] AST=Name line=8 MLIR_ops=[]
[visit_enter] AST=Name line=8 MLIR_ops=[]
[visit_enter] AST=BinOp line=8 MLIR_ops=[]
[visit_enter] AST=BinOp line=8 MLIR_ops=[]
[visit_enter] AST=Name line=8 MLIR_ops=[]
[visit_enter] AST=Constant line=8 MLIR_ops=[]
[visit_enter] AST=Name line=8 MLIR_ops=[]
[visit_enter] AST=Constant line=8 MLIR_ops=[]
[visit_enter] AST=Module line=0 MLIR_ops=[]
[visit_enter] AST=FunctionDef line=1 MLIR_ops=[]
[visit_enter] AST=arguments line=0 MLIR_ops=[]
[visit_enter] AST=arg line=1 MLIR_ops=[]
[visit_enter] AST=arg line=1 MLIR_ops=[]
[visit_enter] AST=arg line=1 MLIR_ops=[]
[visit_enter] AST=Assign line=0 MLIR_ops=[]
[visit_enter] AST=Constant line=1 MLIR_ops=[]
[visit_enter] AST=Name line=0 MLIR_ops=[]
[visit_enter] AST=Assign line=0 MLIR_ops=[]
[visit_enter] AST=Constant line=1 MLIR_ops=[]
[visit_enter] AST=Name line=0 MLIR_ops=[]
[visit_enter] AST=list line=0 MLIR_ops=[]
[visit_enter] AST=Expr line=2 MLIR_ops=[]
[visit_enter] AST=Call line=2 MLIR_ops=[]
[visit_enter] AST=Attribute line=2 MLIR_ops=[]
[visit_enter] AST=Name line=2 MLIR_ops=[]
[visit_enter] AST=Call line=2 MLIR_ops=[]
[visit_enter] AST=Attribute line=2 MLIR_ops=[]
[visit_enter] AST=Attribute line=2 MLIR_ops=[]
[visit_enter] AST=Attribute line=2 MLIR_ops=[]
[visit_enter] AST=Name line=2 MLIR_ops=[]
[visit_enter] AST=Return line=3 MLIR_ops=[]
[visit_enter] AST=Call line=3 MLIR_ops=[]
[visit_enter] AST=Attribute line=3 MLIR_ops=[]
[visit_enter] AST=Name line=3 MLIR_ops=[]
[visit_enter] AST=keyword line=3 MLIR_ops=[]
[visit_enter] AST=Name line=3 MLIR_ops=[]
[visit_enter] AST=Name line=3 MLIR_ops=[]
[visit_enter] AST=Name line=3 MLIR_ops=[]
[visit_enter] AST=Name line=3 MLIR_ops=[]
[visit_enter] AST=Name line=8 MLIR_ops=[]
[visit_enter] AST=Assign line=9 MLIR_ops=[]
[visit_enter] AST=Call line=9 MLIR_ops=[]
[visit_enter] AST=Attribute line=9 MLIR_ops=[]
[visit_enter] AST=Name line=9 MLIR_ops=[]
[visit_enter] AST=keyword line=9 MLIR_ops=[]
[visit_enter] AST=Constant line=9 MLIR_ops=[]
[visit_enter] AST=Attribute line=9 MLIR_ops=[]
[visit_enter] AST=Name line=9 MLIR_ops=[]
[visit_enter] AST=Name line=9 MLIR_ops=[]
[visit_enter] AST=Assign line=12 MLIR_ops=[]
[visit_enter] AST=Call line=12 MLIR_ops=[]
[visit_enter] AST=Name line=12 MLIR_ops=[]
[visit_enter] AST=Name line=12 MLIR_ops=[]
[visit_enter] AST=Name line=12 MLIR_ops=[]
[visit_enter] AST=Module line=0 MLIR_ops=[]
[visit_enter] AST=FunctionDef line=1 MLIR_ops=[]
[visit_enter] AST=arguments line=0 MLIR_ops=[]
[visit_enter] AST=arg line=1 MLIR_ops=[]
[visit_enter] AST=Attribute line=1 MLIR_ops=[]
[visit_enter] AST=Name line=1 MLIR_ops=[]
[visit_enter] AST=arg line=1 MLIR_ops=[]
[visit_enter] AST=Attribute line=1 MLIR_ops=[]
[visit_enter] AST=Name line=1 MLIR_ops=[]
[visit_enter] AST=list line=0 MLIR_ops=[]
[visit_enter] AST=Assign line=2 MLIR_ops=[]
[visit_enter] AST=Call line=2 MLIR_ops=[]
[visit_enter] AST=Attribute line=2 MLIR_ops=[]
[visit_enter] AST=Name line=2 MLIR_ops=[]
[visit_enter] AST=Constant line=2 MLIR_ops=[]
[visit_enter] AST=Constant line=2 MLIR_ops=[]
[visit_enter] AST=Name line=2 MLIR_ops=[]
[visit_enter] AST=Assign line=3 MLIR_ops=[]
[visit_enter] AST=Call line=3 MLIR_ops=[]
[visit_enter] AST=Attribute line=3 MLIR_ops=[]
[visit_enter] AST=Name line=3 MLIR_ops=[]
[visit_enter] AST=Name line=3 MLIR_ops=[]
[visit_enter] AST=BinOp line=3 MLIR_ops=[]
[visit_enter] AST=BinOp line=3 MLIR_ops=[]
[visit_enter] AST=BinOp line=3 MLIR_ops=[]
[visit_enter] AST=List line=3 MLIR_ops=[]
[visit_enter] AST=Load line=0 MLIR_ops=[]
[visit_enter] AST=Constant line=3 MLIR_ops=[]
[visit_enter] AST=BinOp line=3 MLIR_ops=[]
[visit_enter] AST=BinOp line=3 MLIR_ops=[]
[visit_enter] AST=Name line=3 MLIR_ops=[]
[visit_enter] AST=Name line=3 MLIR_ops=[]
[visit_enter] AST=Constant line=3 MLIR_ops=[]
[visit_enter] AST=List line=3 MLIR_ops=[]
[visit_enter] AST=Load line=0 MLIR_ops=[]
[visit_enter] AST=Constant line=3 MLIR_ops=[]
[visit_enter] AST=BinOp line=3 MLIR_ops=[]
[visit_enter] AST=List line=3 MLIR_ops=[]
[visit_enter] AST=Load line=0 MLIR_ops=[]
[visit_enter] AST=Constant line=3 MLIR_ops=[]
[visit_enter] AST=Name line=3 MLIR_ops=[]
[visit_enter] AST=Name line=3 MLIR_ops=[]
[visit_enter] AST=Return line=4 MLIR_ops=[]
[visit_enter] AST=Name line=4 MLIR_ops=[]
[visit_enter] AST=Name line=12 MLIR_ops=[]
[visit_enter] AST=Assign line=15 MLIR_ops=[]
[visit_enter] AST=Call line=15 MLIR_ops=[]
[visit_enter] AST=Attribute line=15 MLIR_ops=[]
[visit_enter] AST=Name line=15 MLIR_ops=[]
[visit_enter] AST=Compare line=15 MLIR_ops=[]
[visit_enter] AST=Compare line=15 MLIR_ops=[]
[visit_enter] AST=Name line=15 MLIR_ops=[]
[visit_enter] AST=Name line=15 MLIR_ops=[]
[visit_enter] AST=BinOp line=15 MLIR_ops=[]
[visit_enter] AST=Name line=15 MLIR_ops=[]
[visit_enter] AST=Name line=15 MLIR_ops=[]
[visit_enter] AST=Name line=15 MLIR_ops=[]
[visit_enter] AST=Name line=15 MLIR_ops=[]
[visit_enter] AST=Name line=15 MLIR_ops=[]
[visit_enter] AST=Return line=16 MLIR_ops=[]
[visit_enter] AST=Name line=16 MLIR_ops=[]
[visit_enter] AST=Name line=18 MLIR_ops=[]
[visit_enter] AST=list line=0 MLIR_ops=[]
[visit_enter] AST=Assign line=18 MLIR_ops=[]
[visit_enter] AST=Call line=18 MLIR_ops=[]
[visit_enter] AST=Name line=18 MLIR_ops=[]
[visit_enter] AST=Name line=18 MLIR_ops=[]
[visit_enter] AST=Name line=18 MLIR_ops=[]
[visit_enter] AST=BinOp line=18 MLIR_ops=[]
[visit_enter] AST=BinOp line=18 MLIR_ops=[]
[visit_enter] AST=Name line=18 MLIR_ops=[]
[visit_enter] AST=Constant line=18 MLIR_ops=[]
[visit_enter] AST=Name line=18 MLIR_ops=[]
[visit_enter] AST=Module line=0 MLIR_ops=[]
[visit_enter] AST=FunctionDef line=1 MLIR_ops=[]
[visit_enter] AST=arguments line=0 MLIR_ops=[]
[visit_enter] AST=arg line=1 MLIR_ops=[]
[visit_enter] AST=arg line=1 MLIR_ops=[]
[visit_enter] AST=arg line=1 MLIR_ops=[]
[visit_enter] AST=Attribute line=1 MLIR_ops=[]
[visit_enter] AST=Name line=1 MLIR_ops=[]
[visit_enter] AST=list line=0 MLIR_ops=[]
[visit_enter] AST=AnnAssign line=3 MLIR_ops=[]
[visit_enter] AST=Attribute line=3 MLIR_ops=[]
[visit_enter] AST=Name line=3 MLIR_ops=[]
[visit_enter] AST=Name line=3 MLIR_ops=[]
[visit_enter] AST=Call line=3 MLIR_ops=[]
[visit_enter] AST=Name line=3 MLIR_ops=[]
[visit_enter] AST=Attribute line=3 MLIR_ops=[]
[visit_enter] AST=Name line=3 MLIR_ops=[]
[visit_enter] AST=Assign line=6 MLIR_ops=[]
[visit_enter] AST=Call line=6 MLIR_ops=[]
[visit_enter] AST=Name line=6 MLIR_ops=[]
[visit_enter] AST=keyword line=6 MLIR_ops=[]
[visit_enter] AST=Attribute line=6 MLIR_ops=[]
[visit_enter] AST=Attribute line=6 MLIR_ops=[]
[visit_enter] AST=Name line=6 MLIR_ops=[]
[visit_enter] AST=keyword line=6 MLIR_ops=[]
[visit_enter] AST=Constant line=6 MLIR_ops=[]
[visit_enter] AST=Name line=6 MLIR_ops=[]
[visit_enter] AST=Assign line=7 MLIR_ops=[]
[visit_enter] AST=Call line=7 MLIR_ops=[]
[visit_enter] AST=Attribute line=7 MLIR_ops=[]
[visit_enter] AST=Name line=7 MLIR_ops=[]
[visit_enter] AST=keyword line=7 MLIR_ops=[]
[visit_enter] AST=Constant line=7 MLIR_ops=[]
[visit_enter] AST=Name line=7 MLIR_ops=[]
[visit_enter] AST=Name line=7 MLIR_ops=[]
[visit_enter] AST=Assign line=8 MLIR_ops=[]
[visit_enter] AST=BinOp line=8 MLIR_ops=[]
[visit_enter] AST=Name line=8 MLIR_ops=[]
[visit_enter] AST=Call line=8 MLIR_ops=[]
[visit_enter] AST=Name line=8 MLIR_ops=[]
[visit_enter] AST=Name line=8 MLIR_ops=[]
[visit_enter] AST=BinOp line=8 MLIR_ops=[]
[visit_enter] AST=BinOp line=8 MLIR_ops=[]
[visit_enter] AST=Name line=8 MLIR_ops=[]
[visit_enter] AST=Constant line=8 MLIR_ops=[]
[visit_enter] AST=Name line=8 MLIR_ops=[]
[visit_enter] AST=Constant line=8 MLIR_ops=[]
[visit_enter] AST=Module line=0 MLIR_ops=[]
[visit_enter] AST=FunctionDef line=1 MLIR_ops=[]
[visit_enter] AST=arguments line=0 MLIR_ops=[]
[visit_enter] AST=arg line=1 MLIR_ops=[]
[visit_enter] AST=arg line=1 MLIR_ops=[]
[visit_enter] AST=arg line=1 MLIR_ops=[]
[visit_enter] AST=Assign line=0 MLIR_ops=[]
[visit_enter] AST=Constant line=1 MLIR_ops=[]
[visit_enter] AST=Name line=0 MLIR_ops=[]
[visit_enter] AST=Assign line=0 MLIR_ops=[]
[visit_enter] AST=Constant line=1 MLIR_ops=[]
[visit_enter] AST=Name line=0 MLIR_ops=[]
[visit_enter] AST=list line=0 MLIR_ops=[]
[visit_enter] AST=Expr line=2 MLIR_ops=[]
[visit_enter] AST=Call line=2 MLIR_ops=[]
[visit_enter] AST=Attribute line=2 MLIR_ops=[]
[visit_enter] AST=Name line=2 MLIR_ops=[]
[visit_enter] AST=Call line=2 MLIR_ops=[]
[visit_enter] AST=Attribute line=2 MLIR_ops=[]
[visit_enter] AST=Attribute line=2 MLIR_ops=[]
[visit_enter] AST=Attribute line=2 MLIR_ops=[]
[visit_enter] AST=Name line=2 MLIR_ops=[]
[visit_enter] AST=Return line=3 MLIR_ops=[]
[visit_enter] AST=Call line=3 MLIR_ops=[]
[visit_enter] AST=Attribute line=3 MLIR_ops=[]
[visit_enter] AST=Name line=3 MLIR_ops=[]
[visit_enter] AST=keyword line=3 MLIR_ops=[]
[visit_enter] AST=Name line=3 MLIR_ops=[]
[visit_enter] AST=Name line=3 MLIR_ops=[]
[visit_enter] AST=Name line=3 MLIR_ops=[]
[visit_enter] AST=Name line=3 MLIR_ops=[]
[visit_enter] AST=Name line=8 MLIR_ops=[]
[visit_enter] AST=Assign line=9 MLIR_ops=[]
[visit_enter] AST=Call line=9 MLIR_ops=[]
[visit_enter] AST=Attribute line=9 MLIR_ops=[]
[visit_enter] AST=Name line=9 MLIR_ops=[]
[visit_enter] AST=keyword line=9 MLIR_ops=[]
[visit_enter] AST=Constant line=9 MLIR_ops=[]
[visit_enter] AST=Attribute line=9 MLIR_ops=[]
[visit_enter] AST=Name line=9 MLIR_ops=[]
[visit_enter] AST=Name line=9 MLIR_ops=[]
[visit_enter] AST=Assign line=12 MLIR_ops=[]
[visit_enter] AST=Call line=12 MLIR_ops=[]
[visit_enter] AST=Name line=12 MLIR_ops=[]
[visit_enter] AST=Name line=12 MLIR_ops=[]
[visit_enter] AST=Name line=12 MLIR_ops=[]
[visit_enter] AST=Module line=0 MLIR_ops=[]
[visit_enter] AST=FunctionDef line=1 MLIR_ops=[]
[visit_enter] AST=arguments line=0 MLIR_ops=[]
[visit_enter] AST=arg line=1 MLIR_ops=[]
[visit_enter] AST=Attribute line=1 MLIR_ops=[]
[visit_enter] AST=Name line=1 MLIR_ops=[]
[visit_enter] AST=arg line=1 MLIR_ops=[]
[visit_enter] AST=Attribute line=1 MLIR_ops=[]
[visit_enter] AST=Name line=1 MLIR_ops=[]
[visit_enter] AST=list line=0 MLIR_ops=[]
[visit_enter] AST=Assign line=2 MLIR_ops=[]
[visit_enter] AST=Call line=2 MLIR_ops=[]
[visit_enter] AST=Attribute line=2 MLIR_ops=[]
[visit_enter] AST=Name line=2 MLIR_ops=[]
[visit_enter] AST=Constant line=2 MLIR_ops=[]
[visit_enter] AST=Constant line=2 MLIR_ops=[]
[visit_enter] AST=Name line=2 MLIR_ops=[]
[visit_enter] AST=Assign line=3 MLIR_ops=[]
[visit_enter] AST=Call line=3 MLIR_ops=[]
[visit_enter] AST=Attribute line=3 MLIR_ops=[]
[visit_enter] AST=Name line=3 MLIR_ops=[]
[visit_enter] AST=Name line=3 MLIR_ops=[]
[visit_enter] AST=BinOp line=3 MLIR_ops=[]
[visit_enter] AST=BinOp line=3 MLIR_ops=[]
[visit_enter] AST=BinOp line=3 MLIR_ops=[]
[visit_enter] AST=List line=3 MLIR_ops=[]
[visit_enter] AST=Load line=0 MLIR_ops=[]
[visit_enter] AST=Constant line=3 MLIR_ops=[]
[visit_enter] AST=BinOp line=3 MLIR_ops=[]
[visit_enter] AST=BinOp line=3 MLIR_ops=[]
[visit_enter] AST=Name line=3 MLIR_ops=[]
[visit_enter] AST=Name line=3 MLIR_ops=[]
[visit_enter] AST=Constant line=3 MLIR_ops=[]
[visit_enter] AST=List line=3 MLIR_ops=[]
[visit_enter] AST=Load line=0 MLIR_ops=[]
[visit_enter] AST=Constant line=3 MLIR_ops=[]
[visit_enter] AST=BinOp line=3 MLIR_ops=[]
[visit_enter] AST=List line=3 MLIR_ops=[]
[visit_enter] AST=Load line=0 MLIR_ops=[]
[visit_enter] AST=Constant line=3 MLIR_ops=[]
[visit_enter] AST=Name line=3 MLIR_ops=[]
[visit_enter] AST=Name line=3 MLIR_ops=[]
[visit_enter] AST=Return line=4 MLIR_ops=[]
[visit_enter] AST=Name line=4 MLIR_ops=[]
[visit_enter] AST=Name line=12 MLIR_ops=[]
[visit_enter] AST=Assign line=15 MLIR_ops=[]
[visit_enter] AST=Call line=15 MLIR_ops=[]
[visit_enter] AST=Attribute line=15 MLIR_ops=[]
[visit_enter] AST=Name line=15 MLIR_ops=[]
[visit_enter] AST=Compare line=15 MLIR_ops=[]
[visit_enter] AST=Compare line=15 MLIR_ops=[]
[visit_enter] AST=Name line=15 MLIR_ops=[]
[visit_enter] AST=Name line=15 MLIR_ops=[]
[visit_enter] AST=BinOp line=15 MLIR_ops=[]
[visit_enter] AST=Name line=15 MLIR_ops=[]
[visit_enter] AST=Name line=15 MLIR_ops=[]
[visit_enter] AST=Name line=15 MLIR_ops=[]
[visit_enter] AST=Name line=15 MLIR_ops=[]
[visit_enter] AST=Name line=15 MLIR_ops=[]
[visit_enter] AST=Return line=16 MLIR_ops=[]
[visit_enter] AST=Name line=16 MLIR_ops=[]
[visit_enter] AST=Name line=18 MLIR_ops=[]
[visit_enter] AST=list line=0 MLIR_ops=[]
[visit_enter] AST=Assign line=18 MLIR_ops=[]
[visit_enter] AST=Call line=18 MLIR_ops=[]
[visit_enter] AST=Name line=18 MLIR_ops=[]
[visit_enter] AST=Name line=18 MLIR_ops=[]
[visit_enter] AST=Name line=18 MLIR_ops=[]
[visit_enter] AST=BinOp line=18 MLIR_ops=[]
[visit_enter] AST=BinOp line=18 MLIR_ops=[]
[visit_enter] AST=Name line=18 MLIR_ops=[]
[visit_enter] AST=Constant line=18 MLIR_ops=[]
[visit_enter] AST=Name line=18 MLIR_ops=[]
[visit_enter] AST=Module line=0 MLIR_ops=[]
[visit_enter] AST=FunctionDef line=1 MLIR_ops=[]
[visit_enter] AST=arguments line=0 MLIR_ops=[]
[visit_enter] AST=arg line=1 MLIR_ops=[]
[visit_enter] AST=arg line=1 MLIR_ops=[]
[visit_enter] AST=arg line=1 MLIR_ops=[]
[visit_enter] AST=Attribute line=1 MLIR_ops=[]
[visit_enter] AST=Name line=1 MLIR_ops=[]
[visit_enter] AST=list line=0 MLIR_ops=[]
[visit_enter] AST=AnnAssign line=3 MLIR_ops=[]
[visit_enter] AST=Attribute line=3 MLIR_ops=[]
[visit_enter] AST=Name line=3 MLIR_ops=[]
[visit_enter] AST=Name line=3 MLIR_ops=[]
[visit_enter] AST=Call line=3 MLIR_ops=[]
[visit_enter] AST=Name line=3 MLIR_ops=[]
[visit_enter] AST=Attribute line=3 MLIR_ops=[]
[visit_enter] AST=Name line=3 MLIR_ops=[]
[visit_enter] AST=Assign line=6 MLIR_ops=[]
[visit_enter] AST=Call line=6 MLIR_ops=[]
[visit_enter] AST=Name line=6 MLIR_ops=[]
[visit_enter] AST=keyword line=6 MLIR_ops=[]
[visit_enter] AST=Attribute line=6 MLIR_ops=[]
[visit_enter] AST=Attribute line=6 MLIR_ops=[]
[visit_enter] AST=Name line=6 MLIR_ops=[]
[visit_enter] AST=keyword line=6 MLIR_ops=[]
[visit_enter] AST=Constant line=6 MLIR_ops=[]
[visit_enter] AST=Name line=6 MLIR_ops=[]
[visit_enter] AST=Assign line=7 MLIR_ops=[]
[visit_enter] AST=Call line=7 MLIR_ops=[]
[visit_enter] AST=Attribute line=7 MLIR_ops=[]
[visit_enter] AST=Name line=7 MLIR_ops=[]
[visit_enter] AST=keyword line=7 MLIR_ops=[]
[visit_enter] AST=Constant line=7 MLIR_ops=[]
[visit_enter] AST=Name line=7 MLIR_ops=[]
[visit_enter] AST=Name line=7 MLIR_ops=[]
[visit_enter] AST=Assign line=8 MLIR_ops=[]
[visit_enter] AST=BinOp line=8 MLIR_ops=[]
[visit_enter] AST=Name line=8 MLIR_ops=[]
[visit_enter] AST=Call line=8 MLIR_ops=[]
[visit_enter] AST=Name line=8 MLIR_ops=[]
[visit_enter] AST=Name line=8 MLIR_ops=[]
[visit_enter] AST=BinOp line=8 MLIR_ops=[]
[visit_enter] AST=BinOp line=8 MLIR_ops=[]
[visit_enter] AST=Name line=8 MLIR_ops=[]
[visit_enter] AST=Constant line=8 MLIR_ops=[]
[visit_enter] AST=Name line=8 MLIR_ops=[]
[visit_enter] AST=Constant line=8 MLIR_ops=[]
[visit_enter] AST=Module line=0 MLIR_ops=[]
[visit_enter] AST=FunctionDef line=1 MLIR_ops=[]
[visit_enter] AST=arguments line=0 MLIR_ops=[]
[visit_enter] AST=arg line=1 MLIR_ops=[]
[visit_enter] AST=arg line=1 MLIR_ops=[]
[visit_enter] AST=arg line=1 MLIR_ops=[]
[visit_enter] AST=Assign line=0 MLIR_ops=[]
[visit_enter] AST=Constant line=1 MLIR_ops=[]
[visit_enter] AST=Name line=0 MLIR_ops=[]
[visit_enter] AST=Assign line=0 MLIR_ops=[]
[visit_enter] AST=Constant line=1 MLIR_ops=[]
[visit_enter] AST=Name line=0 MLIR_ops=[]
[visit_enter] AST=list line=0 MLIR_ops=[]
[visit_enter] AST=Expr line=2 MLIR_ops=[]
[visit_enter] AST=Call line=2 MLIR_ops=[]
[visit_enter] AST=Attribute line=2 MLIR_ops=[]
[visit_enter] AST=Name line=2 MLIR_ops=[]
[visit_enter] AST=Call line=2 MLIR_ops=[]
[visit_enter] AST=Attribute line=2 MLIR_ops=[]
[visit_enter] AST=Attribute line=2 MLIR_ops=[]
[visit_enter] AST=Attribute line=2 MLIR_ops=[]
[visit_enter] AST=Name line=2 MLIR_ops=[]
[visit_enter] AST=Return line=3 MLIR_ops=[]
[visit_enter] AST=Call line=3 MLIR_ops=[]
[visit_enter] AST=Attribute line=3 MLIR_ops=[]
[visit_enter] AST=Name line=3 MLIR_ops=[]
[visit_enter] AST=keyword line=3 MLIR_ops=[]
[visit_enter] AST=Name line=3 MLIR_ops=[]
[visit_enter] AST=Name line=3 MLIR_ops=[]
[visit_enter] AST=Name line=3 MLIR_ops=[]
[visit_enter] AST=Name line=3 MLIR_ops=[]
[visit_enter] AST=Name line=8 MLIR_ops=[]
[visit_enter] AST=Assign line=9 MLIR_ops=[]
[visit_enter] AST=Call line=9 MLIR_ops=[]
[visit_enter] AST=Attribute line=9 MLIR_ops=[]
[visit_enter] AST=Name line=9 MLIR_ops=[]
[visit_enter] AST=keyword line=9 MLIR_ops=[]
[visit_enter] AST=Constant line=9 MLIR_ops=[]
[visit_enter] AST=Attribute line=9 MLIR_ops=[]
[visit_enter] AST=Name line=9 MLIR_ops=[]
[visit_enter] AST=Name line=9 MLIR_ops=[]
[visit_enter] AST=Assign line=12 MLIR_ops=[]
[visit_enter] AST=Call line=12 MLIR_ops=[]
[visit_enter] AST=Name line=12 MLIR_ops=[]
[visit_enter] AST=Name line=12 MLIR_ops=[]
[visit_enter] AST=Name line=12 MLIR_ops=[]
[visit_enter] AST=Module line=0 MLIR_ops=[]
[visit_enter] AST=FunctionDef line=1 MLIR_ops=[]
[visit_enter] AST=arguments line=0 MLIR_ops=[]
[visit_enter] AST=arg line=1 MLIR_ops=[]
[visit_enter] AST=Attribute line=1 MLIR_ops=[]
[visit_enter] AST=Name line=1 MLIR_ops=[]
[visit_enter] AST=arg line=1 MLIR_ops=[]
[visit_enter] AST=Attribute line=1 MLIR_ops=[]
[visit_enter] AST=Name line=1 MLIR_ops=[]
[visit_enter] AST=list line=0 MLIR_ops=[]
[visit_enter] AST=Assign line=2 MLIR_ops=[]
[visit_enter] AST=Call line=2 MLIR_ops=[]
[visit_enter] AST=Attribute line=2 MLIR_ops=[]
[visit_enter] AST=Name line=2 MLIR_ops=[]
[visit_enter] AST=Constant line=2 MLIR_ops=[]
[visit_enter] AST=Constant line=2 MLIR_ops=[]
[visit_enter] AST=Name line=2 MLIR_ops=[]
[visit_enter] AST=Assign line=3 MLIR_ops=[]
[visit_enter] AST=Call line=3 MLIR_ops=[]
[visit_enter] AST=Attribute line=3 MLIR_ops=[]
[visit_enter] AST=Name line=3 MLIR_ops=[]
[visit_enter] AST=Name line=3 MLIR_ops=[]
[visit_enter] AST=BinOp line=3 MLIR_ops=[]
[visit_enter] AST=BinOp line=3 MLIR_ops=[]
[visit_enter] AST=BinOp line=3 MLIR_ops=[]
[visit_enter] AST=List line=3 MLIR_ops=[]
[visit_enter] AST=Load line=0 MLIR_ops=[]
[visit_enter] AST=Constant line=3 MLIR_ops=[]
[visit_enter] AST=BinOp line=3 MLIR_ops=[]
[visit_enter] AST=BinOp line=3 MLIR_ops=[]
[visit_enter] AST=Name line=3 MLIR_ops=[]
[visit_enter] AST=Name line=3 MLIR_ops=[]
[visit_enter] AST=Constant line=3 MLIR_ops=[]
[visit_enter] AST=List line=3 MLIR_ops=[]
[visit_enter] AST=Load line=0 MLIR_ops=[]
[visit_enter] AST=Constant line=3 MLIR_ops=[]
[visit_enter] AST=BinOp line=3 MLIR_ops=[]
[visit_enter] AST=List line=3 MLIR_ops=[]
[visit_enter] AST=Load line=0 MLIR_ops=[]
[visit_enter] AST=Constant line=3 MLIR_ops=[]
[visit_enter] AST=Name line=3 MLIR_ops=[]
[visit_enter] AST=Name line=3 MLIR_ops=[]
[visit_enter] AST=Return line=4 MLIR_ops=[]
[visit_enter] AST=Name line=4 MLIR_ops=[]
[visit_enter] AST=Name line=12 MLIR_ops=[]
[visit_enter] AST=Assign line=15 MLIR_ops=[]
[visit_enter] AST=Call line=15 MLIR_ops=[]
[visit_enter] AST=Attribute line=15 MLIR_ops=[]
[visit_enter] AST=Name line=15 MLIR_ops=[]
[visit_enter] AST=Compare line=15 MLIR_ops=[]
[visit_enter] AST=Compare line=15 MLIR_ops=[]
[visit_enter] AST=Name line=15 MLIR_ops=[]
[visit_enter] AST=Name line=15 MLIR_ops=[]
[visit_enter] AST=BinOp line=15 MLIR_ops=[]
[visit_enter] AST=Name line=15 MLIR_ops=[]
[visit_enter] AST=Name line=15 MLIR_ops=[]
[visit_enter] AST=Name line=15 MLIR_ops=[]
[visit_enter] AST=Name line=15 MLIR_ops=[]
[visit_enter] AST=Name line=15 MLIR_ops=[]
[visit_enter] AST=Return line=16 MLIR_ops=[]
[visit_enter] AST=Name line=16 MLIR_ops=[]
[visit_enter] AST=Name line=18 MLIR_ops=[]
[visit_enter] AST=Return line=19 MLIR_ops=[]
[visit_enter] AST=Name line=19 MLIR_ops=[]
[visit_enter] AST=Name line=34 MLIR_ops=[]
[visit_enter] AST=list line=0 MLIR_ops=[]
[visit_enter] AST=Assign line=33 MLIR_ops=[]
[visit_enter] AST=IfExp line=33 MLIR_ops=[]
[visit_enter] AST=Name line=33 MLIR_ops=[]
[visit_enter] AST=Call line=33 MLIR_ops=[]
[visit_enter] AST=Name line=33 MLIR_ops=[]
[visit_enter] AST=keyword line=33 MLIR_ops=[]
[visit_enter] AST=BinOp line=33 MLIR_ops=[]
[visit_enter] AST=BinOp line=33 MLIR_ops=[]
[visit_enter] AST=Call line=33 MLIR_ops=[]
[visit_enter] AST=Name line=33 MLIR_ops=[]
[visit_enter] AST=Attribute line=33 MLIR_ops=[]
[visit_enter] AST=Name line=33 MLIR_ops=[]
[visit_enter] AST=Constant line=33 MLIR_ops=[]
[visit_enter] AST=Name line=33 MLIR_ops=[]
[visit_enter] AST=Name line=33 MLIR_ops=[]
[visit_enter] AST=Module line=0 MLIR_ops=[]
[visit_enter] AST=FunctionDef line=1 MLIR_ops=[]
[visit_enter] AST=arguments line=0 MLIR_ops=[]
[visit_enter] AST=arg line=1 MLIR_ops=[]
[visit_enter] AST=arg line=1 MLIR_ops=[]
[visit_enter] AST=arg line=1 MLIR_ops=[]
[visit_enter] AST=arg line=1 MLIR_ops=[]
[visit_enter] AST=arg line=1 MLIR_ops=[]
[visit_enter] AST=Assign line=0 MLIR_ops=[]
[visit_enter] AST=Constant line=1 MLIR_ops=[]
[visit_enter] AST=Name line=0 MLIR_ops=[]
[visit_enter] AST=Assign line=0 MLIR_ops=[]
[visit_enter] AST=Constant line=1 MLIR_ops=[]
[visit_enter] AST=Name line=0 MLIR_ops=[]
[visit_enter] AST=Assign line=0 MLIR_ops=[]
[visit_enter] AST=Constant line=1 MLIR_ops=[]
[visit_enter] AST=Name line=0 MLIR_ops=[]
[visit_enter] AST=Assign line=0 MLIR_ops=[]
[visit_enter] AST=Constant line=1 MLIR_ops=[]
[visit_enter] AST=Name line=0 MLIR_ops=[]
[visit_enter] AST=list line=0 MLIR_ops=[]
[visit_enter] AST=Assign line=2 MLIR_ops=[]
[visit_enter] AST=Call line=2 MLIR_ops=[]
[visit_enter] AST=Attribute line=2 MLIR_ops=[]
[visit_enter] AST=Name line=2 MLIR_ops=[]
[visit_enter] AST=Name line=2 MLIR_ops=[]
[visit_enter] AST=Name line=2 MLIR_ops=[]
[visit_enter] AST=If line=3 MLIR_ops=[]
[visit_enter] AST=Name line=3 MLIR_ops=[]
[visit_enter] AST=list line=0 MLIR_ops=[]
[visit_enter] AST=If line=9 MLIR_ops=[]
[visit_enter] AST=Compare line=9 MLIR_ops=[]
[visit_enter] AST=Call line=9 MLIR_ops=[]
[visit_enter] AST=Attribute line=9 MLIR_ops=[]
[visit_enter] AST=Name line=9 MLIR_ops=[]
[visit_enter] AST=Attribute line=9 MLIR_ops=[]
[visit_enter] AST=Attribute line=9 MLIR_ops=[]
[visit_enter] AST=Name line=9 MLIR_ops=[]
[visit_enter] AST=Call line=9 MLIR_ops=[]
[visit_enter] AST=Attribute line=9 MLIR_ops=[]
[visit_enter] AST=Name line=9 MLIR_ops=[]
[visit_enter] AST=Constant line=9 MLIR_ops=[]
[visit_enter] AST=list line=0 MLIR_ops=[]
[visit_enter] AST=Return line=15 MLIR_ops=[]
[visit_enter] AST=Call line=15 MLIR_ops=[]
[visit_enter] AST=Attribute line=15 MLIR_ops=[]
[visit_enter] AST=Name line=15 MLIR_ops=[]
[visit_enter] AST=keyword line=15 MLIR_ops=[]
[visit_enter] AST=Name line=15 MLIR_ops=[]
[visit_enter] AST=Name line=15 MLIR_ops=[]
[visit_enter] AST=Name line=15 MLIR_ops=[]
[visit_enter] AST=Name line=15 MLIR_ops=[]
[visit_enter] AST=Name line=33 MLIR_ops=[]
[visit_enter] AST=Assign line=34 MLIR_ops=[]
[visit_enter] AST=Call line=34 MLIR_ops=[]
[visit_enter] AST=Name line=34 MLIR_ops=[]
[visit_enter] AST=Name line=34 MLIR_ops=[]
[visit_enter] AST=Name line=34 MLIR_ops=[]
[visit_enter] AST=IfExp line=34 MLIR_ops=[]
[visit_enter] AST=Compare line=34 MLIR_ops=[]
[visit_enter] AST=Name line=34 MLIR_ops=[]
[visit_enter] AST=Name line=34 MLIR_ops=[]
[visit_enter] AST=Constant line=34 MLIR_ops=[]
[visit_enter] AST=Module line=0 MLIR_ops=[]
[visit_enter] AST=FunctionDef line=1 MLIR_ops=[]
[visit_enter] AST=arguments line=0 MLIR_ops=[]
[visit_enter] AST=arg line=1 MLIR_ops=[]
[visit_enter] AST=arg line=1 MLIR_ops=[]
[visit_enter] AST=Attribute line=1 MLIR_ops=[]
[visit_enter] AST=Name line=1 MLIR_ops=[]
[visit_enter] AST=arg line=1 MLIR_ops=[]
[visit_enter] AST=Attribute line=1 MLIR_ops=[]
[visit_enter] AST=Name line=1 MLIR_ops=[]
[visit_enter] AST=list line=0 MLIR_ops=[]
[visit_enter] AST=Expr line=2 MLIR_ops=[]
[visit_enter] AST=Constant line=2 MLIR_ops=[]
[visit_enter] AST=If line=12 MLIR_ops=[]
[visit_enter] AST=Compare line=12 MLIR_ops=[]
[visit_enter] AST=Name line=12 MLIR_ops=[]
[visit_enter] AST=Constant line=12 MLIR_ops=[]
[visit_enter] AST=list line=0 MLIR_ops=[]
[visit_enter] AST=Assign line=13 MLIR_ops=[]
[visit_enter] AST=Call line=13 MLIR_ops=[]
[visit_enter] AST=Name line=13 MLIR_ops=[]
[visit_enter] AST=Call line=13 MLIR_ops=[]
[visit_enter] AST=Name line=13 MLIR_ops=[]
[visit_enter] AST=Attribute line=13 MLIR_ops=[]
[visit_enter] AST=Name line=13 MLIR_ops=[]
[visit_enter] AST=Name line=13 MLIR_ops=[]
[visit_enter] AST=Module line=0 MLIR_ops=[]
[visit_enter] AST=FunctionDef line=1 MLIR_ops=[]
[visit_enter] AST=arguments line=0 MLIR_ops=[]
[visit_enter] AST=arg line=1 MLIR_ops=[]
[visit_enter] AST=Attribute line=1 MLIR_ops=[]
[visit_enter] AST=Name line=1 MLIR_ops=[]
[visit_enter] AST=arg line=1 MLIR_ops=[]
[visit_enter] AST=Attribute line=1 MLIR_ops=[]
[visit_enter] AST=Name line=1 MLIR_ops=[]
[visit_enter] AST=list line=0 MLIR_ops=[]
[visit_enter] AST=Assign line=2 MLIR_ops=[]
[visit_enter] AST=Call line=2 MLIR_ops=[]
[visit_enter] AST=Attribute line=2 MLIR_ops=[]
[visit_enter] AST=Name line=2 MLIR_ops=[]
[visit_enter] AST=Constant line=2 MLIR_ops=[]
[visit_enter] AST=Constant line=2 MLIR_ops=[]
[visit_enter] AST=Name line=2 MLIR_ops=[]
[visit_enter] AST=Assign line=3 MLIR_ops=[]
[visit_enter] AST=Call line=3 MLIR_ops=[]
[visit_enter] AST=Attribute line=3 MLIR_ops=[]
[visit_enter] AST=Name line=3 MLIR_ops=[]
[visit_enter] AST=Name line=3 MLIR_ops=[]
[visit_enter] AST=BinOp line=3 MLIR_ops=[]
[visit_enter] AST=BinOp line=3 MLIR_ops=[]
[visit_enter] AST=BinOp line=3 MLIR_ops=[]
[visit_enter] AST=List line=3 MLIR_ops=[]
[visit_enter] AST=Load line=0 MLIR_ops=[]
[visit_enter] AST=Constant line=3 MLIR_ops=[]
[visit_enter] AST=BinOp line=3 MLIR_ops=[]
[visit_enter] AST=BinOp line=3 MLIR_ops=[]
[visit_enter] AST=Name line=3 MLIR_ops=[]
[visit_enter] AST=Name line=3 MLIR_ops=[]
[visit_enter] AST=Constant line=3 MLIR_ops=[]
[visit_enter] AST=List line=3 MLIR_ops=[]
[visit_enter] AST=Load line=0 MLIR_ops=[]
[visit_enter] AST=Constant line=3 MLIR_ops=[]
[visit_enter] AST=BinOp line=3 MLIR_ops=[]
[visit_enter] AST=List line=3 MLIR_ops=[]
[visit_enter] AST=Load line=0 MLIR_ops=[]
[visit_enter] AST=Constant line=3 MLIR_ops=[]
[visit_enter] AST=Name line=3 MLIR_ops=[]
[visit_enter] AST=Name line=3 MLIR_ops=[]
[visit_enter] AST=Return line=4 MLIR_ops=[]
[visit_enter] AST=Name line=4 MLIR_ops=[]
[visit_enter] AST=Name line=13 MLIR_ops=[]
[visit_enter] AST=For line=17 MLIR_ops=[]
[visit_enter] AST=Attribute line=17 MLIR_ops=[]
[visit_enter] AST=Name line=17 MLIR_ops=[]
[visit_enter] AST=Name line=17 MLIR_ops=[]
[visit_enter] AST=list line=0 MLIR_ops=[]
[visit_enter] AST=Assign line=18 MLIR_ops=[]
[visit_enter] AST=Call line=18 MLIR_ops=[]
[visit_enter] AST=Name line=18 MLIR_ops=[]
[visit_enter] AST=Name line=18 MLIR_ops=[]
[visit_enter] AST=Name line=18 MLIR_ops=[]
[visit_enter] AST=BinOp line=18 MLIR_ops=[]
[visit_enter] AST=BinOp line=18 MLIR_ops=[]
[visit_enter] AST=Name line=18 MLIR_ops=[]
[visit_enter] AST=Constant line=18 MLIR_ops=[]
[visit_enter] AST=Name line=18 MLIR_ops=[]
[visit_enter] AST=Module line=0 MLIR_ops=[]
[visit_enter] AST=FunctionDef line=1 MLIR_ops=[]
[visit_enter] AST=arguments line=0 MLIR_ops=[]
[visit_enter] AST=arg line=1 MLIR_ops=[]
[visit_enter] AST=arg line=1 MLIR_ops=[]
[visit_enter] AST=arg line=1 MLIR_ops=[]
[visit_enter] AST=Attribute line=1 MLIR_ops=[]
[visit_enter] AST=Name line=1 MLIR_ops=[]
[visit_enter] AST=list line=0 MLIR_ops=[]
[visit_enter] AST=AnnAssign line=3 MLIR_ops=[]
[visit_enter] AST=Attribute line=3 MLIR_ops=[]
[visit_enter] AST=Name line=3 MLIR_ops=[]
[visit_enter] AST=Name line=3 MLIR_ops=[]
[visit_enter] AST=Call line=3 MLIR_ops=[]
[visit_enter] AST=Name line=3 MLIR_ops=[]
[visit_enter] AST=Attribute line=3 MLIR_ops=[]
[visit_enter] AST=Name line=3 MLIR_ops=[]
[visit_enter] AST=Assign line=6 MLIR_ops=[]
[visit_enter] AST=Call line=6 MLIR_ops=[]
[visit_enter] AST=Name line=6 MLIR_ops=[]
[visit_enter] AST=keyword line=6 MLIR_ops=[]
[visit_enter] AST=Attribute line=6 MLIR_ops=[]
[visit_enter] AST=Attribute line=6 MLIR_ops=[]
[visit_enter] AST=Name line=6 MLIR_ops=[]
[visit_enter] AST=keyword line=6 MLIR_ops=[]
[visit_enter] AST=Constant line=6 MLIR_ops=[]
[visit_enter] AST=Name line=6 MLIR_ops=[]
[visit_enter] AST=Assign line=7 MLIR_ops=[]
[visit_enter] AST=Call line=7 MLIR_ops=[]
[visit_enter] AST=Attribute line=7 MLIR_ops=[]
[visit_enter] AST=Name line=7 MLIR_ops=[]
[visit_enter] AST=keyword line=7 MLIR_ops=[]
[visit_enter] AST=Constant line=7 MLIR_ops=[]
[visit_enter] AST=Name line=7 MLIR_ops=[]
[visit_enter] AST=Name line=7 MLIR_ops=[]
[visit_enter] AST=Assign line=8 MLIR_ops=[]
[visit_enter] AST=BinOp line=8 MLIR_ops=[]
[visit_enter] AST=Name line=8 MLIR_ops=[]
[visit_enter] AST=Call line=8 MLIR_ops=[]
[visit_enter] AST=Name line=8 MLIR_ops=[]
[visit_enter] AST=Name line=8 MLIR_ops=[]
[visit_enter] AST=BinOp line=8 MLIR_ops=[]
[visit_enter] AST=BinOp line=8 MLIR_ops=[]
[visit_enter] AST=Name line=8 MLIR_ops=[]
[visit_enter] AST=Constant line=8 MLIR_ops=[]
[visit_enter] AST=Name line=8 MLIR_ops=[]
[visit_enter] AST=Constant line=8 MLIR_ops=[]
[visit_enter] AST=Module line=0 MLIR_ops=[]
[visit_enter] AST=FunctionDef line=1 MLIR_ops=[]
[visit_enter] AST=arguments line=0 MLIR_ops=[]
[visit_enter] AST=arg line=1 MLIR_ops=[]
[visit_enter] AST=arg line=1 MLIR_ops=[]
[visit_enter] AST=arg line=1 MLIR_ops=[]
[visit_enter] AST=Assign line=0 MLIR_ops=[]
[visit_enter] AST=Constant line=1 MLIR_ops=[]
[visit_enter] AST=Name line=0 MLIR_ops=[]
[visit_enter] AST=Assign line=0 MLIR_ops=[]
[visit_enter] AST=Constant line=1 MLIR_ops=[]
[visit_enter] AST=Name line=0 MLIR_ops=[]
[visit_enter] AST=list line=0 MLIR_ops=[]
[visit_enter] AST=Expr line=2 MLIR_ops=[]
[visit_enter] AST=Call line=2 MLIR_ops=[]
[visit_enter] AST=Attribute line=2 MLIR_ops=[]
[visit_enter] AST=Name line=2 MLIR_ops=[]
[visit_enter] AST=Call line=2 MLIR_ops=[]
[visit_enter] AST=Attribute line=2 MLIR_ops=[]
[visit_enter] AST=Attribute line=2 MLIR_ops=[]
[visit_enter] AST=Attribute line=2 MLIR_ops=[]
[visit_enter] AST=Name line=2 MLIR_ops=[]
[visit_enter] AST=Return line=3 MLIR_ops=[]
[visit_enter] AST=Call line=3 MLIR_ops=[]
[visit_enter] AST=Attribute line=3 MLIR_ops=[]
[visit_enter] AST=Name line=3 MLIR_ops=[]
[visit_enter] AST=keyword line=3 MLIR_ops=[]
[visit_enter] AST=Name line=3 MLIR_ops=[]
[visit_enter] AST=Name line=3 MLIR_ops=[]
[visit_enter] AST=Name line=3 MLIR_ops=[]
[visit_enter] AST=Name line=3 MLIR_ops=[]
[visit_enter] AST=Name line=8 MLIR_ops=[]
[visit_enter] AST=Assign line=9 MLIR_ops=[]
[visit_enter] AST=Call line=9 MLIR_ops=[]
[visit_enter] AST=Attribute line=9 MLIR_ops=[]
[visit_enter] AST=Name line=9 MLIR_ops=[]
[visit_enter] AST=keyword line=9 MLIR_ops=[]
[visit_enter] AST=Constant line=9 MLIR_ops=[]
[visit_enter] AST=Attribute line=9 MLIR_ops=[]
[visit_enter] AST=Name line=9 MLIR_ops=[]
[visit_enter] AST=Name line=9 MLIR_ops=[]
[visit_enter] AST=Assign line=12 MLIR_ops=[]
[visit_enter] AST=Call line=12 MLIR_ops=[]
[visit_enter] AST=Name line=12 MLIR_ops=[]
[visit_enter] AST=Name line=12 MLIR_ops=[]
[visit_enter] AST=Name line=12 MLIR_ops=[]
[visit_enter] AST=Module line=0 MLIR_ops=[]
[visit_enter] AST=FunctionDef line=1 MLIR_ops=[]
[visit_enter] AST=arguments line=0 MLIR_ops=[]
[visit_enter] AST=arg line=1 MLIR_ops=[]
[visit_enter] AST=Attribute line=1 MLIR_ops=[]
[visit_enter] AST=Name line=1 MLIR_ops=[]
[visit_enter] AST=arg line=1 MLIR_ops=[]
[visit_enter] AST=Attribute line=1 MLIR_ops=[]
[visit_enter] AST=Name line=1 MLIR_ops=[]
[visit_enter] AST=list line=0 MLIR_ops=[]
[visit_enter] AST=Assign line=2 MLIR_ops=[]
[visit_enter] AST=Call line=2 MLIR_ops=[]
[visit_enter] AST=Attribute line=2 MLIR_ops=[]
[visit_enter] AST=Name line=2 MLIR_ops=[]
[visit_enter] AST=Constant line=2 MLIR_ops=[]
[visit_enter] AST=Constant line=2 MLIR_ops=[]
[visit_enter] AST=Name line=2 MLIR_ops=[]
[visit_enter] AST=Assign line=3 MLIR_ops=[]
[visit_enter] AST=Call line=3 MLIR_ops=[]
[visit_enter] AST=Attribute line=3 MLIR_ops=[]
[visit_enter] AST=Name line=3 MLIR_ops=[]
[visit_enter] AST=Name line=3 MLIR_ops=[]
[visit_enter] AST=BinOp line=3 MLIR_ops=[]
[visit_enter] AST=BinOp line=3 MLIR_ops=[]
[visit_enter] AST=BinOp line=3 MLIR_ops=[]
[visit_enter] AST=List line=3 MLIR_ops=[]
[visit_enter] AST=Load line=0 MLIR_ops=[]
[visit_enter] AST=Constant line=3 MLIR_ops=[]
[visit_enter] AST=BinOp line=3 MLIR_ops=[]
[visit_enter] AST=BinOp line=3 MLIR_ops=[]
[visit_enter] AST=Name line=3 MLIR_ops=[]
[visit_enter] AST=Name line=3 MLIR_ops=[]
[visit_enter] AST=Constant line=3 MLIR_ops=[]
[visit_enter] AST=List line=3 MLIR_ops=[]
[visit_enter] AST=Load line=0 MLIR_ops=[]
[visit_enter] AST=Constant line=3 MLIR_ops=[]
[visit_enter] AST=BinOp line=3 MLIR_ops=[]
[visit_enter] AST=List line=3 MLIR_ops=[]
[visit_enter] AST=Load line=0 MLIR_ops=[]
[visit_enter] AST=Constant line=3 MLIR_ops=[]
[visit_enter] AST=Name line=3 MLIR_ops=[]
[visit_enter] AST=Name line=3 MLIR_ops=[]
[visit_enter] AST=Return line=4 MLIR_ops=[]
[visit_enter] AST=Name line=4 MLIR_ops=[]
[visit_enter] AST=Name line=12 MLIR_ops=[]
[visit_enter] AST=Assign line=15 MLIR_ops=[]
[visit_enter] AST=Call line=15 MLIR_ops=[]
[visit_enter] AST=Attribute line=15 MLIR_ops=[]
[visit_enter] AST=Name line=15 MLIR_ops=[]
[visit_enter] AST=Compare line=15 MLIR_ops=[]
[visit_enter] AST=Compare line=15 MLIR_ops=[]
[visit_enter] AST=Name line=15 MLIR_ops=[]
[visit_enter] AST=Name line=15 MLIR_ops=[]
[visit_enter] AST=BinOp line=15 MLIR_ops=[]
[visit_enter] AST=Name line=15 MLIR_ops=[]
[visit_enter] AST=Name line=15 MLIR_ops=[]
[visit_enter] AST=Name line=15 MLIR_ops=[]
[visit_enter] AST=Name line=15 MLIR_ops=[]
[visit_enter] AST=Name line=15 MLIR_ops=[]
[visit_enter] AST=Return line=16 MLIR_ops=[]
[visit_enter] AST=Name line=16 MLIR_ops=[]
[visit_enter] AST=Name line=18 MLIR_ops=[]
[visit_enter] AST=list line=0 MLIR_ops=[]
[visit_enter] AST=Assign line=18 MLIR_ops=[]
[visit_enter] AST=Call line=18 MLIR_ops=[]
[visit_enter] AST=Name line=18 MLIR_ops=[]
[visit_enter] AST=Name line=18 MLIR_ops=[]
[visit_enter] AST=Name line=18 MLIR_ops=[]
[visit_enter] AST=BinOp line=18 MLIR_ops=[]
[visit_enter] AST=BinOp line=18 MLIR_ops=[]
[visit_enter] AST=Name line=18 MLIR_ops=[]
[visit_enter] AST=Constant line=18 MLIR_ops=[]
[visit_enter] AST=Name line=18 MLIR_ops=[]
[visit_enter] AST=Module line=0 MLIR_ops=[]
[visit_enter] AST=FunctionDef line=1 MLIR_ops=[]
[visit_enter] AST=arguments line=0 MLIR_ops=[]
[visit_enter] AST=arg line=1 MLIR_ops=[]
[visit_enter] AST=arg line=1 MLIR_ops=[]
[visit_enter] AST=arg line=1 MLIR_ops=[]
[visit_enter] AST=Attribute line=1 MLIR_ops=[]
[visit_enter] AST=Name line=1 MLIR_ops=[]
[visit_enter] AST=list line=0 MLIR_ops=[]
[visit_enter] AST=AnnAssign line=3 MLIR_ops=[]
[visit_enter] AST=Attribute line=3 MLIR_ops=[]
[visit_enter] AST=Name line=3 MLIR_ops=[]
[visit_enter] AST=Name line=3 MLIR_ops=[]
[visit_enter] AST=Call line=3 MLIR_ops=[]
[visit_enter] AST=Name line=3 MLIR_ops=[]
[visit_enter] AST=Attribute line=3 MLIR_ops=[]
[visit_enter] AST=Name line=3 MLIR_ops=[]
[visit_enter] AST=Assign line=6 MLIR_ops=[]
[visit_enter] AST=Call line=6 MLIR_ops=[]
[visit_enter] AST=Name line=6 MLIR_ops=[]
[visit_enter] AST=keyword line=6 MLIR_ops=[]
[visit_enter] AST=Attribute line=6 MLIR_ops=[]
[visit_enter] AST=Attribute line=6 MLIR_ops=[]
[visit_enter] AST=Name line=6 MLIR_ops=[]
[visit_enter] AST=keyword line=6 MLIR_ops=[]
[visit_enter] AST=Constant line=6 MLIR_ops=[]
[visit_enter] AST=Name line=6 MLIR_ops=[]
[visit_enter] AST=Assign line=7 MLIR_ops=[]
[visit_enter] AST=Call line=7 MLIR_ops=[]
[visit_enter] AST=Attribute line=7 MLIR_ops=[]
[visit_enter] AST=Name line=7 MLIR_ops=[]
[visit_enter] AST=keyword line=7 MLIR_ops=[]
[visit_enter] AST=Constant line=7 MLIR_ops=[]
[visit_enter] AST=Name line=7 MLIR_ops=[]
[visit_enter] AST=Name line=7 MLIR_ops=[]
[visit_enter] AST=Assign line=8 MLIR_ops=[]
[visit_enter] AST=BinOp line=8 MLIR_ops=[]
[visit_enter] AST=Name line=8 MLIR_ops=[]
[visit_enter] AST=Call line=8 MLIR_ops=[]
[visit_enter] AST=Name line=8 MLIR_ops=[]
[visit_enter] AST=Name line=8 MLIR_ops=[]
[visit_enter] AST=BinOp line=8 MLIR_ops=[]
[visit_enter] AST=BinOp line=8 MLIR_ops=[]
[visit_enter] AST=Name line=8 MLIR_ops=[]
[visit_enter] AST=Constant line=8 MLIR_ops=[]
[visit_enter] AST=Name line=8 MLIR_ops=[]
[visit_enter] AST=Constant line=8 MLIR_ops=[]
[visit_enter] AST=Module line=0 MLIR_ops=[]
[visit_enter] AST=FunctionDef line=1 MLIR_ops=[]
[visit_enter] AST=arguments line=0 MLIR_ops=[]
[visit_enter] AST=arg line=1 MLIR_ops=[]
[visit_enter] AST=arg line=1 MLIR_ops=[]
[visit_enter] AST=arg line=1 MLIR_ops=[]
[visit_enter] AST=Assign line=0 MLIR_ops=[]
[visit_enter] AST=Constant line=1 MLIR_ops=[]
[visit_enter] AST=Name line=0 MLIR_ops=[]
[visit_enter] AST=Assign line=0 MLIR_ops=[]
[visit_enter] AST=Constant line=1 MLIR_ops=[]
[visit_enter] AST=Name line=0 MLIR_ops=[]
[visit_enter] AST=list line=0 MLIR_ops=[]
[visit_enter] AST=Expr line=2 MLIR_ops=[]
[visit_enter] AST=Call line=2 MLIR_ops=[]
[visit_enter] AST=Attribute line=2 MLIR_ops=[]
[visit_enter] AST=Name line=2 MLIR_ops=[]
[visit_enter] AST=Call line=2 MLIR_ops=[]
[visit_enter] AST=Attribute line=2 MLIR_ops=[]
[visit_enter] AST=Attribute line=2 MLIR_ops=[]
[visit_enter] AST=Attribute line=2 MLIR_ops=[]
[visit_enter] AST=Name line=2 MLIR_ops=[]
[visit_enter] AST=Return line=3 MLIR_ops=[]
[visit_enter] AST=Call line=3 MLIR_ops=[]
[visit_enter] AST=Attribute line=3 MLIR_ops=[]
[visit_enter] AST=Name line=3 MLIR_ops=[]
[visit_enter] AST=keyword line=3 MLIR_ops=[]
[visit_enter] AST=Name line=3 MLIR_ops=[]
[visit_enter] AST=Name line=3 MLIR_ops=[]
[visit_enter] AST=Name line=3 MLIR_ops=[]
[visit_enter] AST=Name line=3 MLIR_ops=[]
[visit_enter] AST=Name line=8 MLIR_ops=[]
[visit_enter] AST=Assign line=9 MLIR_ops=[]
[visit_enter] AST=Call line=9 MLIR_ops=[]
[visit_enter] AST=Attribute line=9 MLIR_ops=[]
[visit_enter] AST=Name line=9 MLIR_ops=[]
[visit_enter] AST=keyword line=9 MLIR_ops=[]
[visit_enter] AST=Constant line=9 MLIR_ops=[]
[visit_enter] AST=Attribute line=9 MLIR_ops=[]
[visit_enter] AST=Name line=9 MLIR_ops=[]
[visit_enter] AST=Name line=9 MLIR_ops=[]
[visit_enter] AST=Assign line=12 MLIR_ops=[]
[visit_enter] AST=Call line=12 MLIR_ops=[]
[visit_enter] AST=Name line=12 MLIR_ops=[]
[visit_enter] AST=Name line=12 MLIR_ops=[]
[visit_enter] AST=Name line=12 MLIR_ops=[]
[visit_enter] AST=Module line=0 MLIR_ops=[]
[visit_enter] AST=FunctionDef line=1 MLIR_ops=[]
[visit_enter] AST=arguments line=0 MLIR_ops=[]
[visit_enter] AST=arg line=1 MLIR_ops=[]
[visit_enter] AST=Attribute line=1 MLIR_ops=[]
[visit_enter] AST=Name line=1 MLIR_ops=[]
[visit_enter] AST=arg line=1 MLIR_ops=[]
[visit_enter] AST=Attribute line=1 MLIR_ops=[]
[visit_enter] AST=Name line=1 MLIR_ops=[]
[visit_enter] AST=list line=0 MLIR_ops=[]
[visit_enter] AST=Assign line=2 MLIR_ops=[]
[visit_enter] AST=Call line=2 MLIR_ops=[]
[visit_enter] AST=Attribute line=2 MLIR_ops=[]
[visit_enter] AST=Name line=2 MLIR_ops=[]
[visit_enter] AST=Constant line=2 MLIR_ops=[]
[visit_enter] AST=Constant line=2 MLIR_ops=[]
[visit_enter] AST=Name line=2 MLIR_ops=[]
[visit_enter] AST=Assign line=3 MLIR_ops=[]
[visit_enter] AST=Call line=3 MLIR_ops=[]
[visit_enter] AST=Attribute line=3 MLIR_ops=[]
[visit_enter] AST=Name line=3 MLIR_ops=[]
[visit_enter] AST=Name line=3 MLIR_ops=[]
[visit_enter] AST=BinOp line=3 MLIR_ops=[]
[visit_enter] AST=BinOp line=3 MLIR_ops=[]
[visit_enter] AST=BinOp line=3 MLIR_ops=[]
[visit_enter] AST=List line=3 MLIR_ops=[]
[visit_enter] AST=Load line=0 MLIR_ops=[]
[visit_enter] AST=Constant line=3 MLIR_ops=[]
[visit_enter] AST=BinOp line=3 MLIR_ops=[]
[visit_enter] AST=BinOp line=3 MLIR_ops=[]
[visit_enter] AST=Name line=3 MLIR_ops=[]
[visit_enter] AST=Name line=3 MLIR_ops=[]
[visit_enter] AST=Constant line=3 MLIR_ops=[]
[visit_enter] AST=List line=3 MLIR_ops=[]
[visit_enter] AST=Load line=0 MLIR_ops=[]
[visit_enter] AST=Constant line=3 MLIR_ops=[]
[visit_enter] AST=BinOp line=3 MLIR_ops=[]
[visit_enter] AST=List line=3 MLIR_ops=[]
[visit_enter] AST=Load line=0 MLIR_ops=[]
[visit_enter] AST=Constant line=3 MLIR_ops=[]
[visit_enter] AST=Name line=3 MLIR_ops=[]
[visit_enter] AST=Name line=3 MLIR_ops=[]
[visit_enter] AST=Return line=4 MLIR_ops=[]
[visit_enter] AST=Name line=4 MLIR_ops=[]
[visit_enter] AST=Name line=12 MLIR_ops=[]
[visit_enter] AST=Assign line=15 MLIR_ops=[]
[visit_enter] AST=Call line=15 MLIR_ops=[]
[visit_enter] AST=Attribute line=15 MLIR_ops=[]
[visit_enter] AST=Name line=15 MLIR_ops=[]
[visit_enter] AST=Compare line=15 MLIR_ops=[]
[visit_enter] AST=Compare line=15 MLIR_ops=[]
[visit_enter] AST=Name line=15 MLIR_ops=[]
[visit_enter] AST=Name line=15 MLIR_ops=[]
[visit_enter] AST=BinOp line=15 MLIR_ops=[]
[visit_enter] AST=Name line=15 MLIR_ops=[]
[visit_enter] AST=Name line=15 MLIR_ops=[]
[visit_enter] AST=Name line=15 MLIR_ops=[]
[visit_enter] AST=Name line=15 MLIR_ops=[]
[visit_enter] AST=Name line=15 MLIR_ops=[]
[visit_enter] AST=Return line=16 MLIR_ops=[]
[visit_enter] AST=Name line=16 MLIR_ops=[]
[visit_enter] AST=Name line=18 MLIR_ops=[]
[visit_enter] AST=list line=0 MLIR_ops=[]
[visit_enter] AST=Assign line=18 MLIR_ops=[]
[visit_enter] AST=Call line=18 MLIR_ops=[]
[visit_enter] AST=Name line=18 MLIR_ops=[]
[visit_enter] AST=Name line=18 MLIR_ops=[]
[visit_enter] AST=Name line=18 MLIR_ops=[]
[visit_enter] AST=BinOp line=18 MLIR_ops=[]
[visit_enter] AST=BinOp line=18 MLIR_ops=[]
[visit_enter] AST=Name line=18 MLIR_ops=[]
[visit_enter] AST=Constant line=18 MLIR_ops=[]
[visit_enter] AST=Name line=18 MLIR_ops=[]
[visit_enter] AST=Module line=0 MLIR_ops=[]
[visit_enter] AST=FunctionDef line=1 MLIR_ops=[]
[visit_enter] AST=arguments line=0 MLIR_ops=[]
[visit_enter] AST=arg line=1 MLIR_ops=[]
[visit_enter] AST=arg line=1 MLIR_ops=[]
[visit_enter] AST=arg line=1 MLIR_ops=[]
[visit_enter] AST=Attribute line=1 MLIR_ops=[]
[visit_enter] AST=Name line=1 MLIR_ops=[]
[visit_enter] AST=list line=0 MLIR_ops=[]
[visit_enter] AST=AnnAssign line=3 MLIR_ops=[]
[visit_enter] AST=Attribute line=3 MLIR_ops=[]
[visit_enter] AST=Name line=3 MLIR_ops=[]
[visit_enter] AST=Name line=3 MLIR_ops=[]
[visit_enter] AST=Call line=3 MLIR_ops=[]
[visit_enter] AST=Name line=3 MLIR_ops=[]
[visit_enter] AST=Attribute line=3 MLIR_ops=[]
[visit_enter] AST=Name line=3 MLIR_ops=[]
[visit_enter] AST=Assign line=6 MLIR_ops=[]
[visit_enter] AST=Call line=6 MLIR_ops=[]
[visit_enter] AST=Name line=6 MLIR_ops=[]
[visit_enter] AST=keyword line=6 MLIR_ops=[]
[visit_enter] AST=Attribute line=6 MLIR_ops=[]
[visit_enter] AST=Attribute line=6 MLIR_ops=[]
[visit_enter] AST=Name line=6 MLIR_ops=[]
[visit_enter] AST=keyword line=6 MLIR_ops=[]
[visit_enter] AST=Constant line=6 MLIR_ops=[]
[visit_enter] AST=Name line=6 MLIR_ops=[]
[visit_enter] AST=Assign line=7 MLIR_ops=[]
[visit_enter] AST=Call line=7 MLIR_ops=[]
[visit_enter] AST=Attribute line=7 MLIR_ops=[]
[visit_enter] AST=Name line=7 MLIR_ops=[]
[visit_enter] AST=keyword line=7 MLIR_ops=[]
[visit_enter] AST=Constant line=7 MLIR_ops=[]
[visit_enter] AST=Name line=7 MLIR_ops=[]
[visit_enter] AST=Name line=7 MLIR_ops=[]
[visit_enter] AST=Assign line=8 MLIR_ops=[]
[visit_enter] AST=BinOp line=8 MLIR_ops=[]
[visit_enter] AST=Name line=8 MLIR_ops=[]
[visit_enter] AST=Call line=8 MLIR_ops=[]
[visit_enter] AST=Name line=8 MLIR_ops=[]
[visit_enter] AST=Name line=8 MLIR_ops=[]
[visit_enter] AST=BinOp line=8 MLIR_ops=[]
[visit_enter] AST=BinOp line=8 MLIR_ops=[]
[visit_enter] AST=Name line=8 MLIR_ops=[]
[visit_enter] AST=Constant line=8 MLIR_ops=[]
[visit_enter] AST=Name line=8 MLIR_ops=[]
[visit_enter] AST=Constant line=8 MLIR_ops=[]
[visit_enter] AST=Module line=0 MLIR_ops=[]
[visit_enter] AST=FunctionDef line=1 MLIR_ops=[]
[visit_enter] AST=arguments line=0 MLIR_ops=[]
[visit_enter] AST=arg line=1 MLIR_ops=[]
[visit_enter] AST=arg line=1 MLIR_ops=[]
[visit_enter] AST=arg line=1 MLIR_ops=[]
[visit_enter] AST=Assign line=0 MLIR_ops=[]
[visit_enter] AST=Constant line=1 MLIR_ops=[]
[visit_enter] AST=Name line=0 MLIR_ops=[]
[visit_enter] AST=Assign line=0 MLIR_ops=[]
[visit_enter] AST=Constant line=1 MLIR_ops=[]
[visit_enter] AST=Name line=0 MLIR_ops=[]
[visit_enter] AST=list line=0 MLIR_ops=[]
[visit_enter] AST=Expr line=2 MLIR_ops=[]
[visit_enter] AST=Call line=2 MLIR_ops=[]
[visit_enter] AST=Attribute line=2 MLIR_ops=[]
[visit_enter] AST=Name line=2 MLIR_ops=[]
[visit_enter] AST=Call line=2 MLIR_ops=[]
[visit_enter] AST=Attribute line=2 MLIR_ops=[]
[visit_enter] AST=Attribute line=2 MLIR_ops=[]
[visit_enter] AST=Attribute line=2 MLIR_ops=[]
[visit_enter] AST=Name line=2 MLIR_ops=[]
[visit_enter] AST=Return line=3 MLIR_ops=[]
[visit_enter] AST=Call line=3 MLIR_ops=[]
[visit_enter] AST=Attribute line=3 MLIR_ops=[]
[visit_enter] AST=Name line=3 MLIR_ops=[]
[visit_enter] AST=keyword line=3 MLIR_ops=[]
[visit_enter] AST=Name line=3 MLIR_ops=[]
[visit_enter] AST=Name line=3 MLIR_ops=[]
[visit_enter] AST=Name line=3 MLIR_ops=[]
[visit_enter] AST=Name line=3 MLIR_ops=[]
[visit_enter] AST=Name line=8 MLIR_ops=[]
[visit_enter] AST=Assign line=9 MLIR_ops=[]
[visit_enter] AST=Call line=9 MLIR_ops=[]
[visit_enter] AST=Attribute line=9 MLIR_ops=[]
[visit_enter] AST=Name line=9 MLIR_ops=[]
[visit_enter] AST=keyword line=9 MLIR_ops=[]
[visit_enter] AST=Constant line=9 MLIR_ops=[]
[visit_enter] AST=Attribute line=9 MLIR_ops=[]
[visit_enter] AST=Name line=9 MLIR_ops=[]
[visit_enter] AST=Name line=9 MLIR_ops=[]
[visit_enter] AST=Assign line=12 MLIR_ops=[]
[visit_enter] AST=Call line=12 MLIR_ops=[]
[visit_enter] AST=Name line=12 MLIR_ops=[]
[visit_enter] AST=Name line=12 MLIR_ops=[]
[visit_enter] AST=Name line=12 MLIR_ops=[]
[visit_enter] AST=Module line=0 MLIR_ops=[]
[visit_enter] AST=FunctionDef line=1 MLIR_ops=[]
[visit_enter] AST=arguments line=0 MLIR_ops=[]
[visit_enter] AST=arg line=1 MLIR_ops=[]
[visit_enter] AST=Attribute line=1 MLIR_ops=[]
[visit_enter] AST=Name line=1 MLIR_ops=[]
[visit_enter] AST=arg line=1 MLIR_ops=[]
[visit_enter] AST=Attribute line=1 MLIR_ops=[]
[visit_enter] AST=Name line=1 MLIR_ops=[]
[visit_enter] AST=list line=0 MLIR_ops=[]
[visit_enter] AST=Assign line=2 MLIR_ops=[]
[visit_enter] AST=Call line=2 MLIR_ops=[]
[visit_enter] AST=Attribute line=2 MLIR_ops=[]
[visit_enter] AST=Name line=2 MLIR_ops=[]
[visit_enter] AST=Constant line=2 MLIR_ops=[]
[visit_enter] AST=Constant line=2 MLIR_ops=[]
[visit_enter] AST=Name line=2 MLIR_ops=[]
[visit_enter] AST=Assign line=3 MLIR_ops=[]
[visit_enter] AST=Call line=3 MLIR_ops=[]
[visit_enter] AST=Attribute line=3 MLIR_ops=[]
[visit_enter] AST=Name line=3 MLIR_ops=[]
[visit_enter] AST=Name line=3 MLIR_ops=[]
[visit_enter] AST=BinOp line=3 MLIR_ops=[]
[visit_enter] AST=BinOp line=3 MLIR_ops=[]
[visit_enter] AST=BinOp line=3 MLIR_ops=[]
[visit_enter] AST=List line=3 MLIR_ops=[]
[visit_enter] AST=Load line=0 MLIR_ops=[]
[visit_enter] AST=Constant line=3 MLIR_ops=[]
[visit_enter] AST=BinOp line=3 MLIR_ops=[]
[visit_enter] AST=BinOp line=3 MLIR_ops=[]
[visit_enter] AST=Name line=3 MLIR_ops=[]
[visit_enter] AST=Name line=3 MLIR_ops=[]
[visit_enter] AST=Constant line=3 MLIR_ops=[]
[visit_enter] AST=List line=3 MLIR_ops=[]
[visit_enter] AST=Load line=0 MLIR_ops=[]
[visit_enter] AST=Constant line=3 MLIR_ops=[]
[visit_enter] AST=BinOp line=3 MLIR_ops=[]
[visit_enter] AST=List line=3 MLIR_ops=[]
[visit_enter] AST=Load line=0 MLIR_ops=[]
[visit_enter] AST=Constant line=3 MLIR_ops=[]
[visit_enter] AST=Name line=3 MLIR_ops=[]
[visit_enter] AST=Name line=3 MLIR_ops=[]
[visit_enter] AST=Return line=4 MLIR_ops=[]
[visit_enter] AST=Name line=4 MLIR_ops=[]
[visit_enter] AST=Name line=12 MLIR_ops=[]
[visit_enter] AST=Assign line=15 MLIR_ops=[]
[visit_enter] AST=Call line=15 MLIR_ops=[]
[visit_enter] AST=Attribute line=15 MLIR_ops=[]
[visit_enter] AST=Name line=15 MLIR_ops=[]
[visit_enter] AST=Compare line=15 MLIR_ops=[]
[visit_enter] AST=Compare line=15 MLIR_ops=[]
[visit_enter] AST=Name line=15 MLIR_ops=[]
[visit_enter] AST=Name line=15 MLIR_ops=[]
[visit_enter] AST=BinOp line=15 MLIR_ops=[]
[visit_enter] AST=Name line=15 MLIR_ops=[]
[visit_enter] AST=Name line=15 MLIR_ops=[]
[visit_enter] AST=Name line=15 MLIR_ops=[]
[visit_enter] AST=Name line=15 MLIR_ops=[]
[visit_enter] AST=Name line=15 MLIR_ops=[]
[visit_enter] AST=Return line=16 MLIR_ops=[]
[visit_enter] AST=Name line=16 MLIR_ops=[]
[visit_enter] AST=Name line=18 MLIR_ops=[]
[visit_enter] AST=Return line=19 MLIR_ops=[]
[visit_enter] AST=Name line=19 MLIR_ops=[]
[visit_enter] AST=Name line=34 MLIR_ops=[]
[visit_enter] AST=list line=0 MLIR_ops=[]
[visit_enter] AST=Assign line=33 MLIR_ops=[]
[visit_enter] AST=IfExp line=33 MLIR_ops=[]
[visit_enter] AST=Name line=33 MLIR_ops=[]
[visit_enter] AST=Call line=33 MLIR_ops=[]
[visit_enter] AST=Name line=33 MLIR_ops=[]
[visit_enter] AST=keyword line=33 MLIR_ops=[]
[visit_enter] AST=BinOp line=33 MLIR_ops=[]
[visit_enter] AST=BinOp line=33 MLIR_ops=[]
[visit_enter] AST=Call line=33 MLIR_ops=[]
[visit_enter] AST=Name line=33 MLIR_ops=[]
[visit_enter] AST=Attribute line=33 MLIR_ops=[]
[visit_enter] AST=Name line=33 MLIR_ops=[]
[visit_enter] AST=Constant line=33 MLIR_ops=[]
[visit_enter] AST=Name line=33 MLIR_ops=[]
[visit_enter] AST=Name line=33 MLIR_ops=[]
[visit_enter] AST=Module line=0 MLIR_ops=[]
[visit_enter] AST=FunctionDef line=1 MLIR_ops=[]
[visit_enter] AST=arguments line=0 MLIR_ops=[]
[visit_enter] AST=arg line=1 MLIR_ops=[]
[visit_enter] AST=arg line=1 MLIR_ops=[]
[visit_enter] AST=arg line=1 MLIR_ops=[]
[visit_enter] AST=arg line=1 MLIR_ops=[]
[visit_enter] AST=arg line=1 MLIR_ops=[]
[visit_enter] AST=Assign line=0 MLIR_ops=[]
[visit_enter] AST=Constant line=1 MLIR_ops=[]
[visit_enter] AST=Name line=0 MLIR_ops=[]
[visit_enter] AST=Assign line=0 MLIR_ops=[]
[visit_enter] AST=Constant line=1 MLIR_ops=[]
[visit_enter] AST=Name line=0 MLIR_ops=[]
[visit_enter] AST=Assign line=0 MLIR_ops=[]
[visit_enter] AST=Constant line=1 MLIR_ops=[]
[visit_enter] AST=Name line=0 MLIR_ops=[]
[visit_enter] AST=Assign line=0 MLIR_ops=[]
[visit_enter] AST=Constant line=1 MLIR_ops=[]
[visit_enter] AST=Name line=0 MLIR_ops=[]
[visit_enter] AST=list line=0 MLIR_ops=[]
[visit_enter] AST=Assign line=2 MLIR_ops=[]
[visit_enter] AST=Call line=2 MLIR_ops=[]
[visit_enter] AST=Attribute line=2 MLIR_ops=[]
[visit_enter] AST=Name line=2 MLIR_ops=[]
[visit_enter] AST=Name line=2 MLIR_ops=[]
[visit_enter] AST=Name line=2 MLIR_ops=[]
[visit_enter] AST=If line=3 MLIR_ops=[]
[visit_enter] AST=Name line=3 MLIR_ops=[]
[visit_enter] AST=list line=0 MLIR_ops=[]
[visit_enter] AST=If line=9 MLIR_ops=[]
[visit_enter] AST=Compare line=9 MLIR_ops=[]
[visit_enter] AST=Call line=9 MLIR_ops=[]
[visit_enter] AST=Attribute line=9 MLIR_ops=[]
[visit_enter] AST=Name line=9 MLIR_ops=[]
[visit_enter] AST=Attribute line=9 MLIR_ops=[]
[visit_enter] AST=Attribute line=9 MLIR_ops=[]
[visit_enter] AST=Name line=9 MLIR_ops=[]
[visit_enter] AST=Call line=9 MLIR_ops=[]
[visit_enter] AST=Attribute line=9 MLIR_ops=[]
[visit_enter] AST=Name line=9 MLIR_ops=[]
[visit_enter] AST=Constant line=9 MLIR_ops=[]
[visit_enter] AST=list line=0 MLIR_ops=[]
[visit_enter] AST=Return line=15 MLIR_ops=[]
[visit_enter] AST=Call line=15 MLIR_ops=[]
[visit_enter] AST=Attribute line=15 MLIR_ops=[]
[visit_enter] AST=Name line=15 MLIR_ops=[]
[visit_enter] AST=keyword line=15 MLIR_ops=[]
[visit_enter] AST=Name line=15 MLIR_ops=[]
[visit_enter] AST=Name line=15 MLIR_ops=[]
[visit_enter] AST=Name line=15 MLIR_ops=[]
[visit_enter] AST=Name line=15 MLIR_ops=[]
[visit_enter] AST=Name line=33 MLIR_ops=[]
[visit_enter] AST=Assign line=34 MLIR_ops=[]
[visit_enter] AST=Call line=34 MLIR_ops=[]
[visit_enter] AST=Name line=34 MLIR_ops=[]
[visit_enter] AST=Name line=34 MLIR_ops=[]
[visit_enter] AST=Name line=34 MLIR_ops=[]
[visit_enter] AST=IfExp line=34 MLIR_ops=[]
[visit_enter] AST=Compare line=34 MLIR_ops=[]
[visit_enter] AST=Name line=34 MLIR_ops=[]
[visit_enter] AST=Name line=34 MLIR_ops=[]
[visit_enter] AST=Name line=34 MLIR_ops=[]
[visit_enter] AST=Module line=0 MLIR_ops=[]
[visit_enter] AST=FunctionDef line=1 MLIR_ops=[]
[visit_enter] AST=arguments line=0 MLIR_ops=[]
[visit_enter] AST=arg line=1 MLIR_ops=[]
[visit_enter] AST=arg line=1 MLIR_ops=[]
[visit_enter] AST=Attribute line=1 MLIR_ops=[]
[visit_enter] AST=Name line=1 MLIR_ops=[]
[visit_enter] AST=arg line=1 MLIR_ops=[]
[visit_enter] AST=Attribute line=1 MLIR_ops=[]
[visit_enter] AST=Name line=1 MLIR_ops=[]
[visit_enter] AST=list line=0 MLIR_ops=[]
[visit_enter] AST=Expr line=2 MLIR_ops=[]
[visit_enter] AST=Constant line=2 MLIR_ops=[]
[visit_enter] AST=If line=12 MLIR_ops=[]
[visit_enter] AST=Compare line=12 MLIR_ops=[]
[visit_enter] AST=Name line=12 MLIR_ops=[]
[visit_enter] AST=Constant line=12 MLIR_ops=[]
[visit_enter] AST=list line=0 MLIR_ops=[]
[visit_enter] AST=Assign line=15 MLIR_ops=[]
[visit_enter] AST=Name line=15 MLIR_ops=[]
[visit_enter] AST=Name line=15 MLIR_ops=[]
[visit_enter] AST=For line=17 MLIR_ops=[]
[visit_enter] AST=Attribute line=17 MLIR_ops=[]
[visit_enter] AST=Name line=17 MLIR_ops=[]
[visit_enter] AST=Name line=17 MLIR_ops=[]
[visit_enter] AST=list line=0 MLIR_ops=[]
[visit_enter] AST=Assign line=18 MLIR_ops=[]
[visit_enter] AST=Call line=18 MLIR_ops=[]
[visit_enter] AST=Name line=18 MLIR_ops=[]
[visit_enter] AST=Name line=18 MLIR_ops=[]
[visit_enter] AST=Name line=18 MLIR_ops=[]
[visit_enter] AST=BinOp line=18 MLIR_ops=[]
[visit_enter] AST=BinOp line=18 MLIR_ops=[]
[visit_enter] AST=Name line=18 MLIR_ops=[]
[visit_enter] AST=Constant line=18 MLIR_ops=[]
[visit_enter] AST=Name line=18 MLIR_ops=[]
[visit_enter] AST=Module line=0 MLIR_ops=[]
[visit_enter] AST=FunctionDef line=1 MLIR_ops=[]
[visit_enter] AST=arguments line=0 MLIR_ops=[]
[visit_enter] AST=arg line=1 MLIR_ops=[]
[visit_enter] AST=arg line=1 MLIR_ops=[]
[visit_enter] AST=arg line=1 MLIR_ops=[]
[visit_enter] AST=Attribute line=1 MLIR_ops=[]
[visit_enter] AST=Name line=1 MLIR_ops=[]
[visit_enter] AST=list line=0 MLIR_ops=[]
[visit_enter] AST=AnnAssign line=3 MLIR_ops=[]
[visit_enter] AST=Attribute line=3 MLIR_ops=[]
[visit_enter] AST=Name line=3 MLIR_ops=[]
[visit_enter] AST=Name line=3 MLIR_ops=[]
[visit_enter] AST=Call line=3 MLIR_ops=[]
[visit_enter] AST=Name line=3 MLIR_ops=[]
[visit_enter] AST=Attribute line=3 MLIR_ops=[]
[visit_enter] AST=Name line=3 MLIR_ops=[]
[visit_enter] AST=Assign line=6 MLIR_ops=[]
[visit_enter] AST=Call line=6 MLIR_ops=[]
[visit_enter] AST=Name line=6 MLIR_ops=[]
[visit_enter] AST=keyword line=6 MLIR_ops=[]
[visit_enter] AST=Attribute line=6 MLIR_ops=[]
[visit_enter] AST=Attribute line=6 MLIR_ops=[]
[visit_enter] AST=Name line=6 MLIR_ops=[]
[visit_enter] AST=keyword line=6 MLIR_ops=[]
[visit_enter] AST=Constant line=6 MLIR_ops=[]
[visit_enter] AST=Name line=6 MLIR_ops=[]
[visit_enter] AST=Assign line=7 MLIR_ops=[]
[visit_enter] AST=Call line=7 MLIR_ops=[]
[visit_enter] AST=Attribute line=7 MLIR_ops=[]
[visit_enter] AST=Name line=7 MLIR_ops=[]
[visit_enter] AST=keyword line=7 MLIR_ops=[]
[visit_enter] AST=Constant line=7 MLIR_ops=[]
[visit_enter] AST=Name line=7 MLIR_ops=[]
[visit_enter] AST=Name line=7 MLIR_ops=[]
[visit_enter] AST=Assign line=8 MLIR_ops=[]
[visit_enter] AST=BinOp line=8 MLIR_ops=[]
[visit_enter] AST=Name line=8 MLIR_ops=[]
[visit_enter] AST=Call line=8 MLIR_ops=[]
[visit_enter] AST=Name line=8 MLIR_ops=[]
[visit_enter] AST=Name line=8 MLIR_ops=[]
[visit_enter] AST=BinOp line=8 MLIR_ops=[]
[visit_enter] AST=BinOp line=8 MLIR_ops=[]
[visit_enter] AST=Name line=8 MLIR_ops=[]
[visit_enter] AST=Constant line=8 MLIR_ops=[]
[visit_enter] AST=Name line=8 MLIR_ops=[]
[visit_enter] AST=Constant line=8 MLIR_ops=[]
[visit_enter] AST=Module line=0 MLIR_ops=[]
[visit_enter] AST=FunctionDef line=1 MLIR_ops=[]
[visit_enter] AST=arguments line=0 MLIR_ops=[]
[visit_enter] AST=arg line=1 MLIR_ops=[]
[visit_enter] AST=arg line=1 MLIR_ops=[]
[visit_enter] AST=arg line=1 MLIR_ops=[]
[visit_enter] AST=Assign line=0 MLIR_ops=[]
[visit_enter] AST=Constant line=1 MLIR_ops=[]
[visit_enter] AST=Name line=0 MLIR_ops=[]
[visit_enter] AST=Assign line=0 MLIR_ops=[]
[visit_enter] AST=Constant line=1 MLIR_ops=[]
[visit_enter] AST=Name line=0 MLIR_ops=[]
[visit_enter] AST=list line=0 MLIR_ops=[]
[visit_enter] AST=Expr line=2 MLIR_ops=[]
[visit_enter] AST=Call line=2 MLIR_ops=[]
[visit_enter] AST=Attribute line=2 MLIR_ops=[]
[visit_enter] AST=Name line=2 MLIR_ops=[]
[visit_enter] AST=Call line=2 MLIR_ops=[]
[visit_enter] AST=Attribute line=2 MLIR_ops=[]
[visit_enter] AST=Attribute line=2 MLIR_ops=[]
[visit_enter] AST=Attribute line=2 MLIR_ops=[]
[visit_enter] AST=Name line=2 MLIR_ops=[]
[visit_enter] AST=Return line=3 MLIR_ops=[]
[visit_enter] AST=Call line=3 MLIR_ops=[]
[visit_enter] AST=Attribute line=3 MLIR_ops=[]
[visit_enter] AST=Name line=3 MLIR_ops=[]
[visit_enter] AST=keyword line=3 MLIR_ops=[]
[visit_enter] AST=Name line=3 MLIR_ops=[]
[visit_enter] AST=Name line=3 MLIR_ops=[]
[visit_enter] AST=Name line=3 MLIR_ops=[]
[visit_enter] AST=Name line=3 MLIR_ops=[]
[visit_enter] AST=Name line=8 MLIR_ops=[]
[visit_enter] AST=Assign line=9 MLIR_ops=[]
[visit_enter] AST=Call line=9 MLIR_ops=[]
[visit_enter] AST=Attribute line=9 MLIR_ops=[]
[visit_enter] AST=Name line=9 MLIR_ops=[]
[visit_enter] AST=keyword line=9 MLIR_ops=[]
[visit_enter] AST=Constant line=9 MLIR_ops=[]
[visit_enter] AST=Attribute line=9 MLIR_ops=[]
[visit_enter] AST=Name line=9 MLIR_ops=[]
[visit_enter] AST=Name line=9 MLIR_ops=[]
[visit_enter] AST=Assign line=12 MLIR_ops=[]
[visit_enter] AST=Call line=12 MLIR_ops=[]
[visit_enter] AST=Name line=12 MLIR_ops=[]
[visit_enter] AST=Name line=12 MLIR_ops=[]
[visit_enter] AST=Name line=12 MLIR_ops=[]
[visit_enter] AST=Module line=0 MLIR_ops=[]
[visit_enter] AST=FunctionDef line=1 MLIR_ops=[]
[visit_enter] AST=arguments line=0 MLIR_ops=[]
[visit_enter] AST=arg line=1 MLIR_ops=[]
[visit_enter] AST=Attribute line=1 MLIR_ops=[]
[visit_enter] AST=Name line=1 MLIR_ops=[]
[visit_enter] AST=arg line=1 MLIR_ops=[]
[visit_enter] AST=Attribute line=1 MLIR_ops=[]
[visit_enter] AST=Name line=1 MLIR_ops=[]
[visit_enter] AST=list line=0 MLIR_ops=[]
[visit_enter] AST=Assign line=2 MLIR_ops=[]
[visit_enter] AST=Call line=2 MLIR_ops=[]
[visit_enter] AST=Attribute line=2 MLIR_ops=[]
[visit_enter] AST=Name line=2 MLIR_ops=[]
[visit_enter] AST=Constant line=2 MLIR_ops=[]
[visit_enter] AST=Constant line=2 MLIR_ops=[]
[visit_enter] AST=Name line=2 MLIR_ops=[]
[visit_enter] AST=Assign line=3 MLIR_ops=[]
[visit_enter] AST=Call line=3 MLIR_ops=[]
[visit_enter] AST=Attribute line=3 MLIR_ops=[]
[visit_enter] AST=Name line=3 MLIR_ops=[]
[visit_enter] AST=Name line=3 MLIR_ops=[]
[visit_enter] AST=BinOp line=3 MLIR_ops=[]
[visit_enter] AST=BinOp line=3 MLIR_ops=[]
[visit_enter] AST=BinOp line=3 MLIR_ops=[]
[visit_enter] AST=List line=3 MLIR_ops=[]
[visit_enter] AST=Load line=0 MLIR_ops=[]
[visit_enter] AST=Constant line=3 MLIR_ops=[]
[visit_enter] AST=BinOp line=3 MLIR_ops=[]
[visit_enter] AST=BinOp line=3 MLIR_ops=[]
[visit_enter] AST=Name line=3 MLIR_ops=[]
[visit_enter] AST=Name line=3 MLIR_ops=[]
[visit_enter] AST=Constant line=3 MLIR_ops=[]
[visit_enter] AST=List line=3 MLIR_ops=[]
[visit_enter] AST=Load line=0 MLIR_ops=[]
[visit_enter] AST=Constant line=3 MLIR_ops=[]
[visit_enter] AST=BinOp line=3 MLIR_ops=[]
[visit_enter] AST=List line=3 MLIR_ops=[]
[visit_enter] AST=Load line=0 MLIR_ops=[]
[visit_enter] AST=Constant line=3 MLIR_ops=[]
[visit_enter] AST=Name line=3 MLIR_ops=[]
[visit_enter] AST=Name line=3 MLIR_ops=[]
[visit_enter] AST=Return line=4 MLIR_ops=[]
[visit_enter] AST=Name line=4 MLIR_ops=[]
[visit_enter] AST=Name line=12 MLIR_ops=[]
[visit_enter] AST=Assign line=15 MLIR_ops=[]
[visit_enter] AST=Call line=15 MLIR_ops=[]
[visit_enter] AST=Attribute line=15 MLIR_ops=[]
[visit_enter] AST=Name line=15 MLIR_ops=[]
[visit_enter] AST=Compare line=15 MLIR_ops=[]
[visit_enter] AST=Compare line=15 MLIR_ops=[]
[visit_enter] AST=Name line=15 MLIR_ops=[]
[visit_enter] AST=Name line=15 MLIR_ops=[]
[visit_enter] AST=BinOp line=15 MLIR_ops=[]
[visit_enter] AST=Name line=15 MLIR_ops=[]
[visit_enter] AST=Name line=15 MLIR_ops=[]
[visit_enter] AST=Name line=15 MLIR_ops=[]
[visit_enter] AST=Name line=15 MLIR_ops=[]
[visit_enter] AST=Name line=15 MLIR_ops=[]
[visit_enter] AST=Return line=16 MLIR_ops=[]
[visit_enter] AST=Name line=16 MLIR_ops=[]
[visit_enter] AST=Name line=18 MLIR_ops=[]
[visit_enter] AST=list line=0 MLIR_ops=[]
[visit_enter] AST=Assign line=18 MLIR_ops=[]
[visit_enter] AST=Call line=18 MLIR_ops=[]
[visit_enter] AST=Name line=18 MLIR_ops=[]
[visit_enter] AST=Name line=18 MLIR_ops=[]
[visit_enter] AST=Name line=18 MLIR_ops=[]
[visit_enter] AST=BinOp line=18 MLIR_ops=[]
[visit_enter] AST=BinOp line=18 MLIR_ops=[]
[visit_enter] AST=Name line=18 MLIR_ops=[]
[visit_enter] AST=Constant line=18 MLIR_ops=[]
[visit_enter] AST=Name line=18 MLIR_ops=[]
[visit_enter] AST=Module line=0 MLIR_ops=[]
[visit_enter] AST=FunctionDef line=1 MLIR_ops=[]
[visit_enter] AST=arguments line=0 MLIR_ops=[]
[visit_enter] AST=arg line=1 MLIR_ops=[]
[visit_enter] AST=arg line=1 MLIR_ops=[]
[visit_enter] AST=arg line=1 MLIR_ops=[]
[visit_enter] AST=Attribute line=1 MLIR_ops=[]
[visit_enter] AST=Name line=1 MLIR_ops=[]
[visit_enter] AST=list line=0 MLIR_ops=[]
[visit_enter] AST=AnnAssign line=3 MLIR_ops=[]
[visit_enter] AST=Attribute line=3 MLIR_ops=[]
[visit_enter] AST=Name line=3 MLIR_ops=[]
[visit_enter] AST=Name line=3 MLIR_ops=[]
[visit_enter] AST=Call line=3 MLIR_ops=[]
[visit_enter] AST=Name line=3 MLIR_ops=[]
[visit_enter] AST=Attribute line=3 MLIR_ops=[]
[visit_enter] AST=Name line=3 MLIR_ops=[]
[visit_enter] AST=Assign line=6 MLIR_ops=[]
[visit_enter] AST=Call line=6 MLIR_ops=[]
[visit_enter] AST=Name line=6 MLIR_ops=[]
[visit_enter] AST=keyword line=6 MLIR_ops=[]
[visit_enter] AST=Attribute line=6 MLIR_ops=[]
[visit_enter] AST=Attribute line=6 MLIR_ops=[]
[visit_enter] AST=Name line=6 MLIR_ops=[]
[visit_enter] AST=keyword line=6 MLIR_ops=[]
[visit_enter] AST=Constant line=6 MLIR_ops=[]
[visit_enter] AST=Name line=6 MLIR_ops=[]
[visit_enter] AST=Assign line=7 MLIR_ops=[]
[visit_enter] AST=Call line=7 MLIR_ops=[]
[visit_enter] AST=Attribute line=7 MLIR_ops=[]
[visit_enter] AST=Name line=7 MLIR_ops=[]
[visit_enter] AST=keyword line=7 MLIR_ops=[]
[visit_enter] AST=Constant line=7 MLIR_ops=[]
[visit_enter] AST=Name line=7 MLIR_ops=[]
[visit_enter] AST=Name line=7 MLIR_ops=[]
[visit_enter] AST=Assign line=8 MLIR_ops=[]
[visit_enter] AST=BinOp line=8 MLIR_ops=[]
[visit_enter] AST=Name line=8 MLIR_ops=[]
[visit_enter] AST=Call line=8 MLIR_ops=[]
[visit_enter] AST=Name line=8 MLIR_ops=[]
[visit_enter] AST=Name line=8 MLIR_ops=[]
[visit_enter] AST=BinOp line=8 MLIR_ops=[]
[visit_enter] AST=BinOp line=8 MLIR_ops=[]
[visit_enter] AST=Name line=8 MLIR_ops=[]
[visit_enter] AST=Constant line=8 MLIR_ops=[]
[visit_enter] AST=Name line=8 MLIR_ops=[]
[visit_enter] AST=Constant line=8 MLIR_ops=[]
[visit_enter] AST=Module line=0 MLIR_ops=[]
[visit_enter] AST=FunctionDef line=1 MLIR_ops=[]
[visit_enter] AST=arguments line=0 MLIR_ops=[]
[visit_enter] AST=arg line=1 MLIR_ops=[]
[visit_enter] AST=arg line=1 MLIR_ops=[]
[visit_enter] AST=arg line=1 MLIR_ops=[]
[visit_enter] AST=Assign line=0 MLIR_ops=[]
[visit_enter] AST=Constant line=1 MLIR_ops=[]
[visit_enter] AST=Name line=0 MLIR_ops=[]
[visit_enter] AST=Assign line=0 MLIR_ops=[]
[visit_enter] AST=Constant line=1 MLIR_ops=[]
[visit_enter] AST=Name line=0 MLIR_ops=[]
[visit_enter] AST=list line=0 MLIR_ops=[]
[visit_enter] AST=Expr line=2 MLIR_ops=[]
[visit_enter] AST=Call line=2 MLIR_ops=[]
[visit_enter] AST=Attribute line=2 MLIR_ops=[]
[visit_enter] AST=Name line=2 MLIR_ops=[]
[visit_enter] AST=Call line=2 MLIR_ops=[]
[visit_enter] AST=Attribute line=2 MLIR_ops=[]
[visit_enter] AST=Attribute line=2 MLIR_ops=[]
[visit_enter] AST=Attribute line=2 MLIR_ops=[]
[visit_enter] AST=Name line=2 MLIR_ops=[]
[visit_enter] AST=Return line=3 MLIR_ops=[]
[visit_enter] AST=Call line=3 MLIR_ops=[]
[visit_enter] AST=Attribute line=3 MLIR_ops=[]
[visit_enter] AST=Name line=3 MLIR_ops=[]
[visit_enter] AST=keyword line=3 MLIR_ops=[]
[visit_enter] AST=Name line=3 MLIR_ops=[]
[visit_enter] AST=Name line=3 MLIR_ops=[]
[visit_enter] AST=Name line=3 MLIR_ops=[]
[visit_enter] AST=Name line=3 MLIR_ops=[]
[visit_enter] AST=Name line=8 MLIR_ops=[]
[visit_enter] AST=Assign line=9 MLIR_ops=[]
[visit_enter] AST=Call line=9 MLIR_ops=[]
[visit_enter] AST=Attribute line=9 MLIR_ops=[]
[visit_enter] AST=Name line=9 MLIR_ops=[]
[visit_enter] AST=keyword line=9 MLIR_ops=[]
[visit_enter] AST=Constant line=9 MLIR_ops=[]
[visit_enter] AST=Attribute line=9 MLIR_ops=[]
[visit_enter] AST=Name line=9 MLIR_ops=[]
[visit_enter] AST=Name line=9 MLIR_ops=[]
[visit_enter] AST=Assign line=12 MLIR_ops=[]
[visit_enter] AST=Call line=12 MLIR_ops=[]
[visit_enter] AST=Name line=12 MLIR_ops=[]
[visit_enter] AST=Name line=12 MLIR_ops=[]
[visit_enter] AST=Name line=12 MLIR_ops=[]
[visit_enter] AST=Module line=0 MLIR_ops=[]
[visit_enter] AST=FunctionDef line=1 MLIR_ops=[]
[visit_enter] AST=arguments line=0 MLIR_ops=[]
[visit_enter] AST=arg line=1 MLIR_ops=[]
[visit_enter] AST=Attribute line=1 MLIR_ops=[]
[visit_enter] AST=Name line=1 MLIR_ops=[]
[visit_enter] AST=arg line=1 MLIR_ops=[]
[visit_enter] AST=Attribute line=1 MLIR_ops=[]
[visit_enter] AST=Name line=1 MLIR_ops=[]
[visit_enter] AST=list line=0 MLIR_ops=[]
[visit_enter] AST=Assign line=2 MLIR_ops=[]
[visit_enter] AST=Call line=2 MLIR_ops=[]
[visit_enter] AST=Attribute line=2 MLIR_ops=[]
[visit_enter] AST=Name line=2 MLIR_ops=[]
[visit_enter] AST=Constant line=2 MLIR_ops=[]
[visit_enter] AST=Constant line=2 MLIR_ops=[]
[visit_enter] AST=Name line=2 MLIR_ops=[]
[visit_enter] AST=Assign line=3 MLIR_ops=[]
[visit_enter] AST=Call line=3 MLIR_ops=[]
[visit_enter] AST=Attribute line=3 MLIR_ops=[]
[visit_enter] AST=Name line=3 MLIR_ops=[]
[visit_enter] AST=Name line=3 MLIR_ops=[]
[visit_enter] AST=BinOp line=3 MLIR_ops=[]
[visit_enter] AST=BinOp line=3 MLIR_ops=[]
[visit_enter] AST=BinOp line=3 MLIR_ops=[]
[visit_enter] AST=List line=3 MLIR_ops=[]
[visit_enter] AST=Load line=0 MLIR_ops=[]
[visit_enter] AST=Constant line=3 MLIR_ops=[]
[visit_enter] AST=BinOp line=3 MLIR_ops=[]
[visit_enter] AST=BinOp line=3 MLIR_ops=[]
[visit_enter] AST=Name line=3 MLIR_ops=[]
[visit_enter] AST=Name line=3 MLIR_ops=[]
[visit_enter] AST=Constant line=3 MLIR_ops=[]
[visit_enter] AST=List line=3 MLIR_ops=[]
[visit_enter] AST=Load line=0 MLIR_ops=[]
[visit_enter] AST=Constant line=3 MLIR_ops=[]
[visit_enter] AST=BinOp line=3 MLIR_ops=[]
[visit_enter] AST=List line=3 MLIR_ops=[]
[visit_enter] AST=Load line=0 MLIR_ops=[]
[visit_enter] AST=Constant line=3 MLIR_ops=[]
[visit_enter] AST=Name line=3 MLIR_ops=[]
[visit_enter] AST=Name line=3 MLIR_ops=[]
[visit_enter] AST=Return line=4 MLIR_ops=[]
[visit_enter] AST=Name line=4 MLIR_ops=[]
[visit_enter] AST=Name line=12 MLIR_ops=[]
[visit_enter] AST=Assign line=15 MLIR_ops=[]
[visit_enter] AST=Call line=15 MLIR_ops=[]
[visit_enter] AST=Attribute line=15 MLIR_ops=[]
[visit_enter] AST=Name line=15 MLIR_ops=[]
[visit_enter] AST=Compare line=15 MLIR_ops=[]
[visit_enter] AST=Compare line=15 MLIR_ops=[]
[visit_enter] AST=Name line=15 MLIR_ops=[]
[visit_enter] AST=Name line=15 MLIR_ops=[]
[visit_enter] AST=BinOp line=15 MLIR_ops=[]
[visit_enter] AST=Name line=15 MLIR_ops=[]
[visit_enter] AST=Name line=15 MLIR_ops=[]
[visit_enter] AST=Name line=15 MLIR_ops=[]
[visit_enter] AST=Name line=15 MLIR_ops=[]
[visit_enter] AST=Name line=15 MLIR_ops=[]
[visit_enter] AST=Return line=16 MLIR_ops=[]
[visit_enter] AST=Name line=16 MLIR_ops=[]
[visit_enter] AST=Name line=18 MLIR_ops=[]
[visit_enter] AST=list line=0 MLIR_ops=[]
[visit_enter] AST=Assign line=18 MLIR_ops=[]
[visit_enter] AST=Call line=18 MLIR_ops=[]
[visit_enter] AST=Name line=18 MLIR_ops=[]
[visit_enter] AST=Name line=18 MLIR_ops=[]
[visit_enter] AST=Name line=18 MLIR_ops=[]
[visit_enter] AST=BinOp line=18 MLIR_ops=[]
[visit_enter] AST=BinOp line=18 MLIR_ops=[]
[visit_enter] AST=Name line=18 MLIR_ops=[]
[visit_enter] AST=Constant line=18 MLIR_ops=[]
[visit_enter] AST=Name line=18 MLIR_ops=[]
[visit_enter] AST=Module line=0 MLIR_ops=[]
[visit_enter] AST=FunctionDef line=1 MLIR_ops=[]
[visit_enter] AST=arguments line=0 MLIR_ops=[]
[visit_enter] AST=arg line=1 MLIR_ops=[]
[visit_enter] AST=arg line=1 MLIR_ops=[]
[visit_enter] AST=arg line=1 MLIR_ops=[]
[visit_enter] AST=Attribute line=1 MLIR_ops=[]
[visit_enter] AST=Name line=1 MLIR_ops=[]
[visit_enter] AST=list line=0 MLIR_ops=[]
[visit_enter] AST=AnnAssign line=3 MLIR_ops=[]
[visit_enter] AST=Attribute line=3 MLIR_ops=[]
[visit_enter] AST=Name line=3 MLIR_ops=[]
[visit_enter] AST=Name line=3 MLIR_ops=[]
[visit_enter] AST=Call line=3 MLIR_ops=[]
[visit_enter] AST=Name line=3 MLIR_ops=[]
[visit_enter] AST=Attribute line=3 MLIR_ops=[]
[visit_enter] AST=Name line=3 MLIR_ops=[]
[visit_enter] AST=Assign line=6 MLIR_ops=[]
[visit_enter] AST=Call line=6 MLIR_ops=[]
[visit_enter] AST=Name line=6 MLIR_ops=[]
[visit_enter] AST=keyword line=6 MLIR_ops=[]
[visit_enter] AST=Attribute line=6 MLIR_ops=[]
[visit_enter] AST=Attribute line=6 MLIR_ops=[]
[visit_enter] AST=Name line=6 MLIR_ops=[]
[visit_enter] AST=keyword line=6 MLIR_ops=[]
[visit_enter] AST=Constant line=6 MLIR_ops=[]
[visit_enter] AST=Name line=6 MLIR_ops=[]
[visit_enter] AST=Assign line=7 MLIR_ops=[]
[visit_enter] AST=Call line=7 MLIR_ops=[]
[visit_enter] AST=Attribute line=7 MLIR_ops=[]
[visit_enter] AST=Name line=7 MLIR_ops=[]
[visit_enter] AST=keyword line=7 MLIR_ops=[]
[visit_enter] AST=Constant line=7 MLIR_ops=[]
[visit_enter] AST=Name line=7 MLIR_ops=[]
[visit_enter] AST=Name line=7 MLIR_ops=[]
[visit_enter] AST=Assign line=8 MLIR_ops=[]
[visit_enter] AST=BinOp line=8 MLIR_ops=[]
[visit_enter] AST=Name line=8 MLIR_ops=[]
[visit_enter] AST=Call line=8 MLIR_ops=[]
[visit_enter] AST=Name line=8 MLIR_ops=[]
[visit_enter] AST=Name line=8 MLIR_ops=[]
[visit_enter] AST=BinOp line=8 MLIR_ops=[]
[visit_enter] AST=BinOp line=8 MLIR_ops=[]
[visit_enter] AST=Name line=8 MLIR_ops=[]
[visit_enter] AST=Constant line=8 MLIR_ops=[]
[visit_enter] AST=Name line=8 MLIR_ops=[]
[visit_enter] AST=Constant line=8 MLIR_ops=[]
[visit_enter] AST=Module line=0 MLIR_ops=[]
[visit_enter] AST=FunctionDef line=1 MLIR_ops=[]
[visit_enter] AST=arguments line=0 MLIR_ops=[]
[visit_enter] AST=arg line=1 MLIR_ops=[]
[visit_enter] AST=arg line=1 MLIR_ops=[]
[visit_enter] AST=arg line=1 MLIR_ops=[]
[visit_enter] AST=Assign line=0 MLIR_ops=[]
[visit_enter] AST=Constant line=1 MLIR_ops=[]
[visit_enter] AST=Name line=0 MLIR_ops=[]
[visit_enter] AST=Assign line=0 MLIR_ops=[]
[visit_enter] AST=Constant line=1 MLIR_ops=[]
[visit_enter] AST=Name line=0 MLIR_ops=[]
[visit_enter] AST=list line=0 MLIR_ops=[]
[visit_enter] AST=Expr line=2 MLIR_ops=[]
[visit_enter] AST=Call line=2 MLIR_ops=[]
[visit_enter] AST=Attribute line=2 MLIR_ops=[]
[visit_enter] AST=Name line=2 MLIR_ops=[]
[visit_enter] AST=Call line=2 MLIR_ops=[]
[visit_enter] AST=Attribute line=2 MLIR_ops=[]
[visit_enter] AST=Attribute line=2 MLIR_ops=[]
[visit_enter] AST=Attribute line=2 MLIR_ops=[]
[visit_enter] AST=Name line=2 MLIR_ops=[]
[visit_enter] AST=Return line=3 MLIR_ops=[]
[visit_enter] AST=Call line=3 MLIR_ops=[]
[visit_enter] AST=Attribute line=3 MLIR_ops=[]
[visit_enter] AST=Name line=3 MLIR_ops=[]
[visit_enter] AST=keyword line=3 MLIR_ops=[]
[visit_enter] AST=Name line=3 MLIR_ops=[]
[visit_enter] AST=Name line=3 MLIR_ops=[]
[visit_enter] AST=Name line=3 MLIR_ops=[]
[visit_enter] AST=Name line=3 MLIR_ops=[]
[visit_enter] AST=Name line=8 MLIR_ops=[]
[visit_enter] AST=Assign line=9 MLIR_ops=[]
[visit_enter] AST=Call line=9 MLIR_ops=[]
[visit_enter] AST=Attribute line=9 MLIR_ops=[]
[visit_enter] AST=Name line=9 MLIR_ops=[]
[visit_enter] AST=keyword line=9 MLIR_ops=[]
[visit_enter] AST=Constant line=9 MLIR_ops=[]
[visit_enter] AST=Attribute line=9 MLIR_ops=[]
[visit_enter] AST=Name line=9 MLIR_ops=[]
[visit_enter] AST=Name line=9 MLIR_ops=[]
[visit_enter] AST=Assign line=12 MLIR_ops=[]
[visit_enter] AST=Call line=12 MLIR_ops=[]
[visit_enter] AST=Name line=12 MLIR_ops=[]
[visit_enter] AST=Name line=12 MLIR_ops=[]
[visit_enter] AST=Name line=12 MLIR_ops=[]
[visit_enter] AST=Module line=0 MLIR_ops=[]
[visit_enter] AST=FunctionDef line=1 MLIR_ops=[]
[visit_enter] AST=arguments line=0 MLIR_ops=[]
[visit_enter] AST=arg line=1 MLIR_ops=[]
[visit_enter] AST=Attribute line=1 MLIR_ops=[]
[visit_enter] AST=Name line=1 MLIR_ops=[]
[visit_enter] AST=arg line=1 MLIR_ops=[]
[visit_enter] AST=Attribute line=1 MLIR_ops=[]
[visit_enter] AST=Name line=1 MLIR_ops=[]
[visit_enter] AST=list line=0 MLIR_ops=[]
[visit_enter] AST=Assign line=2 MLIR_ops=[]
[visit_enter] AST=Call line=2 MLIR_ops=[]
[visit_enter] AST=Attribute line=2 MLIR_ops=[]
[visit_enter] AST=Name line=2 MLIR_ops=[]
[visit_enter] AST=Constant line=2 MLIR_ops=[]
[visit_enter] AST=Constant line=2 MLIR_ops=[]
[visit_enter] AST=Name line=2 MLIR_ops=[]
[visit_enter] AST=Assign line=3 MLIR_ops=[]
[visit_enter] AST=Call line=3 MLIR_ops=[]
[visit_enter] AST=Attribute line=3 MLIR_ops=[]
[visit_enter] AST=Name line=3 MLIR_ops=[]
[visit_enter] AST=Name line=3 MLIR_ops=[]
[visit_enter] AST=BinOp line=3 MLIR_ops=[]
[visit_enter] AST=BinOp line=3 MLIR_ops=[]
[visit_enter] AST=BinOp line=3 MLIR_ops=[]
[visit_enter] AST=List line=3 MLIR_ops=[]
[visit_enter] AST=Load line=0 MLIR_ops=[]
[visit_enter] AST=Constant line=3 MLIR_ops=[]
[visit_enter] AST=BinOp line=3 MLIR_ops=[]
[visit_enter] AST=BinOp line=3 MLIR_ops=[]
[visit_enter] AST=Name line=3 MLIR_ops=[]
[visit_enter] AST=Name line=3 MLIR_ops=[]
[visit_enter] AST=Constant line=3 MLIR_ops=[]
[visit_enter] AST=List line=3 MLIR_ops=[]
[visit_enter] AST=Load line=0 MLIR_ops=[]
[visit_enter] AST=Constant line=3 MLIR_ops=[]
[visit_enter] AST=BinOp line=3 MLIR_ops=[]
[visit_enter] AST=List line=3 MLIR_ops=[]
[visit_enter] AST=Load line=0 MLIR_ops=[]
[visit_enter] AST=Constant line=3 MLIR_ops=[]
[visit_enter] AST=Name line=3 MLIR_ops=[]
[visit_enter] AST=Name line=3 MLIR_ops=[]
[visit_enter] AST=Return line=4 MLIR_ops=[]
[visit_enter] AST=Name line=4 MLIR_ops=[]
[visit_enter] AST=Name line=12 MLIR_ops=[]
[visit_enter] AST=Assign line=15 MLIR_ops=[]
[visit_enter] AST=Call line=15 MLIR_ops=[]
[visit_enter] AST=Attribute line=15 MLIR_ops=[]
[visit_enter] AST=Name line=15 MLIR_ops=[]
[visit_enter] AST=Compare line=15 MLIR_ops=[]
[visit_enter] AST=Compare line=15 MLIR_ops=[]
[visit_enter] AST=Name line=15 MLIR_ops=[]
[visit_enter] AST=Name line=15 MLIR_ops=[]
[visit_enter] AST=BinOp line=15 MLIR_ops=[]
[visit_enter] AST=Name line=15 MLIR_ops=[]
[visit_enter] AST=Name line=15 MLIR_ops=[]
[visit_enter] AST=Name line=15 MLIR_ops=[]
[visit_enter] AST=Name line=15 MLIR_ops=[]
[visit_enter] AST=Name line=15 MLIR_ops=[]
[visit_enter] AST=Return line=16 MLIR_ops=[]
[visit_enter] AST=Name line=16 MLIR_ops=[]
[visit_enter] AST=Name line=18 MLIR_ops=[]
[visit_enter] AST=Return line=19 MLIR_ops=[]
[visit_enter] AST=Name line=19 MLIR_ops=[]
[visit_enter] AST=Name line=34 MLIR_ops=[]
[visit_enter] AST=Assign line=37 MLIR_ops=[]
[visit_enter] AST=Call line=37 MLIR_ops=[]
[visit_enter] AST=Attribute line=37 MLIR_ops=[]
[visit_enter] AST=Name line=37 MLIR_ops=[]
[visit_enter] AST=Name line=37 MLIR_ops=[]
[visit_enter] AST=BinOp line=37 MLIR_ops=[]
[visit_enter] AST=Subscript line=37 MLIR_ops=[]
[visit_enter] AST=Subscript line=37 MLIR_ops=[]
[visit_enter] AST=Attribute line=37 MLIR_ops=[]
[visit_enter] AST=Name line=37 MLIR_ops=[]
[visit_enter] AST=Slice line=37 MLIR_ops=[]
[visit_enter] AST=UnaryOp line=37 MLIR_ops=[]
[visit_enter] AST=Constant line=37 MLIR_ops=[]
[visit_enter] AST=List line=37 MLIR_ops=[]
[visit_enter] AST=Load line=0 MLIR_ops=[]
[visit_enter] AST=BinOp line=37 MLIR_ops=[]
[visit_enter] AST=Constant line=37 MLIR_ops=[]
[visit_enter] AST=Name line=37 MLIR_ops=[]
[visit_enter] AST=Name line=37 MLIR_ops=[]
[visit_enter] AST=Return line=38 MLIR_ops=[]
[visit_enter] AST=Name line=38 MLIR_ops=[]
[visit_enter] AST=Name line=3 MLIR_ops=[]
[visit_enter] AST=Expr line=4 MLIR_ops=['set_loc', 'set_loc']
[visit_enter] AST=Call line=4 MLIR_ops=['set_loc', 'set_loc', 'set_loc', 'set_loc', 'set_loc', 'set_loc', 'store']
[visit_enter] AST=Attribute line=4 MLIR_ops=['set_loc', 'set_loc']
[visit_enter] AST=Name line=4 MLIR_ops=[]
[visit_enter] AST=BinOp line=4 MLIR_ops=['set_loc', 'set_loc', 'set_loc', 'set_loc', 'splat', 'addptr']
[visit_enter] AST=BinOp line=4 MLIR_ops=['set_loc', 'set_loc', 'set_loc', 'set_loc', 'addptr']
[visit_enter] AST=Name line=4 MLIR_ops=[]
[visit_enter] AST=BinOp line=4 MLIR_ops=['set_loc', 'set_loc', 'set_loc', 'set_loc', 'int.cast', 'int.cast', 'mul', 'icmpSLE', 'icmpSGE', 'and', 'mul']
[visit_enter] AST=Name line=4 MLIR_ops=[]
[visit_enter] AST=Constant line=4 MLIR_ops=[]
[visit_enter] AST=Call line=4 MLIR_ops=['set_loc', 'set_loc', 'set_loc', 'set_loc', 'set_loc', 'set_loc', 'make.range']
[visit_enter] AST=Attribute line=4 MLIR_ops=['set_loc', 'set_loc']
[visit_enter] AST=Name line=4 MLIR_ops=[]
[visit_enter] AST=Constant line=4 MLIR_ops=[]
[visit_enter] AST=Constant line=4 MLIR_ops=[]
[visit_enter] AST=Name line=4 MLIR_ops=[]
[visit_enter] AST=Module line=0 MLIR_ops=['set_loc', 'set_loc']
[visit_enter] AST=FunctionDef line=1 MLIR_ops=['set_loc']
[visit_enter] AST=arguments line=0 MLIR_ops=['set_loc', 'set_loc', 'set_loc', 'set_loc']
[visit_enter] AST=arg line=1 MLIR_ops=[]
[visit_enter] AST=arg line=1 MLIR_ops=[]
[visit_enter] AST=list line=0 MLIR_ops=['set_loc', 'set_loc', 'set_loc', 'set_loc', 'set_loc', 'set_loc', 'set_loc', 'set_loc', 'set_loc', 'set_loc']
[visit_enter] AST=Assign line=2 MLIR_ops=['set_loc', 'set_loc', 'set_loc', 'set_loc']
[visit_enter] AST=Call line=2 MLIR_ops=['set_loc', 'set_loc', 'set_loc', 'set_loc', 'get.program.id']
[visit_enter] AST=Attribute line=2 MLIR_ops=['set_loc', 'set_loc']
[visit_enter] AST=Name line=2 MLIR_ops=[]
[visit_enter] AST=Constant line=2 MLIR_ops=[]
[visit_enter] AST=Name line=2 MLIR_ops=[]
[visit_enter] AST=Assign line=2 MLIR_ops=['set_loc', 'set_loc', 'set_loc', 'set_loc']
[visit_enter] AST=BinOp line=2 MLIR_ops=['set_loc', 'set_loc', 'set_loc', 'set_loc', 'splat', 'int.cast', 'int.cast', 'add', 'splat', 'icmpSLE', 'splat', 'icmpSGE', 'and', 'add']
[visit_enter] AST=BinOp line=2 MLIR_ops=['set_loc', 'set_loc', 'set_loc', 'set_loc', 'int.cast', 'int.cast', 'mul', 'icmpSLE', 'icmpSGE', 'and', 'mul']
[visit_enter] AST=Name line=2 MLIR_ops=[]
[visit_enter] AST=Constant line=2 MLIR_ops=[]
[visit_enter] AST=Call line=2 MLIR_ops=['set_loc', 'set_loc', 'set_loc', 'set_loc', 'set_loc', 'set_loc', 'make.range']
[visit_enter] AST=Attribute line=2 MLIR_ops=['set_loc', 'set_loc']
[visit_enter] AST=Name line=2 MLIR_ops=[]
[visit_enter] AST=Constant line=2 MLIR_ops=[]
[visit_enter] AST=Constant line=2 MLIR_ops=[]
[visit_enter] AST=Name line=2 MLIR_ops=[]
[visit_enter] AST=Assign line=3 MLIR_ops=['set_loc', 'set_loc', 'set_loc', 'set_loc']
[visit_enter] AST=Call line=3 MLIR_ops=['set_loc', 'set_loc', 'set_loc', 'set_loc', 'load']
[visit_enter] AST=Attribute line=3 MLIR_ops=['set_loc', 'set_loc']
[visit_enter] AST=Name line=3 MLIR_ops=[]
[visit_enter] AST=BinOp line=3 MLIR_ops=['set_loc', 'set_loc', 'set_loc', 'set_loc', 'splat', 'addptr']
[visit_enter] AST=Name line=3 MLIR_ops=[]
[visit_enter] AST=Name line=3 MLIR_ops=[]
[visit_enter] AST=Name line=3 MLIR_ops=[]
[visit_enter] AST=Assign line=3 MLIR_ops=['set_loc', 'set_loc', 'set_loc', 'set_loc']
[visit_enter] AST=Call line=3 MLIR_ops=['set_loc', 'set_loc', 'set_loc', 'set_loc', 'set_loc', 'set_loc']
[visit_enter] AST=Attribute line=3 MLIR_ops=['set_loc', 'set_loc']
[visit_enter] AST=Name line=3 MLIR_ops=[]
[visit_enter] AST=keyword line=3 MLIR_ops=['set_loc', 'set_loc']
[visit_enter] AST=Constant line=3 MLIR_ops=[]
[visit_enter] AST=Name line=3 MLIR_ops=[]
[visit_enter] AST=Module line=0 MLIR_ops=[]
[visit_enter] AST=FunctionDef line=1 MLIR_ops=[]
[visit_enter] AST=arguments line=0 MLIR_ops=[]
[visit_enter] AST=arg line=1 MLIR_ops=[]
[visit_enter] AST=arg line=1 MLIR_ops=[]
[visit_enter] AST=arg line=1 MLIR_ops=[]
[visit_enter] AST=Assign line=0 MLIR_ops=[]
[visit_enter] AST=Constant line=1 MLIR_ops=[]
[visit_enter] AST=Name line=0 MLIR_ops=[]
[visit_enter] AST=Assign line=0 MLIR_ops=[]
[visit_enter] AST=Constant line=1 MLIR_ops=[]
[visit_enter] AST=Name line=0 MLIR_ops=[]
[visit_enter] AST=list line=0 MLIR_ops=[]
[visit_enter] AST=Assign line=3 MLIR_ops=[]
[visit_enter] AST=Call line=3 MLIR_ops=[]
[visit_enter] AST=Attribute line=3 MLIR_ops=[]
[visit_enter] AST=Name line=3 MLIR_ops=[]
[visit_enter] AST=Name line=3 MLIR_ops=[]
[visit_enter] AST=Name line=3 MLIR_ops=[]
[visit_enter] AST=Return line=4 MLIR_ops=[]
[visit_enter] AST=Call line=4 MLIR_ops=[]
[visit_enter] AST=Attribute line=4 MLIR_ops=[]
[visit_enter] AST=Name line=4 MLIR_ops=[]
[visit_enter] AST=Name line=4 MLIR_ops=[]
[visit_enter] AST=Name line=4 MLIR_ops=[]
[visit_enter] AST=Name line=4 MLIR_ops=[]
[visit_enter] AST=Name line=4 MLIR_ops=[]
[visit_enter] AST=Module line=0 MLIR_ops=[]
[visit_enter] AST=FunctionDef line=1 MLIR_ops=[]
[visit_enter] AST=arguments line=0 MLIR_ops=[]
[visit_enter] AST=arg line=1 MLIR_ops=[]
[visit_enter] AST=arg line=1 MLIR_ops=[]
[visit_enter] AST=list line=0 MLIR_ops=[]
[visit_enter] AST=Return line=2 MLIR_ops=[]
[visit_enter] AST=BinOp line=2 MLIR_ops=[]
[visit_enter] AST=Name line=2 MLIR_ops=[]
[visit_enter] AST=Name line=2 MLIR_ops=[]
[visit_enter] AST=Name line=3 MLIR_ops=[]
[visit_enter] AST=Expr line=4 MLIR_ops=['set_loc', 'set_loc']
[visit_enter] AST=Call line=4 MLIR_ops=['set_loc', 'set_loc', 'set_loc', 'set_loc', 'set_loc', 'set_loc', 'store']
[visit_enter] AST=Attribute line=4 MLIR_ops=['set_loc', 'set_loc']
[visit_enter] AST=Name line=4 MLIR_ops=[]
[visit_enter] AST=BinOp line=4 MLIR_ops=['set_loc', 'set_loc', 'set_loc', 'set_loc', 'splat', 'addptr']
[visit_enter] AST=Name line=4 MLIR_ops=[]
[visit_enter] AST=Name line=4 MLIR_ops=[]
[visit_enter] AST=Name line=4 MLIR_ops=[]
[visit_enter] AST=Module line=0 MLIR_ops=['set_loc', 'set_loc']
[visit_enter] AST=FunctionDef line=1 MLIR_ops=['set_loc']
[visit_enter] AST=arguments line=0 MLIR_ops=['set_loc', 'set_loc', 'set_loc', 'set_loc']
[visit_enter] AST=arg line=1 MLIR_ops=[]
[visit_enter] AST=arg line=1 MLIR_ops=[]
[visit_enter] AST=list line=0 MLIR_ops=['set_loc', 'set_loc', 'set_loc', 'set_loc', 'set_loc', 'set_loc', 'set_loc', 'set_loc', 'set_loc', 'set_loc', 'set_loc', 'set_loc']
[visit_enter] AST=Assign line=2 MLIR_ops=['set_loc', 'set_loc', 'set_loc', 'set_loc']
[visit_enter] AST=Call line=2 MLIR_ops=['set_loc', 'set_loc', 'set_loc', 'set_loc', 'get.program.id']
[visit_enter] AST=Attribute line=2 MLIR_ops=['set_loc', 'set_loc']
[visit_enter] AST=Name line=2 MLIR_ops=[]
[visit_enter] AST=Constant line=2 MLIR_ops=[]
[visit_enter] AST=Name line=2 MLIR_ops=[]
[visit_enter] AST=Assign line=2 MLIR_ops=['set_loc', 'set_loc', 'set_loc', 'set_loc']
[visit_enter] AST=BinOp line=2 MLIR_ops=['set_loc', 'set_loc', 'set_loc', 'set_loc', 'splat', 'int.cast', 'int.cast', 'add', 'splat', 'icmpSLE', 'splat', 'icmpSGE', 'and', 'add']
[visit_enter] AST=BinOp line=2 MLIR_ops=['set_loc', 'set_loc', 'set_loc', 'set_loc', 'int.cast', 'int.cast', 'mul', 'icmpSLE', 'icmpSGE', 'and', 'mul']
[visit_enter] AST=Name line=2 MLIR_ops=[]
[visit_enter] AST=Constant line=2 MLIR_ops=[]
[visit_enter] AST=Call line=2 MLIR_ops=['set_loc', 'set_loc', 'set_loc', 'set_loc', 'set_loc', 'set_loc', 'make.range']
[visit_enter] AST=Attribute line=2 MLIR_ops=['set_loc', 'set_loc']
[visit_enter] AST=Name line=2 MLIR_ops=[]
[visit_enter] AST=Constant line=2 MLIR_ops=[]
[visit_enter] AST=Constant line=2 MLIR_ops=[]
[visit_enter] AST=Name line=2 MLIR_ops=[]
[visit_enter] AST=Assign line=3 MLIR_ops=['set_loc', 'set_loc', 'set_loc', 'set_loc']
[visit_enter] AST=Call line=3 MLIR_ops=['set_loc', 'set_loc', 'set_loc', 'set_loc', 'load']
[visit_enter] AST=Attribute line=3 MLIR_ops=['set_loc', 'set_loc']
[visit_enter] AST=Name line=3 MLIR_ops=[]
[visit_enter] AST=BinOp line=3 MLIR_ops=['set_loc', 'set_loc', 'set_loc', 'set_loc', 'splat', 'addptr']
[visit_enter] AST=Name line=3 MLIR_ops=[]
[visit_enter] AST=Name line=3 MLIR_ops=[]
[visit_enter] AST=Name line=3 MLIR_ops=[]
[visit_enter] AST=Assign line=3 MLIR_ops=['set_loc', 'set_loc', 'set_loc', 'set_loc']
[visit_enter] AST=Call line=3 MLIR_ops=['set_loc', 'set_loc', 'set_loc', 'set_loc', 'fp.to.si']
[visit_enter] AST=Attribute line=3 MLIR_ops=['set_loc', 'set_loc']
[visit_enter] AST=Call line=3 MLIR_ops=['set_loc', 'set_loc', 'set_loc', 'set_loc', 'set_loc', 'set_loc']
[visit_enter] AST=Attribute line=3 MLIR_ops=['set_loc', 'set_loc']
[visit_enter] AST=Name line=3 MLIR_ops=[]
[visit_enter] AST=keyword line=3 MLIR_ops=['set_loc', 'set_loc']
[visit_enter] AST=Constant line=3 MLIR_ops=[]
[visit_enter] AST=Name line=3 MLIR_ops=[]
[visit_enter] AST=Module line=0 MLIR_ops=[]
[visit_enter] AST=FunctionDef line=1 MLIR_ops=[]
[visit_enter] AST=arguments line=0 MLIR_ops=[]
[visit_enter] AST=arg line=1 MLIR_ops=[]
[visit_enter] AST=arg line=1 MLIR_ops=[]
[visit_enter] AST=arg line=1 MLIR_ops=[]
[visit_enter] AST=arg line=1 MLIR_ops=[]
[visit_enter] AST=Attribute line=1 MLIR_ops=[]
[visit_enter] AST=Name line=1 MLIR_ops=[]
[visit_enter] AST=AnnAssign line=0 MLIR_ops=[]
[visit_enter] AST=Attribute line=1 MLIR_ops=[]
[visit_enter] AST=Name line=1 MLIR_ops=[]
[visit_enter] AST=Name line=0 MLIR_ops=[]
[visit_enter] AST=Constant line=1 MLIR_ops=[]
[visit_enter] AST=Assign line=0 MLIR_ops=[]
[visit_enter] AST=Constant line=1 MLIR_ops=[]
[visit_enter] AST=Name line=0 MLIR_ops=[]
[visit_enter] AST=Assign line=0 MLIR_ops=[]
[visit_enter] AST=Constant line=1 MLIR_ops=[]
[visit_enter] AST=Name line=0 MLIR_ops=[]
[visit_enter] AST=list line=0 MLIR_ops=[]
[visit_enter] AST=AnnAssign line=3 MLIR_ops=[]
[visit_enter] AST=Attribute line=3 MLIR_ops=[]
[visit_enter] AST=Name line=3 MLIR_ops=[]
[visit_enter] AST=Name line=3 MLIR_ops=[]
[visit_enter] AST=Call line=3 MLIR_ops=[]
[visit_enter] AST=Name line=3 MLIR_ops=[]
[visit_enter] AST=Attribute line=3 MLIR_ops=[]
[visit_enter] AST=Name line=3 MLIR_ops=[]
[visit_enter] AST=Name line=3 MLIR_ops=[]
[visit_enter] AST=If line=5 MLIR_ops=[]
[visit_enter] AST=Compare line=5 MLIR_ops=[]
[visit_enter] AST=Name line=5 MLIR_ops=[]
[visit_enter] AST=Constant line=5 MLIR_ops=[]
[visit_enter] AST=list line=0 MLIR_ops=[]
[visit_enter] AST=Return line=7 MLIR_ops=[]
[visit_enter] AST=Call line=7 MLIR_ops=[]
[visit_enter] AST=Attribute line=7 MLIR_ops=[]
[visit_enter] AST=Name line=7 MLIR_ops=[]
[visit_enter] AST=keyword line=7 MLIR_ops=[]
[visit_enter] AST=Name line=7 MLIR_ops=[]
[visit_enter] AST=Name line=7 MLIR_ops=[]
[visit_enter] AST=Name line=7 MLIR_ops=[]
[visit_enter] AST=Name line=7 MLIR_ops=[]
[visit_enter] AST=Module line=0 MLIR_ops=[]
[visit_enter] AST=FunctionDef line=1 MLIR_ops=[]
[visit_enter] AST=arguments line=0 MLIR_ops=[]
[visit_enter] AST=arg line=1 MLIR_ops=[]
[visit_enter] AST=arg line=1 MLIR_ops=[]
[visit_enter] AST=list line=0 MLIR_ops=[]
[visit_enter] AST=Return line=2 MLIR_ops=[]
[visit_enter] AST=BinOp line=2 MLIR_ops=[]
[visit_enter] AST=Name line=2 MLIR_ops=[]
[visit_enter] AST=Name line=2 MLIR_ops=[]
[visit_enter] AST=Attribute line=3 MLIR_ops=['set_loc', 'set_loc']
[visit_enter] AST=Name line=3 MLIR_ops=[]
[visit_enter] AST=Name line=3 MLIR_ops=[]
[visit_enter] AST=Expr line=4 MLIR_ops=['set_loc', 'set_loc']
[visit_enter] AST=Call line=4 MLIR_ops=['set_loc', 'set_loc', 'set_loc', 'set_loc', 'set_loc', 'set_loc', 'si.to.fp', 'atomic.rmw']
[visit_enter] AST=Attribute line=4 MLIR_ops=['set_loc', 'set_loc']
[visit_enter] AST=Name line=4 MLIR_ops=[]
[visit_enter] AST=Name line=4 MLIR_ops=[]
[visit_enter] AST=Name line=4 MLIR_ops=[]
[visit_enter] AST=Expr line=4 MLIR_ops=['set_loc', 'set_loc']
[visit_enter] AST=Call line=4 MLIR_ops=['set_loc', 'set_loc', 'set_loc', 'set_loc', 'set_loc', 'set_loc', 'si.to.fp', 'atomic.rmw']
[visit_enter] AST=Attribute line=4 MLIR_ops=['set_loc', 'set_loc']
[visit_enter] AST=Name line=4 MLIR_ops=[]
[visit_enter] AST=BinOp line=4 MLIR_ops=['set_loc', 'set_loc', 'set_loc', 'set_loc', 'addptr']
[visit_enter] AST=Name line=4 MLIR_ops=[]
[visit_enter] AST=Constant line=4 MLIR_ops=[]
[visit_enter] AST=Name line=4 MLIR_ops=[]
[visit_enter] AST=Module line=0 MLIR_ops=['set_loc', 'set_loc']
[visit_enter] AST=FunctionDef line=1 MLIR_ops=['set_loc']
[visit_enter] AST=arguments line=0 MLIR_ops=['set_loc', 'set_loc', 'set_loc', 'set_loc']
[visit_enter] AST=arg line=1 MLIR_ops=[]
[visit_enter] AST=arg line=1 MLIR_ops=[]
[visit_enter] AST=list line=0 MLIR_ops=['set_loc', 'set_loc', 'set_loc', 'set_loc', 'set_loc', 'set_loc', 'set_loc', 'set_loc', 'set_loc', 'set_loc', 'set_loc', 'set_loc', 'set_loc', 'set_loc']
[visit_enter] AST=Assign line=2 MLIR_ops=['set_loc', 'set_loc', 'set_loc', 'set_loc']
[visit_enter] AST=Call line=2 MLIR_ops=['set_loc', 'set_loc', 'set_loc', 'set_loc', 'get.program.id']
[visit_enter] AST=Attribute line=2 MLIR_ops=['set_loc', 'set_loc']
[visit_enter] AST=Name line=2 MLIR_ops=[]
[visit_enter] AST=Constant line=2 MLIR_ops=[]
[visit_enter] AST=Name line=2 MLIR_ops=[]
[visit_enter] AST=Assign line=2 MLIR_ops=['set_loc', 'set_loc', 'set_loc', 'set_loc']
[visit_enter] AST=BinOp line=2 MLIR_ops=['set_loc', 'set_loc', 'set_loc', 'set_loc', 'splat', 'int.cast', 'int.cast', 'add', 'splat', 'icmpSLE', 'splat', 'icmpSGE', 'and', 'add']
[visit_enter] AST=BinOp line=2 MLIR_ops=['set_loc', 'set_loc', 'set_loc', 'set_loc', 'int.cast', 'int.cast', 'mul', 'icmpSLE', 'icmpSGE', 'and', 'mul']
[visit_enter] AST=Name line=2 MLIR_ops=[]
[visit_enter] AST=Constant line=2 MLIR_ops=[]
[visit_enter] AST=Call line=2 MLIR_ops=['set_loc', 'set_loc', 'set_loc', 'set_loc', 'set_loc', 'set_loc', 'make.range']
[visit_enter] AST=Attribute line=2 MLIR_ops=['set_loc', 'set_loc']
[visit_enter] AST=Name line=2 MLIR_ops=[]
[visit_enter] AST=Constant line=2 MLIR_ops=[]
[visit_enter] AST=Constant line=2 MLIR_ops=[]
[visit_enter] AST=Name line=2 MLIR_ops=[]
[visit_enter] AST=Assign line=3 MLIR_ops=['set_loc', 'set_loc', 'set_loc', 'set_loc']
[visit_enter] AST=Call line=3 MLIR_ops=['set_loc', 'set_loc', 'set_loc', 'set_loc', 'load']
[visit_enter] AST=Attribute line=3 MLIR_ops=['set_loc', 'set_loc']
[visit_enter] AST=Name line=3 MLIR_ops=[]
[visit_enter] AST=BinOp line=3 MLIR_ops=['set_loc', 'set_loc', 'set_loc', 'set_loc', 'splat', 'addptr']
[visit_enter] AST=Name line=3 MLIR_ops=[]
[visit_enter] AST=Name line=3 MLIR_ops=[]
[visit_enter] AST=Name line=3 MLIR_ops=[]
[visit_enter] AST=Assign line=4 MLIR_ops=['set_loc', 'set_loc', 'set_loc', 'set_loc']
[visit_enter] AST=Call line=4 MLIR_ops=['set_loc', 'set_loc', 'set_loc', 'set_loc', 'log']
[visit_enter] AST=Attribute line=4 MLIR_ops=['set_loc', 'set_loc']
[visit_enter] AST=Name line=4 MLIR_ops=[]
[visit_enter] AST=Name line=4 MLIR_ops=[]
[visit_enter] AST=Name line=4 MLIR_ops=[]
[visit_enter] AST=Assign line=4 MLIR_ops=['set_loc', 'set_loc', 'set_loc', 'set_loc']
[visit_enter] AST=Call line=4 MLIR_ops=['set_loc', 'set_loc', 'set_loc', 'set_loc', 'sin']
[visit_enter] AST=Attribute line=4 MLIR_ops=['set_loc', 'set_loc']
[visit_enter] AST=Name line=4 MLIR_ops=[]
[visit_enter] AST=Name line=4 MLIR_ops=[]
[visit_enter] AST=Name line=4 MLIR_ops=[]
[visit_enter] AST=Assign line=4 MLIR_ops=['set_loc', 'set_loc', 'set_loc', 'set_loc']
[visit_enter] AST=Call line=4 MLIR_ops=['set_loc', 'set_loc', 'set_loc', 'set_loc', 'cos']
[visit_enter] AST=Attribute line=4 MLIR_ops=['set_loc', 'set_loc']
[visit_enter] AST=Name line=4 MLIR_ops=[]
[visit_enter] AST=Name line=4 MLIR_ops=[]
[visit_enter] AST=Name line=4 MLIR_ops=[]
[visit_enter] AST=Expr line=5 MLIR_ops=['set_loc', 'set_loc']
[visit_enter] AST=Call line=5 MLIR_ops=['set_loc', 'set_loc', 'set_loc', 'set_loc', 'set_loc', 'set_loc', 'store']
[visit_enter] AST=Attribute line=5 MLIR_ops=['set_loc', 'set_loc']
[visit_enter] AST=Name line=5 MLIR_ops=[]
[visit_enter] AST=BinOp line=5 MLIR_ops=['set_loc', 'set_loc', 'set_loc', 'set_loc', 'splat', 'addptr']
[visit_enter] AST=Name line=5 MLIR_ops=[]
[visit_enter] AST=Name line=5 MLIR_ops=[]
[visit_enter] AST=BinOp line=5 MLIR_ops=['set_loc', 'set_loc', 'set_loc', 'set_loc', 'fadd']
[visit_enter] AST=BinOp line=5 MLIR_ops=['set_loc', 'set_loc', 'set_loc', 'set_loc', 'fadd']
[visit_enter] AST=Name line=5 MLIR_ops=[]
[visit_enter] AST=Name line=5 MLIR_ops=[]
[visit_enter] AST=Name line=5 MLIR_ops=[]
[visit_enter] AST=Module line=0 MLIR_ops=['set_loc', 'set_loc']
[visit_enter] AST=FunctionDef line=1 MLIR_ops=['set_loc']
[visit_enter] AST=arguments line=0 MLIR_ops=['set_loc', 'set_loc', 'set_loc', 'set_loc']
[visit_enter] AST=arg line=1 MLIR_ops=[]
[visit_enter] AST=arg line=1 MLIR_ops=[]
[visit_enter] AST=list line=0 MLIR_ops=['set_loc', 'set_loc', 'set_loc', 'set_loc', 'set_loc', 'set_loc', 'set_loc', 'set_loc', 'set_loc', 'set_loc']
[visit_enter] AST=Assign line=2 MLIR_ops=['set_loc', 'set_loc', 'set_loc', 'set_loc']
[visit_enter] AST=Call line=2 MLIR_ops=['set_loc', 'set_loc', 'set_loc', 'set_loc', 'get.program.id']
[visit_enter] AST=Attribute line=2 MLIR_ops=['set_loc', 'set_loc']
[visit_enter] AST=Name line=2 MLIR_ops=[]
[visit_enter] AST=Constant line=2 MLIR_ops=[]
[visit_enter] AST=Name line=2 MLIR_ops=[]
[visit_enter] AST=Assign line=2 MLIR_ops=['set_loc', 'set_loc', 'set_loc', 'set_loc']
[visit_enter] AST=BinOp line=2 MLIR_ops=['set_loc', 'set_loc', 'set_loc', 'set_loc', 'splat', 'int.cast', 'int.cast', 'add', 'splat', 'icmpSLE', 'splat', 'icmpSGE', 'and', 'add']
[visit_enter] AST=BinOp line=2 MLIR_ops=['set_loc', 'set_loc', 'set_loc', 'set_loc', 'int.cast', 'int.cast', 'mul', 'icmpSLE', 'icmpSGE', 'and', 'mul']
[visit_enter] AST=Name line=2 MLIR_ops=[]
[visit_enter] AST=Constant line=2 MLIR_ops=[]
[visit_enter] AST=Call line=2 MLIR_ops=['set_loc', 'set_loc', 'set_loc', 'set_loc', 'set_loc', 'set_loc', 'make.range']
[visit_enter] AST=Attribute line=2 MLIR_ops=['set_loc', 'set_loc']
[visit_enter] AST=Name line=2 MLIR_ops=[]
[visit_enter] AST=Constant line=2 MLIR_ops=[]
[visit_enter] AST=Constant line=2 MLIR_ops=[]
[visit_enter] AST=Name line=2 MLIR_ops=[]
[visit_enter] AST=Assign line=3 MLIR_ops=['set_loc', 'set_loc', 'set_loc', 'set_loc']
[visit_enter] AST=Call line=3 MLIR_ops=['set_loc', 'set_loc', 'set_loc', 'set_loc', 'load']
[visit_enter] AST=Attribute line=3 MLIR_ops=['set_loc', 'set_loc']
[visit_enter] AST=Name line=3 MLIR_ops=[]
[visit_enter] AST=BinOp line=3 MLIR_ops=['set_loc', 'set_loc', 'set_loc', 'set_loc', 'splat', 'addptr']
[visit_enter] AST=Name line=3 MLIR_ops=[]
[visit_enter] AST=Name line=3 MLIR_ops=[]
[visit_enter] AST=Name line=3 MLIR_ops=[]
[visit_enter] AST=Assign line=3 MLIR_ops=['set_loc', 'set_loc', 'set_loc', 'set_loc']
[visit_enter] AST=Call line=3 MLIR_ops=['set_loc', 'set_loc', 'set_loc', 'set_loc', 'rsqrt']
[visit_enter] AST=Attribute line=3 MLIR_ops=['set_loc', 'set_loc']
[visit_enter] AST=Name line=3 MLIR_ops=[]
[visit_enter] AST=Name line=3 MLIR_ops=[]
[visit_enter] AST=Name line=3 MLIR_ops=[]
[visit_enter] AST=Expr line=4 MLIR_ops=['set_loc', 'set_loc']
[visit_enter] AST=Call line=4 MLIR_ops=['set_loc', 'set_loc', 'set_loc', 'set_loc', 'set_loc', 'set_loc', 'store']
[visit_enter] AST=Attribute line=4 MLIR_ops=['set_loc', 'set_loc']
[visit_enter] AST=Name line=4 MLIR_ops=[]
[visit_enter] AST=BinOp line=4 MLIR_ops=['set_loc', 'set_loc', 'set_loc', 'set_loc', 'splat', 'addptr']
[visit_enter] AST=Name line=4 MLIR_ops=[]
[visit_enter] AST=Name line=4 MLIR_ops=[]
[visit_enter] AST=Name line=4 MLIR_ops=[]
[visit_enter] AST=Module line=0 MLIR_ops=['set_loc', 'set_loc']
[visit_enter] AST=FunctionDef line=1 MLIR_ops=['set_loc']
[visit_enter] AST=arguments line=0 MLIR_ops=['set_loc', 'set_loc', 'set_loc', 'set_loc']
[visit_enter] AST=arg line=1 MLIR_ops=[]
[visit_enter] AST=arg line=1 MLIR_ops=[]
[visit_enter] AST=list line=0 MLIR_ops=['set_loc', 'set_loc', 'set_loc', 'set_loc', 'set_loc', 'set_loc', 'set_loc', 'set_loc', 'set_loc', 'set_loc']
[visit_enter] AST=Assign line=2 MLIR_ops=['set_loc', 'set_loc', 'set_loc', 'set_loc']
[visit_enter] AST=Call line=2 MLIR_ops=['set_loc', 'set_loc', 'set_loc', 'set_loc', 'get.program.id']
[visit_enter] AST=Attribute line=2 MLIR_ops=['set_loc', 'set_loc']
[visit_enter] AST=Name line=2 MLIR_ops=[]
[visit_enter] AST=Constant line=2 MLIR_ops=[]
[visit_enter] AST=Name line=2 MLIR_ops=[]
[visit_enter] AST=Assign line=2 MLIR_ops=['set_loc', 'set_loc', 'set_loc', 'set_loc']
[visit_enter] AST=Call line=2 MLIR_ops=['set_loc', 'set_loc', 'set_loc', 'set_loc', 'set_loc', 'set_loc', 'make.range']
[visit_enter] AST=Attribute line=2 MLIR_ops=['set_loc', 'set_loc']
[visit_enter] AST=Name line=2 MLIR_ops=[]
[visit_enter] AST=Constant line=2 MLIR_ops=[]
[visit_enter] AST=Constant line=2 MLIR_ops=[]
[visit_enter] AST=Name line=2 MLIR_ops=[]
[visit_enter] AST=Assign line=3 MLIR_ops=['set_loc', 'set_loc', 'set_loc', 'set_loc']
[visit_enter] AST=Call line=3 MLIR_ops=['set_loc', 'set_loc', 'set_loc', 'set_loc', 'load']
[visit_enter] AST=Attribute line=3 MLIR_ops=['set_loc', 'set_loc']
[visit_enter] AST=Name line=3 MLIR_ops=[]
[visit_enter] AST=BinOp line=3 MLIR_ops=['set_loc', 'set_loc', 'set_loc', 'set_loc', 'splat', 'addptr']
[visit_enter] AST=Name line=3 MLIR_ops=[]
[visit_enter] AST=Name line=3 MLIR_ops=[]
[visit_enter] AST=Name line=3 MLIR_ops=[]
[visit_enter] AST=Assign line=3 MLIR_ops=['set_loc', 'set_loc', 'set_loc', 'set_loc']
[visit_enter] AST=Call line=3 MLIR_ops=['set_loc', 'set_loc', 'set_loc', 'set_loc', 'set_loc', 'set_loc']
[visit_enter] AST=Attribute line=3 MLIR_ops=['set_loc', 'set_loc']
[visit_enter] AST=Name line=3 MLIR_ops=[]
[visit_enter] AST=Name line=3 MLIR_ops=[]
[visit_enter] AST=Name line=3 MLIR_ops=[]
[visit_enter] AST=Module line=0 MLIR_ops=[]
[visit_enter] AST=FunctionDef line=1 MLIR_ops=[]
[visit_enter] AST=arguments line=0 MLIR_ops=[]
[visit_enter] AST=arg line=1 MLIR_ops=[]
[visit_enter] AST=arg line=1 MLIR_ops=[]
[visit_enter] AST=arg line=1 MLIR_ops=[]
[visit_enter] AST=Attribute line=1 MLIR_ops=[]
[visit_enter] AST=Name line=1 MLIR_ops=[]
[visit_enter] AST=AnnAssign line=0 MLIR_ops=[]
[visit_enter] AST=Attribute line=1 MLIR_ops=[]
[visit_enter] AST=Name line=1 MLIR_ops=[]
[visit_enter] AST=Name line=0 MLIR_ops=[]
[visit_enter] AST=Name line=1 MLIR_ops=[]
[visit_enter] AST=list line=0 MLIR_ops=[]
[visit_enter] AST=Expr line=2 MLIR_ops=[]
[visit_enter] AST=Constant line=2 MLIR_ops=[]
[visit_enter] AST=Assign line=9 MLIR_ops=[]
[visit_enter] AST=Call line=9 MLIR_ops=[]
[visit_enter] AST=Name line=9 MLIR_ops=[]
[visit_enter] AST=Name line=9 MLIR_ops=[]
[visit_enter] AST=Name line=9 MLIR_ops=[]
[visit_enter] AST=Name line=9 MLIR_ops=[]
[visit_enter] AST=Module line=0 MLIR_ops=[]
[visit_enter] AST=FunctionDef line=1 MLIR_ops=[]
[visit_enter] AST=arguments line=0 MLIR_ops=[]
[visit_enter] AST=arg line=1 MLIR_ops=[]
[visit_enter] AST=arg line=1 MLIR_ops=[]
[visit_enter] AST=arg line=1 MLIR_ops=[]
[visit_enter] AST=Attribute line=1 MLIR_ops=[]
[visit_enter] AST=Name line=1 MLIR_ops=[]
[visit_enter] AST=AnnAssign line=0 MLIR_ops=[]
[visit_enter] AST=Attribute line=1 MLIR_ops=[]
[visit_enter] AST=Name line=1 MLIR_ops=[]
[visit_enter] AST=Name line=0 MLIR_ops=[]
[visit_enter] AST=Name line=1 MLIR_ops=[]
[visit_enter] AST=list line=0 MLIR_ops=[]
[visit_enter] AST=Expr line=2 MLIR_ops=[]
[visit_enter] AST=Constant line=2 MLIR_ops=[]
[visit_enter] AST=Assign line=12 MLIR_ops=[]
[visit_enter] AST=Call line=12 MLIR_ops=[]
[visit_enter] AST=Name line=12 MLIR_ops=[]
[visit_enter] AST=Name line=12 MLIR_ops=[]
[visit_enter] AST=Name line=12 MLIR_ops=[]
[visit_enter] AST=Name line=12 MLIR_ops=[]
[visit_enter] AST=Module line=0 MLIR_ops=[]
[visit_enter] AST=FunctionDef line=1 MLIR_ops=[]
[visit_enter] AST=arguments line=0 MLIR_ops=[]
[visit_enter] AST=arg line=1 MLIR_ops=[]
[visit_enter] AST=arg line=1 MLIR_ops=[]
[visit_enter] AST=arg line=1 MLIR_ops=[]
[visit_enter] AST=Attribute line=1 MLIR_ops=[]
[visit_enter] AST=Name line=1 MLIR_ops=[]
[visit_enter] AST=AnnAssign line=0 MLIR_ops=[]
[visit_enter] AST=Attribute line=1 MLIR_ops=[]
[visit_enter] AST=Name line=1 MLIR_ops=[]
[visit_enter] AST=Name line=0 MLIR_ops=[]
[visit_enter] AST=Name line=1 MLIR_ops=[]
[visit_enter] AST=list line=0 MLIR_ops=[]
[visit_enter] AST=Expr line=2 MLIR_ops=[]
[visit_enter] AST=Constant line=2 MLIR_ops=[]
[visit_enter] AST=Assign line=14 MLIR_ops=[]
[visit_enter] AST=Call line=14 MLIR_ops=[]
[visit_enter] AST=Attribute line=14 MLIR_ops=[]
[visit_enter] AST=Name line=14 MLIR_ops=[]
[visit_enter] AST=Attribute line=14 MLIR_ops=[]
[visit_enter] AST=Name line=14 MLIR_ops=[]
[visit_enter] AST=Name line=14 MLIR_ops=[]
[visit_enter] AST=Assign line=15 MLIR_ops=[]
[visit_enter] AST=BinOp line=15 MLIR_ops=[]
[visit_enter] AST=Name line=15 MLIR_ops=[]
[visit_enter] AST=Constant line=15 MLIR_ops=[]
[visit_enter] AST=Name line=15 MLIR_ops=[]
[visit_enter] AST=If line=17 MLIR_ops=[]
[visit_enter] AST=Compare line=17 MLIR_ops=[]
[visit_enter] AST=Call line=17 MLIR_ops=[]
[visit_enter] AST=Attribute line=17 MLIR_ops=[]
[visit_enter] AST=Name line=17 MLIR_ops=[]
[visit_enter] AST=Attribute line=17 MLIR_ops=[]
[visit_enter] AST=Attribute line=17 MLIR_ops=[]
[visit_enter] AST=Name line=17 MLIR_ops=[]
[visit_enter] AST=Constant line=17 MLIR_ops=[]
[visit_enter] AST=list line=0 MLIR_ops=[]
[visit_enter] AST=Assign line=20 MLIR_ops=[]
[visit_enter] AST=Name line=20 MLIR_ops=[]
[visit_enter] AST=Name line=20 MLIR_ops=[]
[visit_enter] AST=Return line=22 MLIR_ops=[]
[visit_enter] AST=Call line=22 MLIR_ops=[]
[visit_enter] AST=Name line=22 MLIR_ops=[]
[visit_enter] AST=Name line=22 MLIR_ops=[]
[visit_enter] AST=Name line=22 MLIR_ops=[]
[visit_enter] AST=Name line=22 MLIR_ops=[]
[visit_enter] AST=Name line=22 MLIR_ops=[]
[visit_enter] AST=Name line=22 MLIR_ops=[]
[visit_enter] AST=Name line=22 MLIR_ops=[]
[visit_enter] AST=Module line=0 MLIR_ops=[]
[visit_enter] AST=FunctionDef line=1 MLIR_ops=[]
[visit_enter] AST=arguments line=0 MLIR_ops=[]
[visit_enter] AST=arg line=1 MLIR_ops=[]
[visit_enter] AST=arg line=1 MLIR_ops=[]
[visit_enter] AST=arg line=1 MLIR_ops=[]
[visit_enter] AST=arg line=1 MLIR_ops=[]
[visit_enter] AST=arg line=1 MLIR_ops=[]
[visit_enter] AST=arg line=1 MLIR_ops=[]
[visit_enter] AST=Attribute line=1 MLIR_ops=[]
[visit_enter] AST=Name line=1 MLIR_ops=[]
[visit_enter] AST=AnnAssign line=0 MLIR_ops=[]
[visit_enter] AST=Attribute line=1 MLIR_ops=[]
[visit_enter] AST=Name line=1 MLIR_ops=[]
[visit_enter] AST=Name line=0 MLIR_ops=[]
[visit_enter] AST=Name line=1 MLIR_ops=[]
[visit_enter] AST=list line=0 MLIR_ops=[]
[visit_enter] AST=Assign line=2 MLIR_ops=[]
[visit_enter] AST=Call line=2 MLIR_ops=[]
[visit_enter] AST=Attribute line=2 MLIR_ops=[]
[visit_enter] AST=Name line=2 MLIR_ops=[]
[visit_enter] AST=Name line=2 MLIR_ops=[]
[visit_enter] AST=Name line=2 MLIR_ops=[]
[visit_enter] AST=Expr line=3 MLIR_ops=[]
[visit_enter] AST=Call line=3 MLIR_ops=[]
[visit_enter] AST=Attribute line=3 MLIR_ops=[]
[visit_enter] AST=Name line=3 MLIR_ops=[]
[visit_enter] AST=Call line=3 MLIR_ops=[]
[visit_enter] AST=Attribute line=3 MLIR_ops=[]
[visit_enter] AST=Attribute line=3 MLIR_ops=[]
[visit_enter] AST=Name line=3 MLIR_ops=[]
[visit_enter] AST=Assign line=4 MLIR_ops=[]
[visit_enter] AST=Call line=4 MLIR_ops=[]
[visit_enter] AST=Attribute line=4 MLIR_ops=[]
[visit_enter] AST=Name line=4 MLIR_ops=[]
[visit_enter] AST=Attribute line=4 MLIR_ops=[]
[visit_enter] AST=Name line=4 MLIR_ops=[]
[visit_enter] AST=Name line=4 MLIR_ops=[]
[visit_enter] AST=Assign line=5 MLIR_ops=[]
[visit_enter] AST=Call line=5 MLIR_ops=[]
[visit_enter] AST=Attribute line=5 MLIR_ops=[]
[visit_enter] AST=Name line=5 MLIR_ops=[]
[visit_enter] AST=Name line=5 MLIR_ops=[]
[visit_enter] AST=Name line=5 MLIR_ops=[]
[visit_enter] AST=Assign line=6 MLIR_ops=[]
[visit_enter] AST=Call line=6 MLIR_ops=[]
[visit_enter] AST=Attribute line=6 MLIR_ops=[]
[visit_enter] AST=Name line=6 MLIR_ops=[]
[visit_enter] AST=Name line=6 MLIR_ops=[]
[visit_enter] AST=Name line=6 MLIR_ops=[]
[visit_enter] AST=Assign line=7 MLIR_ops=[]
[visit_enter] AST=Call line=7 MLIR_ops=[]
[visit_enter] AST=Attribute line=7 MLIR_ops=[]
[visit_enter] AST=Name line=7 MLIR_ops=[]
[visit_enter] AST=Name line=7 MLIR_ops=[]
[visit_enter] AST=Name line=7 MLIR_ops=[]
[visit_enter] AST=Assign line=8 MLIR_ops=[]
[visit_enter] AST=Call line=8 MLIR_ops=[]
[visit_enter] AST=Attribute line=8 MLIR_ops=[]
[visit_enter] AST=Name line=8 MLIR_ops=[]
[visit_enter] AST=Name line=8 MLIR_ops=[]
[visit_enter] AST=Name line=8 MLIR_ops=[]
[visit_enter] AST=If line=10 MLIR_ops=[]
[visit_enter] AST=Compare line=10 MLIR_ops=[]
[visit_enter] AST=Call line=10 MLIR_ops=[]
[visit_enter] AST=Attribute line=10 MLIR_ops=[]
[visit_enter] AST=Name line=10 MLIR_ops=[]
[visit_enter] AST=Attribute line=10 MLIR_ops=[]
[visit_enter] AST=Attribute line=10 MLIR_ops=[]
[visit_enter] AST=Name line=10 MLIR_ops=[]
[visit_enter] AST=Constant line=10 MLIR_ops=[]
[visit_enter] AST=list line=0 MLIR_ops=[]
[visit_enter] AST=Assign line=11 MLIR_ops=[]
[visit_enter] AST=Attribute line=11 MLIR_ops=[]
[visit_enter] AST=Name line=11 MLIR_ops=[]
[visit_enter] AST=Name line=11 MLIR_ops=[]
[visit_enter] AST=Assign line=12 MLIR_ops=[]
[visit_enter] AST=Call line=12 MLIR_ops=[]
[visit_enter] AST=Attribute line=12 MLIR_ops=[]
[visit_enter] AST=BinOp line=12 MLIR_ops=[]
[visit_enter] AST=BinOp line=12 MLIR_ops=[]
[visit_enter] AST=Name line=12 MLIR_ops=[]
[visit_enter] AST=Constant line=12 MLIR_ops=[]
[visit_enter] AST=Constant line=12 MLIR_ops=[]
[visit_enter] AST=Attribute line=12 MLIR_ops=[]
[visit_enter] AST=Name line=12 MLIR_ops=[]
[visit_enter] AST=Name line=12 MLIR_ops=[]
[visit_enter] AST=Assign line=13 MLIR_ops=[]
[visit_enter] AST=Call line=13 MLIR_ops=[]
[visit_enter] AST=Attribute line=13 MLIR_ops=[]
[visit_enter] AST=BinOp line=13 MLIR_ops=[]
[visit_enter] AST=Name line=13 MLIR_ops=[]
[visit_enter] AST=Constant line=13 MLIR_ops=[]
[visit_enter] AST=Attribute line=13 MLIR_ops=[]
[visit_enter] AST=Name line=13 MLIR_ops=[]
[visit_enter] AST=Name line=13 MLIR_ops=[]
[visit_enter] AST=Assign line=20 MLIR_ops=[]
[visit_enter] AST=Call line=20 MLIR_ops=[]
[visit_enter] AST=Attribute line=20 MLIR_ops=[]
[visit_enter] AST=Name line=20 MLIR_ops=[]
[visit_enter] AST=keyword line=20 MLIR_ops=[]
[visit_enter] AST=Constant line=20 MLIR_ops=[]
[visit_enter] AST=Name line=20 MLIR_ops=[]
[visit_enter] AST=Name line=20 MLIR_ops=[]
[visit_enter] AST=Assign line=21 MLIR_ops=[]
[visit_enter] AST=Call line=21 MLIR_ops=[]
[visit_enter] AST=Attribute line=21 MLIR_ops=[]
[visit_enter] AST=Name line=21 MLIR_ops=[]
[visit_enter] AST=keyword line=21 MLIR_ops=[]
[visit_enter] AST=Constant line=21 MLIR_ops=[]
[visit_enter] AST=Name line=21 MLIR_ops=[]
[visit_enter] AST=Name line=21 MLIR_ops=[]
[visit_enter] AST=Assign line=22 MLIR_ops=[]
[visit_enter] AST=Call line=22 MLIR_ops=[]
[visit_enter] AST=Attribute line=22 MLIR_ops=[]
[visit_enter] AST=Name line=22 MLIR_ops=[]
[visit_enter] AST=keyword line=22 MLIR_ops=[]
[visit_enter] AST=Constant line=22 MLIR_ops=[]
[visit_enter] AST=Name line=22 MLIR_ops=[]
[visit_enter] AST=Name line=22 MLIR_ops=[]
[visit_enter] AST=Assign line=23 MLIR_ops=[]
[visit_enter] AST=Call line=23 MLIR_ops=[]
[visit_enter] AST=Attribute line=23 MLIR_ops=[]
[visit_enter] AST=Name line=23 MLIR_ops=[]
[visit_enter] AST=keyword line=23 MLIR_ops=[]
[visit_enter] AST=Constant line=23 MLIR_ops=[]
[visit_enter] AST=Name line=23 MLIR_ops=[]
[visit_enter] AST=Name line=23 MLIR_ops=[]
[visit_enter] AST=Return line=24 MLIR_ops=[]
[visit_enter] AST=Call line=24 MLIR_ops=[]
[visit_enter] AST=Name line=24 MLIR_ops=[]
[visit_enter] AST=Name line=24 MLIR_ops=[]
[visit_enter] AST=Name line=24 MLIR_ops=[]
[visit_enter] AST=Name line=24 MLIR_ops=[]
[visit_enter] AST=Name line=24 MLIR_ops=[]
[visit_enter] AST=Name line=24 MLIR_ops=[]
[visit_enter] AST=Name line=24 MLIR_ops=[]
[visit_enter] AST=Name line=24 MLIR_ops=[]
[visit_enter] AST=Module line=0 MLIR_ops=[]
[visit_enter] AST=FunctionDef line=1 MLIR_ops=[]
[visit_enter] AST=arguments line=0 MLIR_ops=[]
[visit_enter] AST=arg line=1 MLIR_ops=[]
[visit_enter] AST=arg line=1 MLIR_ops=[]
[visit_enter] AST=arg line=1 MLIR_ops=[]
[visit_enter] AST=arg line=1 MLIR_ops=[]
[visit_enter] AST=arg line=1 MLIR_ops=[]
[visit_enter] AST=arg line=1 MLIR_ops=[]
[visit_enter] AST=arg line=1 MLIR_ops=[]
[visit_enter] AST=Attribute line=1 MLIR_ops=[]
[visit_enter] AST=Name line=1 MLIR_ops=[]
[visit_enter] AST=AnnAssign line=0 MLIR_ops=[]
[visit_enter] AST=Attribute line=1 MLIR_ops=[]
[visit_enter] AST=Name line=1 MLIR_ops=[]
[visit_enter] AST=Name line=0 MLIR_ops=[]
[visit_enter] AST=Name line=1 MLIR_ops=[]
[visit_enter] AST=list line=0 MLIR_ops=[]
[visit_enter] AST=Expr line=2 MLIR_ops=[]
[visit_enter] AST=Constant line=2 MLIR_ops=[]
[visit_enter] AST=If line=5 MLIR_ops=[]
[visit_enter] AST=Compare line=5 MLIR_ops=[]
[visit_enter] AST=Attribute line=5 MLIR_ops=[]
[visit_enter] AST=Name line=5 MLIR_ops=[]
[visit_enter] AST=Attribute line=5 MLIR_ops=[]
[visit_enter] AST=Name line=5 MLIR_ops=[]
[visit_enter] AST=list line=0 MLIR_ops=[]
[visit_enter] AST=AnnAssign line=6 MLIR_ops=[]
[visit_enter] AST=Attribute line=6 MLIR_ops=[]
[visit_enter] AST=Name line=6 MLIR_ops=[]
[visit_enter] AST=Name line=6 MLIR_ops=[]
[visit_enter] AST=Constant line=6 MLIR_ops=[]
[visit_enter] AST=AnnAssign line=7 MLIR_ops=[]
[visit_enter] AST=Attribute line=7 MLIR_ops=[]
[visit_enter] AST=Name line=7 MLIR_ops=[]
[visit_enter] AST=Name line=7 MLIR_ops=[]
[visit_enter] AST=Constant line=7 MLIR_ops=[]
[visit_enter] AST=AnnAssign line=8 MLIR_ops=[]
[visit_enter] AST=Attribute line=8 MLIR_ops=[]
[visit_enter] AST=Name line=8 MLIR_ops=[]
[visit_enter] AST=Name line=8 MLIR_ops=[]
[visit_enter] AST=Constant line=8 MLIR_ops=[]
[visit_enter] AST=AnnAssign line=9 MLIR_ops=[]
[visit_enter] AST=Attribute line=9 MLIR_ops=[]
[visit_enter] AST=Name line=9 MLIR_ops=[]
[visit_enter] AST=Name line=9 MLIR_ops=[]
[visit_enter] AST=Constant line=9 MLIR_ops=[]
[visit_enter] AST=For line=17 MLIR_ops=[]
[visit_enter] AST=Attribute line=17 MLIR_ops=[]
[visit_enter] AST=Name line=17 MLIR_ops=[]
[visit_enter] AST=Name line=17 MLIR_ops=[]
[visit_enter] AST=list line=0 MLIR_ops=[]
[visit_enter] AST=Assign line=20 MLIR_ops=[]
[visit_enter] AST=Name line=20 MLIR_ops=[]
[visit_enter] AST=Name line=20 MLIR_ops=[]
[visit_enter] AST=Assign line=21 MLIR_ops=[]
[visit_enter] AST=Name line=21 MLIR_ops=[]
[visit_enter] AST=Name line=21 MLIR_ops=[]
[visit_enter] AST=Assign line=22 MLIR_ops=[]
[visit_enter] AST=Tuple line=22 MLIR_ops=[]
[visit_enter] AST=Name line=22 MLIR_ops=[]
[visit_enter] AST=Name line=22 MLIR_ops=[]
[visit_enter] AST=Name line=22 MLIR_ops=[]
[visit_enter] AST=Name line=22 MLIR_ops=[]
[visit_enter] AST=Assign line=23 MLIR_ops=[]
[visit_enter] AST=BinOp line=23 MLIR_ops=[]
[visit_enter] AST=BinOp line=23 MLIR_ops=[]
[visit_enter] AST=Call line=23 MLIR_ops=[]
[visit_enter] AST=Attribute line=23 MLIR_ops=[]
[visit_enter] AST=Name line=23 MLIR_ops=[]
[visit_enter] AST=Name line=23 MLIR_ops=[]
[visit_enter] AST=Name line=23 MLIR_ops=[]
[visit_enter] AST=Name line=23 MLIR_ops=[]
[visit_enter] AST=Name line=23 MLIR_ops=[]
[visit_enter] AST=Name line=23 MLIR_ops=[]
[visit_enter] AST=Assign line=24 MLIR_ops=[]
[visit_enter] AST=BinOp line=24 MLIR_ops=[]
[visit_enter] AST=BinOp line=24 MLIR_ops=[]
[visit_enter] AST=Call line=24 MLIR_ops=[]
[visit_enter] AST=Attribute line=24 MLIR_ops=[]
[visit_enter] AST=Name line=24 MLIR_ops=[]
[visit_enter] AST=Name line=24 MLIR_ops=[]
[visit_enter] AST=Name line=24 MLIR_ops=[]
[visit_enter] AST=Name line=24 MLIR_ops=[]
[visit_enter] AST=Name line=24 MLIR_ops=[]
[visit_enter] AST=Name line=24 MLIR_ops=[]
[visit_enter] AST=Assign line=25 MLIR_ops=[]
[visit_enter] AST=Call line=25 MLIR_ops=[]
[visit_enter] AST=Attribute line=25 MLIR_ops=[]
[visit_enter] AST=Name line=25 MLIR_ops=[]
[visit_enter] AST=keyword line=25 MLIR_ops=[]
[visit_enter] AST=Constant line=25 MLIR_ops=[]
[visit_enter] AST=Name line=25 MLIR_ops=[]
[visit_enter] AST=Name line=25 MLIR_ops=[]
[visit_enter] AST=Name line=25 MLIR_ops=[]
[visit_enter] AST=Assign line=26 MLIR_ops=[]
[visit_enter] AST=Call line=26 MLIR_ops=[]
[visit_enter] AST=Attribute line=26 MLIR_ops=[]
[visit_enter] AST=Name line=26 MLIR_ops=[]
[visit_enter] AST=keyword line=26 MLIR_ops=[]
[visit_enter] AST=Constant line=26 MLIR_ops=[]
[visit_enter] AST=Name line=26 MLIR_ops=[]
[visit_enter] AST=Name line=26 MLIR_ops=[]
[visit_enter] AST=Name line=26 MLIR_ops=[]
[visit_enter] AST=Assign line=28 MLIR_ops=[]
[visit_enter] AST=Call line=28 MLIR_ops=[]
[visit_enter] AST=Attribute line=28 MLIR_ops=[]
[visit_enter] AST=Name line=28 MLIR_ops=[]
[visit_enter] AST=keyword line=28 MLIR_ops=[]
[visit_enter] AST=Constant line=28 MLIR_ops=[]
[visit_enter] AST=Name line=28 MLIR_ops=[]
[visit_enter] AST=Name line=28 MLIR_ops=[]
[visit_enter] AST=Name line=28 MLIR_ops=[]
[visit_enter] AST=Assign line=29 MLIR_ops=[]
[visit_enter] AST=Call line=29 MLIR_ops=[]
[visit_enter] AST=Attribute line=29 MLIR_ops=[]
[visit_enter] AST=Name line=29 MLIR_ops=[]
[visit_enter] AST=keyword line=29 MLIR_ops=[]
[visit_enter] AST=Constant line=29 MLIR_ops=[]
[visit_enter] AST=Name line=29 MLIR_ops=[]
[visit_enter] AST=Name line=29 MLIR_ops=[]
[visit_enter] AST=Name line=29 MLIR_ops=[]
[visit_enter] AST=list line=0 MLIR_ops=[]
[visit_enter] AST=Assign line=20 MLIR_ops=[]
[visit_enter] AST=Name line=20 MLIR_ops=[]
[visit_enter] AST=Name line=20 MLIR_ops=[]
[visit_enter] AST=Assign line=21 MLIR_ops=[]
[visit_enter] AST=Name line=21 MLIR_ops=[]
[visit_enter] AST=Name line=21 MLIR_ops=[]
[visit_enter] AST=Assign line=22 MLIR_ops=[]
[visit_enter] AST=Tuple line=22 MLIR_ops=[]
[visit_enter] AST=Name line=22 MLIR_ops=[]
[visit_enter] AST=Name line=22 MLIR_ops=[]
[visit_enter] AST=Name line=22 MLIR_ops=[]
[visit_enter] AST=Name line=22 MLIR_ops=[]
[visit_enter] AST=Assign line=23 MLIR_ops=[]
[visit_enter] AST=BinOp line=23 MLIR_ops=[]
[visit_enter] AST=BinOp line=23 MLIR_ops=[]
[visit_enter] AST=Call line=23 MLIR_ops=[]
[visit_enter] AST=Attribute line=23 MLIR_ops=[]
[visit_enter] AST=Name line=23 MLIR_ops=[]
[visit_enter] AST=Name line=23 MLIR_ops=[]
[visit_enter] AST=Name line=23 MLIR_ops=[]
[visit_enter] AST=Name line=23 MLIR_ops=[]
[visit_enter] AST=Name line=23 MLIR_ops=[]
[visit_enter] AST=Name line=23 MLIR_ops=[]
[visit_enter] AST=Assign line=24 MLIR_ops=[]
[visit_enter] AST=BinOp line=24 MLIR_ops=[]
[visit_enter] AST=BinOp line=24 MLIR_ops=[]
[visit_enter] AST=Call line=24 MLIR_ops=[]
[visit_enter] AST=Attribute line=24 MLIR_ops=[]
[visit_enter] AST=Name line=24 MLIR_ops=[]
[visit_enter] AST=Name line=24 MLIR_ops=[]
[visit_enter] AST=Name line=24 MLIR_ops=[]
[visit_enter] AST=Name line=24 MLIR_ops=[]
[visit_enter] AST=Name line=24 MLIR_ops=[]
[visit_enter] AST=Name line=24 MLIR_ops=[]
[visit_enter] AST=Assign line=25 MLIR_ops=[]
[visit_enter] AST=Call line=25 MLIR_ops=[]
[visit_enter] AST=Attribute line=25 MLIR_ops=[]
[visit_enter] AST=Name line=25 MLIR_ops=[]
[visit_enter] AST=keyword line=25 MLIR_ops=[]
[visit_enter] AST=Constant line=25 MLIR_ops=[]
[visit_enter] AST=Name line=25 MLIR_ops=[]
[visit_enter] AST=Name line=25 MLIR_ops=[]
[visit_enter] AST=Name line=25 MLIR_ops=[]
[visit_enter] AST=Assign line=26 MLIR_ops=[]
[visit_enter] AST=Call line=26 MLIR_ops=[]
[visit_enter] AST=Attribute line=26 MLIR_ops=[]
[visit_enter] AST=Name line=26 MLIR_ops=[]
[visit_enter] AST=keyword line=26 MLIR_ops=[]
[visit_enter] AST=Constant line=26 MLIR_ops=[]
[visit_enter] AST=Name line=26 MLIR_ops=[]
[visit_enter] AST=Name line=26 MLIR_ops=[]
[visit_enter] AST=Name line=26 MLIR_ops=[]
[visit_enter] AST=Assign line=28 MLIR_ops=[]
[visit_enter] AST=Call line=28 MLIR_ops=[]
[visit_enter] AST=Attribute line=28 MLIR_ops=[]
[visit_enter] AST=Name line=28 MLIR_ops=[]
[visit_enter] AST=keyword line=28 MLIR_ops=[]
[visit_enter] AST=Constant line=28 MLIR_ops=[]
[visit_enter] AST=Name line=28 MLIR_ops=[]
[visit_enter] AST=Name line=28 MLIR_ops=[]
[visit_enter] AST=Name line=28 MLIR_ops=[]
[visit_enter] AST=Assign line=29 MLIR_ops=[]
[visit_enter] AST=Call line=29 MLIR_ops=[]
[visit_enter] AST=Attribute line=29 MLIR_ops=[]
[visit_enter] AST=Name line=29 MLIR_ops=[]
[visit_enter] AST=keyword line=29 MLIR_ops=[]
[visit_enter] AST=Constant line=29 MLIR_ops=[]
[visit_enter] AST=Name line=29 MLIR_ops=[]
[visit_enter] AST=Name line=29 MLIR_ops=[]
[visit_enter] AST=Name line=29 MLIR_ops=[]
[visit_enter] AST=list line=0 MLIR_ops=[]
[visit_enter] AST=Assign line=20 MLIR_ops=[]
[visit_enter] AST=Name line=20 MLIR_ops=[]
[visit_enter] AST=Name line=20 MLIR_ops=[]
[visit_enter] AST=Assign line=21 MLIR_ops=[]
[visit_enter] AST=Name line=21 MLIR_ops=[]
[visit_enter] AST=Name line=21 MLIR_ops=[]
[visit_enter] AST=Assign line=22 MLIR_ops=[]
[visit_enter] AST=Tuple line=22 MLIR_ops=[]
[visit_enter] AST=Name line=22 MLIR_ops=[]
[visit_enter] AST=Name line=22 MLIR_ops=[]
[visit_enter] AST=Name line=22 MLIR_ops=[]
[visit_enter] AST=Name line=22 MLIR_ops=[]
[visit_enter] AST=Assign line=23 MLIR_ops=[]
[visit_enter] AST=BinOp line=23 MLIR_ops=[]
[visit_enter] AST=BinOp line=23 MLIR_ops=[]
[visit_enter] AST=Call line=23 MLIR_ops=[]
[visit_enter] AST=Attribute line=23 MLIR_ops=[]
[visit_enter] AST=Name line=23 MLIR_ops=[]
[visit_enter] AST=Name line=23 MLIR_ops=[]
[visit_enter] AST=Name line=23 MLIR_ops=[]
[visit_enter] AST=Name line=23 MLIR_ops=[]
[visit_enter] AST=Name line=23 MLIR_ops=[]
[visit_enter] AST=Name line=23 MLIR_ops=[]
[visit_enter] AST=Assign line=24 MLIR_ops=[]
[visit_enter] AST=BinOp line=24 MLIR_ops=[]
[visit_enter] AST=BinOp line=24 MLIR_ops=[]
[visit_enter] AST=Call line=24 MLIR_ops=[]
[visit_enter] AST=Attribute line=24 MLIR_ops=[]
[visit_enter] AST=Name line=24 MLIR_ops=[]
[visit_enter] AST=Name line=24 MLIR_ops=[]
[visit_enter] AST=Name line=24 MLIR_ops=[]
[visit_enter] AST=Name line=24 MLIR_ops=[]
[visit_enter] AST=Name line=24 MLIR_ops=[]
[visit_enter] AST=Name line=24 MLIR_ops=[]
[visit_enter] AST=Assign line=25 MLIR_ops=[]
[visit_enter] AST=Call line=25 MLIR_ops=[]
[visit_enter] AST=Attribute line=25 MLIR_ops=[]
[visit_enter] AST=Name line=25 MLIR_ops=[]
[visit_enter] AST=keyword line=25 MLIR_ops=[]
[visit_enter] AST=Constant line=25 MLIR_ops=[]
[visit_enter] AST=Name line=25 MLIR_ops=[]
[visit_enter] AST=Name line=25 MLIR_ops=[]
[visit_enter] AST=Name line=25 MLIR_ops=[]
[visit_enter] AST=Assign line=26 MLIR_ops=[]
[visit_enter] AST=Call line=26 MLIR_ops=[]
[visit_enter] AST=Attribute line=26 MLIR_ops=[]
[visit_enter] AST=Name line=26 MLIR_ops=[]
[visit_enter] AST=keyword line=26 MLIR_ops=[]
[visit_enter] AST=Constant line=26 MLIR_ops=[]
[visit_enter] AST=Name line=26 MLIR_ops=[]
[visit_enter] AST=Name line=26 MLIR_ops=[]
[visit_enter] AST=Name line=26 MLIR_ops=[]
[visit_enter] AST=Assign line=28 MLIR_ops=[]
[visit_enter] AST=Call line=28 MLIR_ops=[]
[visit_enter] AST=Attribute line=28 MLIR_ops=[]
[visit_enter] AST=Name line=28 MLIR_ops=[]
[visit_enter] AST=keyword line=28 MLIR_ops=[]
[visit_enter] AST=Constant line=28 MLIR_ops=[]
[visit_enter] AST=Name line=28 MLIR_ops=[]
[visit_enter] AST=Name line=28 MLIR_ops=[]
[visit_enter] AST=Name line=28 MLIR_ops=[]
[visit_enter] AST=Assign line=29 MLIR_ops=[]
[visit_enter] AST=Call line=29 MLIR_ops=[]
[visit_enter] AST=Attribute line=29 MLIR_ops=[]
[visit_enter] AST=Name line=29 MLIR_ops=[]
[visit_enter] AST=keyword line=29 MLIR_ops=[]
[visit_enter] AST=Constant line=29 MLIR_ops=[]
[visit_enter] AST=Name line=29 MLIR_ops=[]
[visit_enter] AST=Name line=29 MLIR_ops=[]
[visit_enter] AST=Name line=29 MLIR_ops=[]
[visit_enter] AST=list line=0 MLIR_ops=[]
[visit_enter] AST=Assign line=20 MLIR_ops=[]
[visit_enter] AST=Name line=20 MLIR_ops=[]
[visit_enter] AST=Name line=20 MLIR_ops=[]
[visit_enter] AST=Assign line=21 MLIR_ops=[]
[visit_enter] AST=Name line=21 MLIR_ops=[]
[visit_enter] AST=Name line=21 MLIR_ops=[]
[visit_enter] AST=Assign line=22 MLIR_ops=[]
[visit_enter] AST=Tuple line=22 MLIR_ops=[]
[visit_enter] AST=Name line=22 MLIR_ops=[]
[visit_enter] AST=Name line=22 MLIR_ops=[]
[visit_enter] AST=Name line=22 MLIR_ops=[]
[visit_enter] AST=Name line=22 MLIR_ops=[]
[visit_enter] AST=Assign line=23 MLIR_ops=[]
[visit_enter] AST=BinOp line=23 MLIR_ops=[]
[visit_enter] AST=BinOp line=23 MLIR_ops=[]
[visit_enter] AST=Call line=23 MLIR_ops=[]
[visit_enter] AST=Attribute line=23 MLIR_ops=[]
[visit_enter] AST=Name line=23 MLIR_ops=[]
[visit_enter] AST=Name line=23 MLIR_ops=[]
[visit_enter] AST=Name line=23 MLIR_ops=[]
[visit_enter] AST=Name line=23 MLIR_ops=[]
[visit_enter] AST=Name line=23 MLIR_ops=[]
[visit_enter] AST=Name line=23 MLIR_ops=[]
[visit_enter] AST=Assign line=24 MLIR_ops=[]
[visit_enter] AST=BinOp line=24 MLIR_ops=[]
[visit_enter] AST=BinOp line=24 MLIR_ops=[]
[visit_enter] AST=Call line=24 MLIR_ops=[]
[visit_enter] AST=Attribute line=24 MLIR_ops=[]
[visit_enter] AST=Name line=24 MLIR_ops=[]
[visit_enter] AST=Name line=24 MLIR_ops=[]
[visit_enter] AST=Name line=24 MLIR_ops=[]
[visit_enter] AST=Name line=24 MLIR_ops=[]
[visit_enter] AST=Name line=24 MLIR_ops=[]
[visit_enter] AST=Name line=24 MLIR_ops=[]
[visit_enter] AST=Assign line=25 MLIR_ops=[]
[visit_enter] AST=Call line=25 MLIR_ops=[]
[visit_enter] AST=Attribute line=25 MLIR_ops=[]
[visit_enter] AST=Name line=25 MLIR_ops=[]
[visit_enter] AST=keyword line=25 MLIR_ops=[]
[visit_enter] AST=Constant line=25 MLIR_ops=[]
[visit_enter] AST=Name line=25 MLIR_ops=[]
[visit_enter] AST=Name line=25 MLIR_ops=[]
[visit_enter] AST=Name line=25 MLIR_ops=[]
[visit_enter] AST=Assign line=26 MLIR_ops=[]
[visit_enter] AST=Call line=26 MLIR_ops=[]
[visit_enter] AST=Attribute line=26 MLIR_ops=[]
[visit_enter] AST=Name line=26 MLIR_ops=[]
[visit_enter] AST=keyword line=26 MLIR_ops=[]
[visit_enter] AST=Constant line=26 MLIR_ops=[]
[visit_enter] AST=Name line=26 MLIR_ops=[]
[visit_enter] AST=Name line=26 MLIR_ops=[]
[visit_enter] AST=Name line=26 MLIR_ops=[]
[visit_enter] AST=Assign line=28 MLIR_ops=[]
[visit_enter] AST=Call line=28 MLIR_ops=[]
[visit_enter] AST=Attribute line=28 MLIR_ops=[]
[visit_enter] AST=Name line=28 MLIR_ops=[]
[visit_enter] AST=keyword line=28 MLIR_ops=[]
[visit_enter] AST=Constant line=28 MLIR_ops=[]
[visit_enter] AST=Name line=28 MLIR_ops=[]
[visit_enter] AST=Name line=28 MLIR_ops=[]
[visit_enter] AST=Name line=28 MLIR_ops=[]
[visit_enter] AST=Assign line=29 MLIR_ops=[]
[visit_enter] AST=Call line=29 MLIR_ops=[]
[visit_enter] AST=Attribute line=29 MLIR_ops=[]
[visit_enter] AST=Name line=29 MLIR_ops=[]
[visit_enter] AST=keyword line=29 MLIR_ops=[]
[visit_enter] AST=Constant line=29 MLIR_ops=[]
[visit_enter] AST=Name line=29 MLIR_ops=[]
[visit_enter] AST=Name line=29 MLIR_ops=[]
[visit_enter] AST=Name line=29 MLIR_ops=[]
[visit_enter] AST=list line=0 MLIR_ops=[]
[visit_enter] AST=Assign line=20 MLIR_ops=[]
[visit_enter] AST=Name line=20 MLIR_ops=[]
[visit_enter] AST=Name line=20 MLIR_ops=[]
[visit_enter] AST=Assign line=21 MLIR_ops=[]
[visit_enter] AST=Name line=21 MLIR_ops=[]
[visit_enter] AST=Name line=21 MLIR_ops=[]
[visit_enter] AST=Assign line=22 MLIR_ops=[]
[visit_enter] AST=Tuple line=22 MLIR_ops=[]
[visit_enter] AST=Name line=22 MLIR_ops=[]
[visit_enter] AST=Name line=22 MLIR_ops=[]
[visit_enter] AST=Name line=22 MLIR_ops=[]
[visit_enter] AST=Name line=22 MLIR_ops=[]
[visit_enter] AST=Assign line=23 MLIR_ops=[]
[visit_enter] AST=BinOp line=23 MLIR_ops=[]
[visit_enter] AST=BinOp line=23 MLIR_ops=[]
[visit_enter] AST=Call line=23 MLIR_ops=[]
[visit_enter] AST=Attribute line=23 MLIR_ops=[]
[visit_enter] AST=Name line=23 MLIR_ops=[]
[visit_enter] AST=Name line=23 MLIR_ops=[]
[visit_enter] AST=Name line=23 MLIR_ops=[]
[visit_enter] AST=Name line=23 MLIR_ops=[]
[visit_enter] AST=Name line=23 MLIR_ops=[]
[visit_enter] AST=Name line=23 MLIR_ops=[]
[visit_enter] AST=Assign line=24 MLIR_ops=[]
[visit_enter] AST=BinOp line=24 MLIR_ops=[]
[visit_enter] AST=BinOp line=24 MLIR_ops=[]
[visit_enter] AST=Call line=24 MLIR_ops=[]
[visit_enter] AST=Attribute line=24 MLIR_ops=[]
[visit_enter] AST=Name line=24 MLIR_ops=[]
[visit_enter] AST=Name line=24 MLIR_ops=[]
[visit_enter] AST=Name line=24 MLIR_ops=[]
[visit_enter] AST=Name line=24 MLIR_ops=[]
[visit_enter] AST=Name line=24 MLIR_ops=[]
[visit_enter] AST=Name line=24 MLIR_ops=[]
[visit_enter] AST=Assign line=25 MLIR_ops=[]
[visit_enter] AST=Call line=25 MLIR_ops=[]
[visit_enter] AST=Attribute line=25 MLIR_ops=[]
[visit_enter] AST=Name line=25 MLIR_ops=[]
[visit_enter] AST=keyword line=25 MLIR_ops=[]
[visit_enter] AST=Constant line=25 MLIR_ops=[]
[visit_enter] AST=Name line=25 MLIR_ops=[]
[visit_enter] AST=Name line=25 MLIR_ops=[]
[visit_enter] AST=Name line=25 MLIR_ops=[]
[visit_enter] AST=Assign line=26 MLIR_ops=[]
[visit_enter] AST=Call line=26 MLIR_ops=[]
[visit_enter] AST=Attribute line=26 MLIR_ops=[]
[visit_enter] AST=Name line=26 MLIR_ops=[]
[visit_enter] AST=keyword line=26 MLIR_ops=[]
[visit_enter] AST=Constant line=26 MLIR_ops=[]
[visit_enter] AST=Name line=26 MLIR_ops=[]
[visit_enter] AST=Name line=26 MLIR_ops=[]
[visit_enter] AST=Name line=26 MLIR_ops=[]
[visit_enter] AST=Assign line=28 MLIR_ops=[]
[visit_enter] AST=Call line=28 MLIR_ops=[]
[visit_enter] AST=Attribute line=28 MLIR_ops=[]
[visit_enter] AST=Name line=28 MLIR_ops=[]
[visit_enter] AST=keyword line=28 MLIR_ops=[]
[visit_enter] AST=Constant line=28 MLIR_ops=[]
[visit_enter] AST=Name line=28 MLIR_ops=[]
[visit_enter] AST=Name line=28 MLIR_ops=[]
[visit_enter] AST=Name line=28 MLIR_ops=[]
[visit_enter] AST=Assign line=29 MLIR_ops=[]
[visit_enter] AST=Call line=29 MLIR_ops=[]
[visit_enter] AST=Attribute line=29 MLIR_ops=[]
[visit_enter] AST=Name line=29 MLIR_ops=[]
[visit_enter] AST=keyword line=29 MLIR_ops=[]
[visit_enter] AST=Constant line=29 MLIR_ops=[]
[visit_enter] AST=Name line=29 MLIR_ops=[]
[visit_enter] AST=Name line=29 MLIR_ops=[]
[visit_enter] AST=Name line=29 MLIR_ops=[]
[visit_enter] AST=list line=0 MLIR_ops=[]
[visit_enter] AST=Assign line=20 MLIR_ops=[]
[visit_enter] AST=Name line=20 MLIR_ops=[]
[visit_enter] AST=Name line=20 MLIR_ops=[]
[visit_enter] AST=Assign line=21 MLIR_ops=[]
[visit_enter] AST=Name line=21 MLIR_ops=[]
[visit_enter] AST=Name line=21 MLIR_ops=[]
[visit_enter] AST=Assign line=22 MLIR_ops=[]
[visit_enter] AST=Tuple line=22 MLIR_ops=[]
[visit_enter] AST=Name line=22 MLIR_ops=[]
[visit_enter] AST=Name line=22 MLIR_ops=[]
[visit_enter] AST=Name line=22 MLIR_ops=[]
[visit_enter] AST=Name line=22 MLIR_ops=[]
[visit_enter] AST=Assign line=23 MLIR_ops=[]
[visit_enter] AST=BinOp line=23 MLIR_ops=[]
[visit_enter] AST=BinOp line=23 MLIR_ops=[]
[visit_enter] AST=Call line=23 MLIR_ops=[]
[visit_enter] AST=Attribute line=23 MLIR_ops=[]
[visit_enter] AST=Name line=23 MLIR_ops=[]
[visit_enter] AST=Name line=23 MLIR_ops=[]
[visit_enter] AST=Name line=23 MLIR_ops=[]
[visit_enter] AST=Name line=23 MLIR_ops=[]
[visit_enter] AST=Name line=23 MLIR_ops=[]
[visit_enter] AST=Name line=23 MLIR_ops=[]
[visit_enter] AST=Assign line=24 MLIR_ops=[]
[visit_enter] AST=BinOp line=24 MLIR_ops=[]
[visit_enter] AST=BinOp line=24 MLIR_ops=[]
[visit_enter] AST=Call line=24 MLIR_ops=[]
[visit_enter] AST=Attribute line=24 MLIR_ops=[]
[visit_enter] AST=Name line=24 MLIR_ops=[]
[visit_enter] AST=Name line=24 MLIR_ops=[]
[visit_enter] AST=Name line=24 MLIR_ops=[]
[visit_enter] AST=Name line=24 MLIR_ops=[]
[visit_enter] AST=Name line=24 MLIR_ops=[]
[visit_enter] AST=Name line=24 MLIR_ops=[]
[visit_enter] AST=Assign line=25 MLIR_ops=[]
[visit_enter] AST=Call line=25 MLIR_ops=[]
[visit_enter] AST=Attribute line=25 MLIR_ops=[]
[visit_enter] AST=Name line=25 MLIR_ops=[]
[visit_enter] AST=keyword line=25 MLIR_ops=[]
[visit_enter] AST=Constant line=25 MLIR_ops=[]
[visit_enter] AST=Name line=25 MLIR_ops=[]
[visit_enter] AST=Name line=25 MLIR_ops=[]
[visit_enter] AST=Name line=25 MLIR_ops=[]
[visit_enter] AST=Assign line=26 MLIR_ops=[]
[visit_enter] AST=Call line=26 MLIR_ops=[]
[visit_enter] AST=Attribute line=26 MLIR_ops=[]
[visit_enter] AST=Name line=26 MLIR_ops=[]
[visit_enter] AST=keyword line=26 MLIR_ops=[]
[visit_enter] AST=Constant line=26 MLIR_ops=[]
[visit_enter] AST=Name line=26 MLIR_ops=[]
[visit_enter] AST=Name line=26 MLIR_ops=[]
[visit_enter] AST=Name line=26 MLIR_ops=[]
[visit_enter] AST=Assign line=28 MLIR_ops=[]
[visit_enter] AST=Call line=28 MLIR_ops=[]
[visit_enter] AST=Attribute line=28 MLIR_ops=[]
[visit_enter] AST=Name line=28 MLIR_ops=[]
[visit_enter] AST=keyword line=28 MLIR_ops=[]
[visit_enter] AST=Constant line=28 MLIR_ops=[]
[visit_enter] AST=Name line=28 MLIR_ops=[]
[visit_enter] AST=Name line=28 MLIR_ops=[]
[visit_enter] AST=Name line=28 MLIR_ops=[]
[visit_enter] AST=Assign line=29 MLIR_ops=[]
[visit_enter] AST=Call line=29 MLIR_ops=[]
[visit_enter] AST=Attribute line=29 MLIR_ops=[]
[visit_enter] AST=Name line=29 MLIR_ops=[]
[visit_enter] AST=keyword line=29 MLIR_ops=[]
[visit_enter] AST=Constant line=29 MLIR_ops=[]
[visit_enter] AST=Name line=29 MLIR_ops=[]
[visit_enter] AST=Name line=29 MLIR_ops=[]
[visit_enter] AST=Name line=29 MLIR_ops=[]
[visit_enter] AST=list line=0 MLIR_ops=[]
[visit_enter] AST=Assign line=20 MLIR_ops=[]
[visit_enter] AST=Name line=20 MLIR_ops=[]
[visit_enter] AST=Name line=20 MLIR_ops=[]
[visit_enter] AST=Assign line=21 MLIR_ops=[]
[visit_enter] AST=Name line=21 MLIR_ops=[]
[visit_enter] AST=Name line=21 MLIR_ops=[]
[visit_enter] AST=Assign line=22 MLIR_ops=[]
[visit_enter] AST=Tuple line=22 MLIR_ops=[]
[visit_enter] AST=Name line=22 MLIR_ops=[]
[visit_enter] AST=Name line=22 MLIR_ops=[]
[visit_enter] AST=Name line=22 MLIR_ops=[]
[visit_enter] AST=Name line=22 MLIR_ops=[]
[visit_enter] AST=Assign line=23 MLIR_ops=[]
[visit_enter] AST=BinOp line=23 MLIR_ops=[]
[visit_enter] AST=BinOp line=23 MLIR_ops=[]
[visit_enter] AST=Call line=23 MLIR_ops=[]
[visit_enter] AST=Attribute line=23 MLIR_ops=[]
[visit_enter] AST=Name line=23 MLIR_ops=[]
[visit_enter] AST=Name line=23 MLIR_ops=[]
[visit_enter] AST=Name line=23 MLIR_ops=[]
[visit_enter] AST=Name line=23 MLIR_ops=[]
[visit_enter] AST=Name line=23 MLIR_ops=[]
[visit_enter] AST=Name line=23 MLIR_ops=[]
[visit_enter] AST=Assign line=24 MLIR_ops=[]
[visit_enter] AST=BinOp line=24 MLIR_ops=[]
[visit_enter] AST=BinOp line=24 MLIR_ops=[]
[visit_enter] AST=Call line=24 MLIR_ops=[]
[visit_enter] AST=Attribute line=24 MLIR_ops=[]
[visit_enter] AST=Name line=24 MLIR_ops=[]
[visit_enter] AST=Name line=24 MLIR_ops=[]
[visit_enter] AST=Name line=24 MLIR_ops=[]
[visit_enter] AST=Name line=24 MLIR_ops=[]
[visit_enter] AST=Name line=24 MLIR_ops=[]
[visit_enter] AST=Name line=24 MLIR_ops=[]
[visit_enter] AST=Assign line=25 MLIR_ops=[]
[visit_enter] AST=Call line=25 MLIR_ops=[]
[visit_enter] AST=Attribute line=25 MLIR_ops=[]
[visit_enter] AST=Name line=25 MLIR_ops=[]
[visit_enter] AST=keyword line=25 MLIR_ops=[]
[visit_enter] AST=Constant line=25 MLIR_ops=[]
[visit_enter] AST=Name line=25 MLIR_ops=[]
[visit_enter] AST=Name line=25 MLIR_ops=[]
[visit_enter] AST=Name line=25 MLIR_ops=[]
[visit_enter] AST=Assign line=26 MLIR_ops=[]
[visit_enter] AST=Call line=26 MLIR_ops=[]
[visit_enter] AST=Attribute line=26 MLIR_ops=[]
[visit_enter] AST=Name line=26 MLIR_ops=[]
[visit_enter] AST=keyword line=26 MLIR_ops=[]
[visit_enter] AST=Constant line=26 MLIR_ops=[]
[visit_enter] AST=Name line=26 MLIR_ops=[]
[visit_enter] AST=Name line=26 MLIR_ops=[]
[visit_enter] AST=Name line=26 MLIR_ops=[]
[visit_enter] AST=Assign line=28 MLIR_ops=[]
[visit_enter] AST=Call line=28 MLIR_ops=[]
[visit_enter] AST=Attribute line=28 MLIR_ops=[]
[visit_enter] AST=Name line=28 MLIR_ops=[]
[visit_enter] AST=keyword line=28 MLIR_ops=[]
[visit_enter] AST=Constant line=28 MLIR_ops=[]
[visit_enter] AST=Name line=28 MLIR_ops=[]
[visit_enter] AST=Name line=28 MLIR_ops=[]
[visit_enter] AST=Name line=28 MLIR_ops=[]
[visit_enter] AST=Assign line=29 MLIR_ops=[]
[visit_enter] AST=Call line=29 MLIR_ops=[]
[visit_enter] AST=Attribute line=29 MLIR_ops=[]
[visit_enter] AST=Name line=29 MLIR_ops=[]
[visit_enter] AST=keyword line=29 MLIR_ops=[]
[visit_enter] AST=Constant line=29 MLIR_ops=[]
[visit_enter] AST=Name line=29 MLIR_ops=[]
[visit_enter] AST=Name line=29 MLIR_ops=[]
[visit_enter] AST=Name line=29 MLIR_ops=[]
[visit_enter] AST=list line=0 MLIR_ops=[]
[visit_enter] AST=Assign line=20 MLIR_ops=[]
[visit_enter] AST=Name line=20 MLIR_ops=[]
[visit_enter] AST=Name line=20 MLIR_ops=[]
[visit_enter] AST=Assign line=21 MLIR_ops=[]
[visit_enter] AST=Name line=21 MLIR_ops=[]
[visit_enter] AST=Name line=21 MLIR_ops=[]
[visit_enter] AST=Assign line=22 MLIR_ops=[]
[visit_enter] AST=Tuple line=22 MLIR_ops=[]
[visit_enter] AST=Name line=22 MLIR_ops=[]
[visit_enter] AST=Name line=22 MLIR_ops=[]
[visit_enter] AST=Name line=22 MLIR_ops=[]
[visit_enter] AST=Name line=22 MLIR_ops=[]
[visit_enter] AST=Assign line=23 MLIR_ops=[]
[visit_enter] AST=BinOp line=23 MLIR_ops=[]
[visit_enter] AST=BinOp line=23 MLIR_ops=[]
[visit_enter] AST=Call line=23 MLIR_ops=[]
[visit_enter] AST=Attribute line=23 MLIR_ops=[]
[visit_enter] AST=Name line=23 MLIR_ops=[]
[visit_enter] AST=Name line=23 MLIR_ops=[]
[visit_enter] AST=Name line=23 MLIR_ops=[]
[visit_enter] AST=Name line=23 MLIR_ops=[]
[visit_enter] AST=Name line=23 MLIR_ops=[]
[visit_enter] AST=Name line=23 MLIR_ops=[]
[visit_enter] AST=Assign line=24 MLIR_ops=[]
[visit_enter] AST=BinOp line=24 MLIR_ops=[]
[visit_enter] AST=BinOp line=24 MLIR_ops=[]
[visit_enter] AST=Call line=24 MLIR_ops=[]
[visit_enter] AST=Attribute line=24 MLIR_ops=[]
[visit_enter] AST=Name line=24 MLIR_ops=[]
[visit_enter] AST=Name line=24 MLIR_ops=[]
[visit_enter] AST=Name line=24 MLIR_ops=[]
[visit_enter] AST=Name line=24 MLIR_ops=[]
[visit_enter] AST=Name line=24 MLIR_ops=[]
[visit_enter] AST=Name line=24 MLIR_ops=[]
[visit_enter] AST=Assign line=25 MLIR_ops=[]
[visit_enter] AST=Call line=25 MLIR_ops=[]
[visit_enter] AST=Attribute line=25 MLIR_ops=[]
[visit_enter] AST=Name line=25 MLIR_ops=[]
[visit_enter] AST=keyword line=25 MLIR_ops=[]
[visit_enter] AST=Constant line=25 MLIR_ops=[]
[visit_enter] AST=Name line=25 MLIR_ops=[]
[visit_enter] AST=Name line=25 MLIR_ops=[]
[visit_enter] AST=Name line=25 MLIR_ops=[]
[visit_enter] AST=Assign line=26 MLIR_ops=[]
[visit_enter] AST=Call line=26 MLIR_ops=[]
[visit_enter] AST=Attribute line=26 MLIR_ops=[]
[visit_enter] AST=Name line=26 MLIR_ops=[]
[visit_enter] AST=keyword line=26 MLIR_ops=[]
[visit_enter] AST=Constant line=26 MLIR_ops=[]
[visit_enter] AST=Name line=26 MLIR_ops=[]
[visit_enter] AST=Name line=26 MLIR_ops=[]
[visit_enter] AST=Name line=26 MLIR_ops=[]
[visit_enter] AST=Assign line=28 MLIR_ops=[]
[visit_enter] AST=Call line=28 MLIR_ops=[]
[visit_enter] AST=Attribute line=28 MLIR_ops=[]
[visit_enter] AST=Name line=28 MLIR_ops=[]
[visit_enter] AST=keyword line=28 MLIR_ops=[]
[visit_enter] AST=Constant line=28 MLIR_ops=[]
[visit_enter] AST=Name line=28 MLIR_ops=[]
[visit_enter] AST=Name line=28 MLIR_ops=[]
[visit_enter] AST=Name line=28 MLIR_ops=[]
[visit_enter] AST=Assign line=29 MLIR_ops=[]
[visit_enter] AST=Call line=29 MLIR_ops=[]
[visit_enter] AST=Attribute line=29 MLIR_ops=[]
[visit_enter] AST=Name line=29 MLIR_ops=[]
[visit_enter] AST=keyword line=29 MLIR_ops=[]
[visit_enter] AST=Constant line=29 MLIR_ops=[]
[visit_enter] AST=Name line=29 MLIR_ops=[]
[visit_enter] AST=Name line=29 MLIR_ops=[]
[visit_enter] AST=Name line=29 MLIR_ops=[]
[visit_enter] AST=list line=0 MLIR_ops=[]
[visit_enter] AST=Assign line=20 MLIR_ops=[]
[visit_enter] AST=Name line=20 MLIR_ops=[]
[visit_enter] AST=Name line=20 MLIR_ops=[]
[visit_enter] AST=Assign line=21 MLIR_ops=[]
[visit_enter] AST=Name line=21 MLIR_ops=[]
[visit_enter] AST=Name line=21 MLIR_ops=[]
[visit_enter] AST=Assign line=22 MLIR_ops=[]
[visit_enter] AST=Tuple line=22 MLIR_ops=[]
[visit_enter] AST=Name line=22 MLIR_ops=[]
[visit_enter] AST=Name line=22 MLIR_ops=[]
[visit_enter] AST=Name line=22 MLIR_ops=[]
[visit_enter] AST=Name line=22 MLIR_ops=[]
[visit_enter] AST=Assign line=23 MLIR_ops=[]
[visit_enter] AST=BinOp line=23 MLIR_ops=[]
[visit_enter] AST=BinOp line=23 MLIR_ops=[]
[visit_enter] AST=Call line=23 MLIR_ops=[]
[visit_enter] AST=Attribute line=23 MLIR_ops=[]
[visit_enter] AST=Name line=23 MLIR_ops=[]
[visit_enter] AST=Name line=23 MLIR_ops=[]
[visit_enter] AST=Name line=23 MLIR_ops=[]
[visit_enter] AST=Name line=23 MLIR_ops=[]
[visit_enter] AST=Name line=23 MLIR_ops=[]
[visit_enter] AST=Name line=23 MLIR_ops=[]
[visit_enter] AST=Assign line=24 MLIR_ops=[]
[visit_enter] AST=BinOp line=24 MLIR_ops=[]
[visit_enter] AST=BinOp line=24 MLIR_ops=[]
[visit_enter] AST=Call line=24 MLIR_ops=[]
[visit_enter] AST=Attribute line=24 MLIR_ops=[]
[visit_enter] AST=Name line=24 MLIR_ops=[]
[visit_enter] AST=Name line=24 MLIR_ops=[]
[visit_enter] AST=Name line=24 MLIR_ops=[]
[visit_enter] AST=Name line=24 MLIR_ops=[]
[visit_enter] AST=Name line=24 MLIR_ops=[]
[visit_enter] AST=Name line=24 MLIR_ops=[]
[visit_enter] AST=Assign line=25 MLIR_ops=[]
[visit_enter] AST=Call line=25 MLIR_ops=[]
[visit_enter] AST=Attribute line=25 MLIR_ops=[]
[visit_enter] AST=Name line=25 MLIR_ops=[]
[visit_enter] AST=keyword line=25 MLIR_ops=[]
[visit_enter] AST=Constant line=25 MLIR_ops=[]
[visit_enter] AST=Name line=25 MLIR_ops=[]
[visit_enter] AST=Name line=25 MLIR_ops=[]
[visit_enter] AST=Name line=25 MLIR_ops=[]
[visit_enter] AST=Assign line=26 MLIR_ops=[]
[visit_enter] AST=Call line=26 MLIR_ops=[]
[visit_enter] AST=Attribute line=26 MLIR_ops=[]
[visit_enter] AST=Name line=26 MLIR_ops=[]
[visit_enter] AST=keyword line=26 MLIR_ops=[]
[visit_enter] AST=Constant line=26 MLIR_ops=[]
[visit_enter] AST=Name line=26 MLIR_ops=[]
[visit_enter] AST=Name line=26 MLIR_ops=[]
[visit_enter] AST=Name line=26 MLIR_ops=[]
[visit_enter] AST=Assign line=28 MLIR_ops=[]
[visit_enter] AST=Call line=28 MLIR_ops=[]
[visit_enter] AST=Attribute line=28 MLIR_ops=[]
[visit_enter] AST=Name line=28 MLIR_ops=[]
[visit_enter] AST=keyword line=28 MLIR_ops=[]
[visit_enter] AST=Constant line=28 MLIR_ops=[]
[visit_enter] AST=Name line=28 MLIR_ops=[]
[visit_enter] AST=Name line=28 MLIR_ops=[]
[visit_enter] AST=Name line=28 MLIR_ops=[]
[visit_enter] AST=Assign line=29 MLIR_ops=[]
[visit_enter] AST=Call line=29 MLIR_ops=[]
[visit_enter] AST=Attribute line=29 MLIR_ops=[]
[visit_enter] AST=Name line=29 MLIR_ops=[]
[visit_enter] AST=keyword line=29 MLIR_ops=[]
[visit_enter] AST=Constant line=29 MLIR_ops=[]
[visit_enter] AST=Name line=29 MLIR_ops=[]
[visit_enter] AST=Name line=29 MLIR_ops=[]
[visit_enter] AST=Name line=29 MLIR_ops=[]
[visit_enter] AST=list line=0 MLIR_ops=[]
[visit_enter] AST=Assign line=20 MLIR_ops=[]
[visit_enter] AST=Name line=20 MLIR_ops=[]
[visit_enter] AST=Name line=20 MLIR_ops=[]
[visit_enter] AST=Assign line=21 MLIR_ops=[]
[visit_enter] AST=Name line=21 MLIR_ops=[]
[visit_enter] AST=Name line=21 MLIR_ops=[]
[visit_enter] AST=Assign line=22 MLIR_ops=[]
[visit_enter] AST=Tuple line=22 MLIR_ops=[]
[visit_enter] AST=Name line=22 MLIR_ops=[]
[visit_enter] AST=Name line=22 MLIR_ops=[]
[visit_enter] AST=Name line=22 MLIR_ops=[]
[visit_enter] AST=Name line=22 MLIR_ops=[]
[visit_enter] AST=Assign line=23 MLIR_ops=[]
[visit_enter] AST=BinOp line=23 MLIR_ops=[]
[visit_enter] AST=BinOp line=23 MLIR_ops=[]
[visit_enter] AST=Call line=23 MLIR_ops=[]
[visit_enter] AST=Attribute line=23 MLIR_ops=[]
[visit_enter] AST=Name line=23 MLIR_ops=[]
[visit_enter] AST=Name line=23 MLIR_ops=[]
[visit_enter] AST=Name line=23 MLIR_ops=[]
[visit_enter] AST=Name line=23 MLIR_ops=[]
[visit_enter] AST=Name line=23 MLIR_ops=[]
[visit_enter] AST=Name line=23 MLIR_ops=[]
[visit_enter] AST=Assign line=24 MLIR_ops=[]
[visit_enter] AST=BinOp line=24 MLIR_ops=[]
[visit_enter] AST=BinOp line=24 MLIR_ops=[]
[visit_enter] AST=Call line=24 MLIR_ops=[]
[visit_enter] AST=Attribute line=24 MLIR_ops=[]
[visit_enter] AST=Name line=24 MLIR_ops=[]
[visit_enter] AST=Name line=24 MLIR_ops=[]
[visit_enter] AST=Name line=24 MLIR_ops=[]
[visit_enter] AST=Name line=24 MLIR_ops=[]
[visit_enter] AST=Name line=24 MLIR_ops=[]
[visit_enter] AST=Name line=24 MLIR_ops=[]
[visit_enter] AST=Assign line=25 MLIR_ops=[]
[visit_enter] AST=Call line=25 MLIR_ops=[]
[visit_enter] AST=Attribute line=25 MLIR_ops=[]
[visit_enter] AST=Name line=25 MLIR_ops=[]
[visit_enter] AST=keyword line=25 MLIR_ops=[]
[visit_enter] AST=Constant line=25 MLIR_ops=[]
[visit_enter] AST=Name line=25 MLIR_ops=[]
[visit_enter] AST=Name line=25 MLIR_ops=[]
[visit_enter] AST=Name line=25 MLIR_ops=[]
[visit_enter] AST=Assign line=26 MLIR_ops=[]
[visit_enter] AST=Call line=26 MLIR_ops=[]
[visit_enter] AST=Attribute line=26 MLIR_ops=[]
[visit_enter] AST=Name line=26 MLIR_ops=[]
[visit_enter] AST=keyword line=26 MLIR_ops=[]
[visit_enter] AST=Constant line=26 MLIR_ops=[]
[visit_enter] AST=Name line=26 MLIR_ops=[]
[visit_enter] AST=Name line=26 MLIR_ops=[]
[visit_enter] AST=Name line=26 MLIR_ops=[]
[visit_enter] AST=Assign line=28 MLIR_ops=[]
[visit_enter] AST=Call line=28 MLIR_ops=[]
[visit_enter] AST=Attribute line=28 MLIR_ops=[]
[visit_enter] AST=Name line=28 MLIR_ops=[]
[visit_enter] AST=keyword line=28 MLIR_ops=[]
[visit_enter] AST=Constant line=28 MLIR_ops=[]
[visit_enter] AST=Name line=28 MLIR_ops=[]
[visit_enter] AST=Name line=28 MLIR_ops=[]
[visit_enter] AST=Name line=28 MLIR_ops=[]
[visit_enter] AST=Assign line=29 MLIR_ops=[]
[visit_enter] AST=Call line=29 MLIR_ops=[]
[visit_enter] AST=Attribute line=29 MLIR_ops=[]
[visit_enter] AST=Name line=29 MLIR_ops=[]
[visit_enter] AST=keyword line=29 MLIR_ops=[]
[visit_enter] AST=Constant line=29 MLIR_ops=[]
[visit_enter] AST=Name line=29 MLIR_ops=[]
[visit_enter] AST=Name line=29 MLIR_ops=[]
[visit_enter] AST=Name line=29 MLIR_ops=[]
[visit_enter] AST=Return line=30 MLIR_ops=[]
[visit_enter] AST=Tuple line=30 MLIR_ops=[]
[visit_enter] AST=Name line=30 MLIR_ops=[]
[visit_enter] AST=Name line=30 MLIR_ops=[]
[visit_enter] AST=Name line=30 MLIR_ops=[]
[visit_enter] AST=Name line=30 MLIR_ops=[]
[visit_enter] AST=Name line=12 MLIR_ops=[]
[visit_enter] AST=Name line=12 MLIR_ops=[]
[visit_enter] AST=Name line=12 MLIR_ops=[]
[visit_enter] AST=Name line=12 MLIR_ops=[]
[visit_enter] AST=Return line=13 MLIR_ops=[]
[visit_enter] AST=Name line=13 MLIR_ops=[]
[visit_enter] AST=Name line=9 MLIR_ops=[]
[visit_enter] AST=Return line=10 MLIR_ops=[]
[visit_enter] AST=Call line=10 MLIR_ops=[]
[visit_enter] AST=Name line=10 MLIR_ops=[]
[visit_enter] AST=Name line=10 MLIR_ops=[]
[visit_enter] AST=Module line=0 MLIR_ops=[]
[visit_enter] AST=FunctionDef line=1 MLIR_ops=[]
[visit_enter] AST=arguments line=0 MLIR_ops=[]
[visit_enter] AST=arg line=1 MLIR_ops=[]
[visit_enter] AST=list line=0 MLIR_ops=[]
[visit_enter] AST=Expr line=2 MLIR_ops=[]
[visit_enter] AST=Constant line=2 MLIR_ops=[]
[visit_enter] AST=If line=8 MLIR_ops=[]
[visit_enter] AST=BoolOp line=8 MLIR_ops=[]
[visit_enter] AST=Call line=8 MLIR_ops=[]
[visit_enter] AST=Attribute line=8 MLIR_ops=[]
[visit_enter] AST=Name line=8 MLIR_ops=[]
[visit_enter] AST=Compare line=8 MLIR_ops=[]
[visit_enter] AST=Attribute line=8 MLIR_ops=[]
[visit_enter] AST=Name line=8 MLIR_ops=[]
[visit_enter] AST=Attribute line=8 MLIR_ops=[]
[visit_enter] AST=Name line=8 MLIR_ops=[]
[visit_enter] AST=list line=0 MLIR_ops=[]
[visit_enter] AST=Assign line=10 MLIR_ops=[]
[visit_enter] AST=Call line=10 MLIR_ops=[]
[visit_enter] AST=Attribute line=10 MLIR_ops=[]
[visit_enter] AST=Name line=10 MLIR_ops=[]
[visit_enter] AST=keyword line=10 MLIR_ops=[]
[visit_enter] AST=Constant line=10 MLIR_ops=[]
[visit_enter] AST=Attribute line=10 MLIR_ops=[]
[visit_enter] AST=Name line=10 MLIR_ops=[]
[visit_enter] AST=Name line=10 MLIR_ops=[]
[visit_enter] AST=Assign line=11 MLIR_ops=[]
[visit_enter] AST=Constant line=11 MLIR_ops=[]
[visit_enter] AST=Name line=11 MLIR_ops=[]
[visit_enter] AST=Assign line=16 MLIR_ops=[]
[visit_enter] AST=Call line=16 MLIR_ops=[]
[visit_enter] AST=Attribute line=16 MLIR_ops=[]
[visit_enter] AST=Name line=16 MLIR_ops=[]
[visit_enter] AST=Compare line=16 MLIR_ops=[]
[visit_enter] AST=Name line=16 MLIR_ops=[]
[visit_enter] AST=Constant line=16 MLIR_ops=[]
[visit_enter] AST=BinOp line=16 MLIR_ops=[]
[visit_enter] AST=UnaryOp line=16 MLIR_ops=[]
[visit_enter] AST=Name line=16 MLIR_ops=[]
[visit_enter] AST=Constant line=16 MLIR_ops=[]
[visit_enter] AST=Name line=16 MLIR_ops=[]
[visit_enter] AST=Name line=16 MLIR_ops=[]
[visit_enter] AST=Return line=17 MLIR_ops=[]
[visit_enter] AST=BinOp line=17 MLIR_ops=[]
[visit_enter] AST=Name line=17 MLIR_ops=[]
[visit_enter] AST=Name line=17 MLIR_ops=[]
[visit_enter] AST=Name line=3 MLIR_ops=[]
[visit_enter] AST=Expr line=4 MLIR_ops=['set_loc', 'set_loc']
[visit_enter] AST=Call line=4 MLIR_ops=['set_loc', 'set_loc', 'set_loc', 'set_loc', 'set_loc', 'set_loc', 'store']
[visit_enter] AST=Attribute line=4 MLIR_ops=['set_loc', 'set_loc']
[visit_enter] AST=Name line=4 MLIR_ops=[]
[visit_enter] AST=BinOp line=4 MLIR_ops=['set_loc', 'set_loc', 'set_loc', 'set_loc', 'splat', 'addptr']
[visit_enter] AST=Name line=4 MLIR_ops=[]
[visit_enter] AST=Name line=4 MLIR_ops=[]
[visit_enter] AST=Name line=4 MLIR_ops=[]
[visit_enter] AST=Module line=0 MLIR_ops=['set_loc', 'set_loc']
[visit_enter] AST=FunctionDef line=1 MLIR_ops=['set_loc']
[visit_enter] AST=arguments line=0 MLIR_ops=['set_loc', 'set_loc', 'set_loc', 'set_loc']
[visit_enter] AST=arg line=1 MLIR_ops=[]
[visit_enter] AST=arg line=1 MLIR_ops=[]
[visit_enter] AST=list line=0 MLIR_ops=['set_loc', 'set_loc', 'set_loc', 'set_loc', 'set_loc', 'set_loc', 'set_loc', 'set_loc', 'set_loc', 'set_loc']
[visit_enter] AST=Assign line=2 MLIR_ops=['set_loc', 'set_loc', 'set_loc', 'set_loc']
[visit_enter] AST=Call line=2 MLIR_ops=['set_loc', 'set_loc', 'set_loc', 'set_loc', 'get.program.id']
[visit_enter] AST=Attribute line=2 MLIR_ops=['set_loc', 'set_loc']
[visit_enter] AST=Name line=2 MLIR_ops=[]
[visit_enter] AST=Constant line=2 MLIR_ops=[]
[visit_enter] AST=Name line=2 MLIR_ops=[]
[visit_enter] AST=Assign line=2 MLIR_ops=['set_loc', 'set_loc', 'set_loc', 'set_loc']
[visit_enter] AST=BinOp line=2 MLIR_ops=['set_loc', 'set_loc', 'set_loc', 'set_loc', 'splat', 'int.cast', 'int.cast', 'add', 'splat', 'icmpSLE', 'splat', 'icmpSGE', 'and', 'add']
[visit_enter] AST=BinOp line=2 MLIR_ops=['set_loc', 'set_loc', 'set_loc', 'set_loc', 'int.cast', 'int.cast', 'mul', 'icmpSLE', 'icmpSGE', 'and', 'mul']
[visit_enter] AST=Name line=2 MLIR_ops=[]
[visit_enter] AST=Constant line=2 MLIR_ops=[]
[visit_enter] AST=Call line=2 MLIR_ops=['set_loc', 'set_loc', 'set_loc', 'set_loc', 'set_loc', 'set_loc', 'make.range']
[visit_enter] AST=Attribute line=2 MLIR_ops=['set_loc', 'set_loc']
[visit_enter] AST=Name line=2 MLIR_ops=[]
[visit_enter] AST=Constant line=2 MLIR_ops=[]
[visit_enter] AST=Constant line=2 MLIR_ops=[]
[visit_enter] AST=Name line=2 MLIR_ops=[]
[visit_enter] AST=Assign line=3 MLIR_ops=['set_loc', 'set_loc', 'set_loc', 'set_loc']
[visit_enter] AST=Call line=3 MLIR_ops=['set_loc', 'set_loc', 'set_loc', 'set_loc', 'load']
[visit_enter] AST=Attribute line=3 MLIR_ops=['set_loc', 'set_loc']
[visit_enter] AST=Name line=3 MLIR_ops=[]
[visit_enter] AST=BinOp line=3 MLIR_ops=['set_loc', 'set_loc', 'set_loc', 'set_loc', 'splat', 'addptr']
[visit_enter] AST=Name line=3 MLIR_ops=[]
[visit_enter] AST=Name line=3 MLIR_ops=[]
[visit_enter] AST=Name line=3 MLIR_ops=[]
[visit_enter] AST=Assign line=3 MLIR_ops=['set_loc', 'set_loc', 'set_loc', 'set_loc']
[visit_enter] AST=Call line=3 MLIR_ops=['set_loc', 'set_loc', 'set_loc', 'set_loc', 'set_loc', 'set_loc', 'set_loc', 'set_loc', 'scan', 'block.with.parent', 'scan.ret']
[visit_enter] AST=Attribute line=3 MLIR_ops=['set_loc', 'set_loc']
[visit_enter] AST=Name line=3 MLIR_ops=[]
[visit_enter] AST=keyword line=3 MLIR_ops=['set_loc', 'set_loc']
[visit_enter] AST=Constant line=3 MLIR_ops=[]
[visit_enter] AST=keyword line=3 MLIR_ops=['set_loc', 'set_loc']
[visit_enter] AST=Name line=3 MLIR_ops=[]
[visit_enter] AST=Name line=3 MLIR_ops=[]
[visit_enter] AST=Module line=0 MLIR_ops=[]
[visit_enter] AST=FunctionDef line=1 MLIR_ops=[]
[visit_enter] AST=arguments line=0 MLIR_ops=[]
[visit_enter] AST=arg line=1 MLIR_ops=[]
[visit_enter] AST=arg line=1 MLIR_ops=[]
[visit_enter] AST=list line=0 MLIR_ops=[]
[visit_enter] AST=Return line=1 MLIR_ops=[]
[visit_enter] AST=BinOp line=1 MLIR_ops=[]
[visit_enter] AST=Name line=1 MLIR_ops=[]
[visit_enter] AST=Name line=1 MLIR_ops=[]
[visit_enter] AST=Name line=3 MLIR_ops=[]
[visit_enter] AST=Expr line=4 MLIR_ops=['set_loc', 'set_loc']
[visit_enter] AST=Call line=4 MLIR_ops=['set_loc', 'set_loc', 'set_loc', 'set_loc', 'set_loc', 'set_loc', 'store']
[visit_enter] AST=Attribute line=4 MLIR_ops=['set_loc', 'set_loc']
[visit_enter] AST=Name line=4 MLIR_ops=[]
[visit_enter] AST=BinOp line=4 MLIR_ops=['set_loc', 'set_loc', 'set_loc', 'set_loc', 'splat', 'addptr']
[visit_enter] AST=Name line=4 MLIR_ops=[]
[visit_enter] AST=Name line=4 MLIR_ops=[]
[visit_enter] AST=Name line=4 MLIR_ops=[]
[visit_enter] AST=Module line=0 MLIR_ops=['set_loc', 'set_loc']
[visit_enter] AST=FunctionDef line=1 MLIR_ops=['set_loc']
[visit_enter] AST=arguments line=0 MLIR_ops=['set_loc', 'set_loc', 'set_loc', 'set_loc']
[visit_enter] AST=arg line=1 MLIR_ops=[]
[visit_enter] AST=arg line=1 MLIR_ops=[]
[visit_enter] AST=list line=0 MLIR_ops=['set_loc', 'set_loc', 'set_loc', 'set_loc', 'set_loc', 'set_loc', 'set_loc', 'set_loc', 'set_loc', 'set_loc', 'set_loc', 'set_loc']
[visit_enter] AST=Assign line=2 MLIR_ops=['set_loc', 'set_loc', 'set_loc', 'set_loc']
[visit_enter] AST=Call line=2 MLIR_ops=['set_loc', 'set_loc', 'set_loc', 'set_loc', 'get.program.id']
[visit_enter] AST=Attribute line=2 MLIR_ops=['set_loc', 'set_loc']
[visit_enter] AST=Name line=2 MLIR_ops=[]
[visit_enter] AST=Constant line=2 MLIR_ops=[]
[visit_enter] AST=Name line=2 MLIR_ops=[]
[visit_enter] AST=Assign line=2 MLIR_ops=['set_loc', 'set_loc', 'set_loc', 'set_loc']
[visit_enter] AST=BinOp line=2 MLIR_ops=['set_loc', 'set_loc', 'set_loc', 'set_loc', 'splat', 'int.cast', 'int.cast', 'add', 'splat', 'icmpSLE', 'splat', 'icmpSGE', 'and', 'add']
[visit_enter] AST=BinOp line=2 MLIR_ops=['set_loc', 'set_loc', 'set_loc', 'set_loc', 'int.cast', 'int.cast', 'mul', 'icmpSLE', 'icmpSGE', 'and', 'mul']
[visit_enter] AST=Name line=2 MLIR_ops=[]
[visit_enter] AST=Constant line=2 MLIR_ops=[]
[visit_enter] AST=Call line=2 MLIR_ops=['set_loc', 'set_loc', 'set_loc', 'set_loc', 'set_loc', 'set_loc', 'make.range']
[visit_enter] AST=Attribute line=2 MLIR_ops=['set_loc', 'set_loc']
[visit_enter] AST=Name line=2 MLIR_ops=[]
[visit_enter] AST=Constant line=2 MLIR_ops=[]
[visit_enter] AST=Constant line=2 MLIR_ops=[]
[visit_enter] AST=Name line=2 MLIR_ops=[]
[visit_enter] AST=Assign line=3 MLIR_ops=['set_loc', 'set_loc', 'set_loc', 'set_loc']
[visit_enter] AST=Call line=3 MLIR_ops=['set_loc', 'set_loc', 'set_loc', 'set_loc', 'load']
[visit_enter] AST=Attribute line=3 MLIR_ops=['set_loc', 'set_loc']
[visit_enter] AST=Name line=3 MLIR_ops=[]
[visit_enter] AST=BinOp line=3 MLIR_ops=['set_loc', 'set_loc', 'set_loc', 'set_loc', 'splat', 'addptr']
[visit_enter] AST=Name line=3 MLIR_ops=[]
[visit_enter] AST=Name line=3 MLIR_ops=[]
[visit_enter] AST=Name line=3 MLIR_ops=[]
[visit_enter] AST=Assign line=3 MLIR_ops=['set_loc', 'set_loc', 'set_loc', 'set_loc']
[visit_enter] AST=Call line=3 MLIR_ops=['set_loc', 'set_loc', 'set_loc', 'set_loc', 'fp.to.si']
[visit_enter] AST=Attribute line=3 MLIR_ops=['set_loc', 'set_loc']
[visit_enter] AST=Name line=3 MLIR_ops=[]
[visit_enter] AST=Attribute line=3 MLIR_ops=['set_loc', 'set_loc']
[visit_enter] AST=Name line=3 MLIR_ops=[]
[visit_enter] AST=Name line=3 MLIR_ops=[]
[visit_enter] AST=Assign line=3 MLIR_ops=['set_loc', 'set_loc', 'set_loc', 'set_loc']
[visit_enter] AST=Call line=3 MLIR_ops=['set_loc', 'set_loc', 'set_loc', 'set_loc', 'set_loc', 'set_loc', 'histogram']
[visit_enter] AST=Attribute line=3 MLIR_ops=['set_loc', 'set_loc']
[visit_enter] AST=Name line=3 MLIR_ops=[]
[visit_enter] AST=keyword line=3 MLIR_ops=['set_loc', 'set_loc']
[visit_enter] AST=Constant line=3 MLIR_ops=[]
[visit_enter] AST=Name line=3 MLIR_ops=[]
[visit_enter] AST=Name line=3 MLIR_ops=[]
[visit_enter] AST=Expr line=4 MLIR_ops=['set_loc', 'set_loc']
[visit_enter] AST=Call line=4 MLIR_ops=['set_loc', 'set_loc', 'set_loc', 'set_loc', 'set_loc', 'set_loc', 'si.to.fp', 'store']
[visit_enter] AST=Attribute line=4 MLIR_ops=['set_loc', 'set_loc']
[visit_enter] AST=Name line=4 MLIR_ops=[]
[visit_enter] AST=BinOp line=4 MLIR_ops=['set_loc', 'set_loc', 'set_loc', 'set_loc', 'splat', 'addptr']
[visit_enter] AST=BinOp line=4 MLIR_ops=['set_loc', 'set_loc', 'set_loc', 'set_loc', 'addptr']
[visit_enter] AST=Name line=4 MLIR_ops=[]
[visit_enter] AST=BinOp line=4 MLIR_ops=['set_loc', 'set_loc', 'set_loc', 'set_loc', 'int.cast', 'int.cast', 'mul', 'icmpSLE', 'icmpSGE', 'and', 'mul']
[visit_enter] AST=Name line=4 MLIR_ops=[]
[visit_enter] AST=Constant line=4 MLIR_ops=[]
[visit_enter] AST=Call line=4 MLIR_ops=['set_loc', 'set_loc', 'set_loc', 'set_loc', 'set_loc', 'set_loc', 'make.range']
[visit_enter] AST=Attribute line=4 MLIR_ops=['set_loc', 'set_loc']
[visit_enter] AST=Name line=4 MLIR_ops=[]
[visit_enter] AST=Constant line=4 MLIR_ops=[]
[visit_enter] AST=Constant line=4 MLIR_ops=[]
[visit_enter] AST=Name line=4 MLIR_ops=[]

## 统计: AST 节点 visit 次数
  Name: 3969
  Attribute: 1089
  Call: 840
  Constant: 833
  Assign: 751
  BinOp: 633
  arg: 508
  keyword: 303
  list: 291
  Module: 177
  FunctionDef: 177
  arguments: 177
  Return: 156
  Compare: 149
  List: 88
  Load: 88
  AnnAssign: 82
  Expr: 79
  If: 40
  IfExp: 24
  For: 20
  Subscript: 18
  Tuple: 14
  BoolOp: 6
  Slice: 5
  UnaryOp: 5

## 统计: AST → MLIR op 生成对应
  AnnAssign:
  Assign:
    → set_loc: 408
  Attribute:
    → set_loc: 262
  BinOp:
    → set_loc: 444
    → splat: 101
    → int.cast: 92
    → mul: 56
    → addptr: 55
    → icmpSLE: 46
    → icmpSGE: 46
    → and: 46
    → add: 36
    → fadd: 4
    → fmul: 2
    → or: 1
    → xor: 1
    → shl: 1
    → ashr: 1
  BoolOp:
  Call:
    → set_loc: 654
    → make.range: 27
    → load: 25
    → get.program.id: 21
    → store: 20
    → si.to.fp: 6
    → fp.to.si: 3
    → reshape: 3
    → atomic.rmw: 3
    → broadcast: 2
    → expand.dims: 1
    → trans: 1
    → minnumf: 1
    → maxnumf: 1
    → cat: 1
    → log: 1
    → sin: 1
    → cos: 1
    → rsqrt: 1
    → scan: 1
    → block.with.parent: 1
    → scan.ret: 1
    → histogram: 1
  Compare:
  Constant:
  Expr:
    → set_loc: 47
  For:
  FunctionDef:
    → set_loc: 21
  If:
  IfExp:
  List:
    → set_loc: 15
  Load:
  Module:
    → set_loc: 41
  Name:
  Return:
  Slice:
  Subscript:
    → set_loc: 4
    → expand.dims: 1
  Tuple:
    → set_loc: 4
  UnaryOp:
    → set_loc: 2
    → splat: 1
    → xor: 1
  arg:
  arguments:
    → set_loc: 92
  keyword:
    → set_loc: 32
  list:
    → set_loc: 251
